background.js:16 [AI Prompt Queue] [LoadState] State loaded from storage Object
background.js:16 [AI Prompt Queue] [LoadState] State loaded from storage Object
background.js:16 [AI Prompt Queue] [LoadState] State loaded from storage Object
background.js:16 [AI Prompt Queue] [LoadState] State loaded from storage Object
background.js:16 [AI Prompt Queue] [LoadState] State loaded from storage Object
background.js:16 [AI Prompt Queue] [LoadState] State loaded from storage Object
background.js:16 [AI Prompt Queue] [LoadState] State loaded from storage Object
background.js:16 [AI Prompt Queue] [LoadState] State loaded from storage Object
background.js:16 [AI Prompt Queue] [LoadState] State loaded from storage Object
background.js:16 [AI Prompt Queue] [LoadState] State loaded from storage Object
background.js:16 [AI Prompt Queue] [LoadState] State loaded from storage Object
background.js:16 [AI Prompt Queue] [LoadState] State loaded from storage Object
background.js:16 [AI Prompt Queue] [LoadState] State loaded from storage Object
background.js:16 [AI Prompt Queue] [LoadState] State loaded from storage Object
background.js:16 [AI Prompt Queue] [LoadState] State loaded from storage Object
background.js:16 [AI Prompt Queue] [LoadState] State loaded from storage Object
background.js:16 [AI Prompt Queue] [LoadState] State loaded from storage Object
background.js:16 [AI Prompt Queue] [LoadState] State loaded from storage Object
background.js:16 [AI Prompt Queue] [LoadState] State loaded from storage Object
background.js:16 [AI Prompt Queue] [LoadState] State loaded from storage Object
background.js:16 [AI Prompt Queue] [LoadState] State loaded from storage Object
background.js:16 [AI Prompt Queue] [LoadState] State loaded from storage Object
background.js:16 [AI Prompt Queue] [LoadState] State loaded from storage Object
background.js:16 [AI Prompt Queue] [LoadState] State loaded from storage Object
background.js:16 [AI Prompt Queue] [LoadState] State loaded from storage Object
background.js:16 [AI Prompt Queue] [LoadState] State loaded from storage Object
background.js:16 [AI Prompt Queue] [LoadState] State loaded from storage Object
background.js:16 [AI Prompt Queue] [LoadState] State loaded from storage Object
background.js:16 [AI Prompt Queue] [LoadState] State loaded from storage Object
background.js:16 [AI Prompt Queue] [LoadState] State loaded from storage Object
background.js:16 [AI Prompt Queue] [LoadState] State loaded from storage Object
background.js:16 [AI Prompt Queue] [LoadState] State loaded from storage Object
background.js:16 [AI Prompt Queue] [LoadState] State loaded from storage Object
background.js:16 [AI Prompt Queue] [LoadState] State loaded from storage Object
background.js:16 [AI Prompt Queue] [LoadState] State loaded from storage Object
background.js:16 [AI Prompt Queue] [LoadState] State loaded from storage Object
background.js:16 [AI Prompt Queue] [LoadState] State loaded from storage Object
background.js:16 [AI Prompt Queue] [LoadState] State loaded from storage Object
background.js:16 [AI Prompt Queue] [LoadState] State loaded from storage Object
background.js:16 [AI Prompt Queue] [LoadState] State loaded from storage Object
background.js:16 [AI Prompt Queue] [LoadState] State loaded from storage Object
background.js:16 [AI Prompt Queue] [LoadState] State loaded from storage Object
background.js:16 [AI Prompt Queue] [LoadState] State loaded from storage Object
background.js:16 [AI Prompt Queue] [LoadState] State loaded from storage Object
background.js:16 [AI Prompt Queue] [LoadState] State loaded from storage Object
background.js:16 [AI Prompt Queue] [LoadState] State loaded from storage Object
background.js:16 [AI Prompt Queue] [LoadState] State loaded from storage Object
background.js:16 [AI Prompt Queue] [LoadState] State loaded from storage Object
background.js:16 [AI Prompt Queue] [LoadState] State loaded from storage Object
background.js:16 [AI Prompt Queue] [LoadState] State loaded from storage Object
background.js:16 [AI Prompt Queue] [LoadState] State loaded from storage Object
background.js:16 [AI Prompt Queue] [LoadState] State loaded from storage Object
background.js:16 [AI Prompt Queue] [LoadState] State loaded from storage Object
background.js:16 [AI Prompt Queue] [LoadState] State loaded from storage Object
background.js:16 [AI Prompt Queue] [LoadState] State loaded from storage Object
background.js:16 [AI Prompt Queue] [LoadState] State loaded from storage Object
background.js:16 [AI Prompt Queue] [LoadState] State loaded from storage Object
background.js:16 [AI Prompt Queue] [LoadState] State loaded from storage Object
background.js:16 [AI Prompt Queue] [LoadState] State loaded from storage Object
background.js:16 [AI Prompt Queue] [LoadState] State loaded from storage Object
background.js:16 [AI Prompt Queue] [LoadState] State loaded from storage Object
background.js:16 [AI Prompt Queue] [LoadState] State loaded from storage Object
background.js:16 [AI Prompt Queue] [LoadState] State loaded from storage Object
background.js:16 [AI Prompt Queue] [StartAutomation] Received request Object
background.js:16 [AI Prompt Queue] [LoadState] State loaded from storage Object
background.js:16 [AI Prompt Queue] [Parallel] Starting fan-out run Object
background.js:16 [AI Prompt Queue] [LoadState] State loaded from storage Object
background.js:16 [AI Prompt Queue] [Parallel] Worker tab prelaunched Object
background.js:16 [AI Prompt Queue] [LoadState] State loaded from storage Object
background.js:16 [AI Prompt Queue] [LoadState] State loaded from storage Object
background.js:16 [AI Prompt Queue] [LoadState] State loaded from storage Object
background.js:16 [AI Prompt Queue] [LoadState] State loaded from storage Object
background.js:16 [AI Prompt Queue] [LoadState] State loaded from storage Object
background.js:16 [AI Prompt Queue] [LoadState] State loaded from storage Object
background.js:16 [AI Prompt Queue] [LoadState] State loaded from storage Object
background.js:16 [AI Prompt Queue] [LoadState] State loaded from storage Object
background.js:16 [AI Prompt Queue] [LoadState] State loaded from storage Object
background.js:16 [AI Prompt Queue] [LoadState] State loaded from storage Object
background.js:16 [AI Prompt Queue] [LoadState] State loaded from storage Object
background.js:16 [AI Prompt Queue] [LoadState] State loaded from storage Object
background.js:16 [AI Prompt Queue] [LoadState] State loaded from storage Object
background.js:16 [AI Prompt Queue] [LoadState] State loaded from storage Object
background.js:16 [AI Prompt Queue] [Parallel] Worker tab prelaunched Object
background.js:16 [AI Prompt Queue] [LoadState] State loaded from storage Object
background.js:16 [AI Prompt Queue] [LoadState] State loaded from storage Object
background.js:16 [AI Prompt Queue] [LoadState] State loaded from storage Object
background.js:16 [AI Prompt Queue] [LoadState] State loaded from storage Object
background.js:16 [AI Prompt Queue] [LoadState] State loaded from storage Object
background.js:16 [AI Prompt Queue] [LoadState] State loaded from storage Object
background.js:16 [AI Prompt Queue] [LoadState] State loaded from storage Object
background.js:16 [AI Prompt Queue] [LoadState] State loaded from storage Object
background.js:16 [AI Prompt Queue] [LoadState] State loaded from storage Object
background.js:16 [AI Prompt Queue] [LoadState] State loaded from storage Object
background.js:16 [AI Prompt Queue] [LoadState] State loaded from storage Object
background.js:16 [AI Prompt Queue] [LoadState] State loaded from storage Object
background.js:16 [AI Prompt Queue] [LoadState] State loaded from storage Object
background.js:16 [AI Prompt Queue] [Parallel] Worker tab prelaunched Object
background.js:16 [AI Prompt Queue] [LoadState] State loaded from storage Object
background.js:16 [AI Prompt Queue] [LoadState] State loaded from storage Object
background.js:16 [AI Prompt Queue] [Health] Tick Object
background.js:16 [AI Prompt Queue] [LoadState] State loaded from storage Object
background.js:16 [AI Prompt Queue] [LoadState] State loaded from storage Object
background.js:16 [AI Prompt Queue] [LoadState] State loaded from storage Object
background.js:16 [AI Prompt Queue] [LoadState] State loaded from storage Object
background.js:16 [AI Prompt Queue] [LoadState] State loaded from storage Object
background.js:16 [AI Prompt Queue] [LoadState] State loaded from storage Object
background.js:16 [AI Prompt Queue] [LoadState] State loaded from storage Object
background.js:16 [AI Prompt Queue] [LoadState] State loaded from storage Object
background.js:16 [AI Prompt Queue] [LoadState] State loaded from storage Object
background.js:16 [AI Prompt Queue] [TestConnection] Error: Object
(anonymous) @ background.js:16
background.js:16 [AI Prompt Queue] [LoadState] State loaded from storage Object
background.js:16 [AI Prompt Queue] [LoadState] State loaded from storage Object
background.js:16 [AI Prompt Queue] [LoadState] State loaded from storage Object
background.js:16 [AI Prompt Queue] [LoadState] State loaded from storage Object
background.js:16 [AI Prompt Queue] [LoadState] State loaded from storage Object
background.js:16 [AI Prompt Queue] [LoadState] State loaded from storage Object
background.js:16 [AI Prompt Queue] [LoadState] State loaded from storage Object
background.js:16 [AI Prompt Queue] [Parallel] Worker tab prelaunched Object
background.js:16 [AI Prompt Queue] [LoadState] State loaded from storage Object
background.js:16 [AI Prompt Queue] [LoadState] State loaded from storage Object
background.js:16 [AI Prompt Queue] [TestConnection] Error: Object
(anonymous) @ background.js:16
background.js:16 [AI Prompt Queue] [LoadState] State loaded from storage Object
background.js:16 [AI Prompt Queue] [LoadState] State loaded from storage Object
background.js:16 [AI Prompt Queue] [LoadState] State loaded from storage Object
background.js:16 [AI Prompt Queue] [LoadState] State loaded from storage Object
background.js:16 [AI Prompt Queue] [LoadState] State loaded from storage Object
background.js:16 [AI Prompt Queue] [LoadState] State loaded from storage Object
background.js:16 [AI Prompt Queue] [LoadState] State loaded from storage Object
background.js:16 [AI Prompt Queue] [LoadState] State loaded from storage Object
background.js:16 [AI Prompt Queue] [TestConnection] Error: Object
(anonymous) @ background.js:16
background.js:16 [AI Prompt Queue] [LoadState] State loaded from storage Object
background.js:16 [AI Prompt Queue] [LoadState] State loaded from storage Object
background.js:16 [AI Prompt Queue] [LoadState] State loaded from storage Object
background.js:16 [AI Prompt Queue] [LoadState] State loaded from storage Object
background.js:16 [AI Prompt Queue] [LoadState] State loaded from storage Object
background.js:16 [AI Prompt Queue] [LoadState] State loaded from storage Object
background.js:16 [AI Prompt Queue] [LoadState] State loaded from storage Object
background.js:16 [AI Prompt Queue] [LoadState] State loaded from storage Object
background.js:16 [AI Prompt Queue] [Parallel] Worker tab prelaunched Object
background.js:16 [AI Prompt Queue] [LoadState] State loaded from storage Object
background.js:16 [AI Prompt Queue] [LoadState] State loaded from storage Object
background.js:16 [AI Prompt Queue] [LoadState] State loaded from storage Object
background.js:16 [AI Prompt Queue] [LoadState] State loaded from storage Object
background.js:16 [AI Prompt Queue] [LoadState] State loaded from storage Object
background.js:16 [AI Prompt Queue] [TestConnection] Error: Object
(anonymous) @ background.js:16
background.js:16 [AI Prompt Queue] [LoadState] State loaded from storage Object
background.js:16 [AI Prompt Queue] [LoadState] State loaded from storage Object
background.js:16 [AI Prompt Queue] [LoadState] State loaded from storage Object
background.js:16 [AI Prompt Queue] [LoadState] State loaded from storage Object
background.js:16 [AI Prompt Queue] [LoadState] State loaded from storage Object
background.js:16 [AI Prompt Queue] [LoadState] State loaded from storage Object
background.js:16 [AI Prompt Queue] [LoadState] State loaded from storage Object
background.js:16 [AI Prompt Queue] [LoadState] State loaded from storage Object
background.js:16 [AI Prompt Queue] [LoadState] State loaded from storage Object
background.js:16 [AI Prompt Queue] [LoadState] State loaded from storage Object
background.js:16 [AI Prompt Queue] [LoadState] State loaded from storage Object
background.js:16 [AI Prompt Queue] [Parallel] Worker tab prelaunched Object
background.js:16 [AI Prompt Queue] [LoadState] State loaded from storage Object
background.js:16 [AI Prompt Queue] [LoadState] State loaded from storage Object
background.js:16 [AI Prompt Queue] [Health] Tick Object
background.js:16 [AI Prompt Queue] [LoadState] State loaded from storage Object
background.js:16 [AI Prompt Queue] [LoadState] State loaded from storage Object
background.js:16 [AI Prompt Queue] [LoadState] State loaded from storage Object
background.js:16 [AI Prompt Queue] [LoadState] State loaded from storage Object
background.js:16 [AI Prompt Queue] [LoadState] State loaded from storage Object
background.js:16 [AI Prompt Queue] [LoadState] State loaded from storage Object
background.js:16 [AI Prompt Queue] [LoadState] State loaded from storage Object
background.js:16 [AI Prompt Queue] [LoadState] State loaded from storage Object
background.js:16 [AI Prompt Queue] [LoadState] State loaded from storage Object
background.js:16 [AI Prompt Queue] [LoadState] State loaded from storage Object
background.js:16 [AI Prompt Queue] [LoadState] State loaded from storage Object
background.js:16 [AI Prompt Queue] [LoadState] State loaded from storage Object
background.js:16 [AI Prompt Queue] [LoadState] State loaded from storage Object
background.js:16 [AI Prompt Queue] [TestConnection] Error: Object
(anonymous) @ background.js:16
background.js:16 [AI Prompt Queue] [LoadState] State loaded from storage Object
background.js:16 [AI Prompt Queue] [LoadState] State loaded from storage Object
background.js:16 [AI Prompt Queue] [LoadState] State loaded from storage Object
background.js:16 [AI Prompt Queue] [LoadState] State loaded from storage Object
background.js:16 [AI Prompt Queue] [Parallel] Worker tab prelaunched Object
background.js:16 [AI Prompt Queue] [LoadState] State loaded from storage Object
background.js:16 [AI Prompt Queue] [LoadState] State loaded from storage Object
background.js:16 [AI Prompt Queue] [LoadState] State loaded from storage Object
background.js:16 [AI Prompt Queue] [LoadState] State loaded from storage Object
background.js:16 [AI Prompt Queue] [LoadState] State loaded from storage Object
background.js:16 [AI Prompt Queue] [TestConnection] Error: Object
(anonymous) @ background.js:16
background.js:16 [AI Prompt Queue] [LoadState] State loaded from storage Object
background.js:16 [AI Prompt Queue] [LoadState] State loaded from storage Object
background.js:16 [AI Prompt Queue] [LoadState] State loaded from storage Object
background.js:16 [AI Prompt Queue] [LoadState] State loaded from storage Object
background.js:16 [AI Prompt Queue] [LoadState] State loaded from storage Object
background.js:16 [AI Prompt Queue] [LoadState] State loaded from storage Object
background.js:16 [AI Prompt Queue] [LoadState] State loaded from storage Object
background.js:16 [AI Prompt Queue] [LoadState] State loaded from storage Object
background.js:16 [AI Prompt Queue] [LoadState] State loaded from storage Object
background.js:16 [AI Prompt Queue] [LoadState] State loaded from storage Object
background.js:16 [AI Prompt Queue] [LoadState] State loaded from storage Object
background.js:16 [AI Prompt Queue] [LoadState] State loaded from storage Object
background.js:16 [AI Prompt Queue] [Parallel] Worker tab prelaunched Object
background.js:16 [AI Prompt Queue] [LoadState] State loaded from storage Object
background.js:16 [AI Prompt Queue] [LoadState] State loaded from storage Object
background.js:16 [AI Prompt Queue] [LoadState] State loaded from storage Object
background.js:16 [AI Prompt Queue] [LoadState] State loaded from storage Object
background.js:16 [AI Prompt Queue] [LoadState] State loaded from storage Object
background.js:16 [AI Prompt Queue] [LoadState] State loaded from storage Object
background.js:16 [AI Prompt Queue] [LoadState] State loaded from storage Object
background.js:16 [AI Prompt Queue] [LoadState] State loaded from storage Object
background.js:16 [AI Prompt Queue] [LoadState] State loaded from storage Object
background.js:16 [AI Prompt Queue] [LoadState] State loaded from storage Object
background.js:16 [AI Prompt Queue] [LoadState] State loaded from storage Object
background.js:16 [AI Prompt Queue] [LoadState] State loaded from storage Object
background.js:16 [AI Prompt Queue] [LoadState] State loaded from storage Object
background.js:16 [AI Prompt Queue] [LoadState] State loaded from storage Object
background.js:16 [AI Prompt Queue] [LoadState] State loaded from storage Object
background.js:16 [AI Prompt Queue] [LoadState] State loaded from storage Object
background.js:16 [AI Prompt Queue] [Health] Tick Object
background.js:16 [AI Prompt Queue] [LoadState] State loaded from storage Object
background.js:16 [AI Prompt Queue] [TestConnection] Error: Object
(anonymous) @ background.js:16
background.js:16 [AI Prompt Queue] [TestConnection] Error: Object
(anonymous) @ background.js:16
background.js:16 [AI Prompt Queue] [LoadState] State loaded from storage Object
background.js:16 [AI Prompt Queue] [LoadState] State loaded from storage Object
background.js:16 [AI Prompt Queue] [LoadState] State loaded from storage Object
background.js:16 [AI Prompt Queue] [LoadState] State loaded from storage Object
background.js:16 [AI Prompt Queue] [LoadState] State loaded from storage Object
background.js:16 [AI Prompt Queue] [TestConnection] Error: Object
(anonymous) @ background.js:16
background.js:16 [AI Prompt Queue] [LoadState] State loaded from storage Object
background.js:16 [AI Prompt Queue] [LoadState] State loaded from storage Object
background.js:16 [AI Prompt Queue] [LoadState] State loaded from storage Object
background.js:16 [AI Prompt Queue] [LoadState] State loaded from storage Object
background.js:16 [AI Prompt Queue] [LoadState] State loaded from storage Object
background.js:16 [AI Prompt Queue] [LoadState] State loaded from storage Object
background.js:16 [AI Prompt Queue] [LoadState] State loaded from storage Object
background.js:16 [AI Prompt Queue] [LoadState] State loaded from storage Object
background.js:16 [AI Prompt Queue] [LoadState] State loaded from storage Object
background.js:16 [AI Prompt Queue] [LoadState] State loaded from storage Object
background.js:16 [AI Prompt Queue] [LoadState] State loaded from storage Object
background.js:16 [AI Prompt Queue] [LoadState] State loaded from storage Object
background.js:16 [AI Prompt Queue] [LoadState] State loaded from storage Object
background.js:16 [AI Prompt Queue] [LoadState] State loaded from storage Object
background.js:16 [AI Prompt Queue] [LoadState] State loaded from storage Object
background.js:16 [AI Prompt Queue] [LoadState] State loaded from storage Object
background.js:16 [AI Prompt Queue] [LoadState] State loaded from storage Object
background.js:16 [AI Prompt Queue] [LoadState] State loaded from storage Object
background.js:16 [AI Prompt Queue] [LoadState] State loaded from storage Object
background.js:16 [AI Prompt Queue] [LoadState] State loaded from storage Object
background.js:16 [AI Prompt Queue] [LoadState] State loaded from storage Object
background.js:16 [AI Prompt Queue] [LoadState] State loaded from storage Object
background.js:16 [AI Prompt Queue] [LoadState] State loaded from storage Object
background.js:16 [AI Prompt Queue] [LoadState] State loaded from storage Object
background.js:16 [AI Prompt Queue] [LoadState] State loaded from storage Object
background.js:16 [AI Prompt Queue] [LoadState] State loaded from storage Object
background.js:16 [AI Prompt Queue] [LoadState] State loaded from storage Object
background.js:16 [AI Prompt Queue] [LoadState] State loaded from storage Object
background.js:16 [AI Prompt Queue] [LoadState] State loaded from storage Object
background.js:16 [AI Prompt Queue] [LoadState] State loaded from storage Object
background.js:16 [AI Prompt Queue] [LoadState] State loaded from storage Object
background.js:16 [AI Prompt Queue] [LoadState] State loaded from storage Object
background.js:16 [AI Prompt Queue] [LoadState] State loaded from storage Object
background.js:16 [AI Prompt Queue] [LoadState] State loaded from storage Object
background.js:16 [AI Prompt Queue] [LoadState] State loaded from storage Object
background.js:16 [AI Prompt Queue] [LoadState] State loaded from storage Object
background.js:16 [AI Prompt Queue] [LoadState] State loaded from storage Object
background.js:16 [AI Prompt Queue] [LoadState] State loaded from storage Object
background.js:16 [AI Prompt Queue] [LoadState] State loaded from storage Object
background.js:16 [AI Prompt Queue] [LoadState] State loaded from storage Object
background.js:16 [AI Prompt Queue] [LoadState] State loaded from storage Object
background.js:16 [AI Prompt Queue] [LoadState] State loaded from storage Object
background.js:16 [AI Prompt Queue] [LoadState] State loaded from storage Object
 [AI Prompt Queue] [LoadState] State loaded from storage Object
 [AI Prompt Queue] [Health] Tick Object
 [AI Prompt Queue] [LoadState] State loaded from storage Object
 [AI Prompt Queue] [LoadState] State loaded from storage Object
 [AI Prompt Queue] [LoadState] State loaded from storage Object
 [AI Prompt Queue] [LoadState] State loaded from storage Object
 [AI Prompt Queue] [LoadState] State loaded from storage Object
 [AI Prompt Queue] [LoadState] State loaded from storage Object
 [AI Prompt Queue] [LoadState] State loaded from storage Object
 [AI Prompt Queue] [LoadState] State loaded from storage Object
 [AI Prompt Queue] [LoadState] State loaded from storage Object
 [AI Prompt Queue] [LoadState] State loaded from storage Object
 [AI Prompt Queue] [LoadState] State loaded from storage Object
 [AI Prompt Queue] [LoadState] State loaded from storage Object
 [AI Prompt Queue] [LoadState] State loaded from storage Object
 [AI Prompt Queue] [LoadState] State loaded from storage Object
 [AI Prompt Queue] [LoadState] State loaded from storage Object
 [AI Prompt Queue] [LoadState] State loaded from storage Object
 [AI Prompt Queue] [LoadState] State loaded from storage Object
 [AI Prompt Queue] [LoadState] State loaded from storage Object
 [AI Prompt Queue] [LoadState] State loaded from storage Object
 [AI Prompt Queue] [LoadState] State loaded from storage Object
 [AI Prompt Queue] [LoadState] State loaded from storage Object
 [AI Prompt Queue] [LoadState] State loaded from storage Object
 [AI Prompt Queue] [LoadState] State loaded from storage Object
 [AI Prompt Queue] [LoadState] State loaded from storage Object
 [AI Prompt Queue] [LoadState] State loaded from storage Object
 [AI Prompt Queue] [LoadState] State loaded from storage Object
 [AI Prompt Queue] [LoadState] State loaded from storage Object
 [AI Prompt Queue] [LoadState] State loaded from storage Object
 [AI Prompt Queue] [LoadState] State loaded from storage Object
 [AI Prompt Queue] [LoadState] State loaded from storage Object
 [AI Prompt Queue] [LoadState] State loaded from storage Object
 [AI Prompt Queue] [LoadState] State loaded from storage Object
 [AI Prompt Queue] [LoadState] State loaded from storage Object
 [AI Prompt Queue] [LoadState] State loaded from storage Object
 [AI Prompt Queue] [LoadState] State loaded from storage Object
 [AI Prompt Queue] [LoadState] State loaded from storage Object
 [AI Prompt Queue] [LoadState] State loaded from storage Object
 [AI Prompt Queue] [LoadState] State loaded from storage Object
 [AI Prompt Queue] [LoadState] State loaded from storage Object
 [AI Prompt Queue] [LoadState] State loaded from storage Object
 [AI Prompt Queue] [LoadState] State loaded from storage Object
 [AI Prompt Queue] [LoadState] State loaded from storage Object
 [AI Prompt Queue] [LoadState] State loaded from storage Object
 [AI Prompt Queue] [LoadState] State loaded from storage Object
 [AI Prompt Queue] [LoadState] State loaded from storage Object
 [AI Prompt Queue] [LoadState] State loaded from storage Object
 [AI Prompt Queue] [LoadState] State loaded from storage Object
 [AI Prompt Queue] [LoadState] State loaded from storage Object
 [AI Prompt Queue] [LoadState] State loaded from storage Object
 [AI Prompt Queue] [Health] Tick Object
 [AI Prompt Queue] [LoadState] State loaded from storage Object
 [AI Prompt Queue] [LoadState] State loaded from storage Object
 [AI Prompt Queue] [LoadState] State loaded from storage Object
 [AI Prompt Queue] [LoadState] State loaded from storage Object
 [AI Prompt Queue] [LoadState] State loaded from storage Object
 [AI Prompt Queue] [LoadState] State loaded from storage Object
 [AI Prompt Queue] [LoadState] State loaded from storage Object
 [AI Prompt Queue] [LoadState] State loaded from storage Object
 [AI Prompt Queue] [LoadState] State loaded from storage Object
 [AI Prompt Queue] [LoadState] State loaded from storage Object
 [AI Prompt Queue] [LoadState] State loaded from storage Object
 [AI Prompt Queue] [LoadState] State loaded from storage Object
 [AI Prompt Queue] [LoadState] State loaded from storage Object
 [AI Prompt Queue] [LoadState] State loaded from storage Object
 [AI Prompt Queue] [LoadState] State loaded from storage Object
 [AI Prompt Queue] [LoadState] State loaded from storage Object
 [AI Prompt Queue] [LoadState] State loaded from storage Object
 [AI Prompt Queue] [LoadState] State loaded from storage Object
 [AI Prompt Queue] [LoadState] State loaded from storage Object
 [AI Prompt Queue] [LoadState] State loaded from storage Object
 [AI Prompt Queue] [LoadState] State loaded from storage Object
 [AI Prompt Queue] [LoadState] State loaded from storage Object
 [AI Prompt Queue] [LoadState] State loaded from storage Object
 [AI Prompt Queue] [LoadState] State loaded from storage Object
 [AI Prompt Queue] [LoadState] State loaded from storage Object
 [AI Prompt Queue] [LoadState] State loaded from storage Object
 [AI Prompt Queue] [LoadState] State loaded from storage Object
 [AI Prompt Queue] [LoadState] State loaded from storage Object
 [AI Prompt Queue] [LoadState] State loaded from storage Object
 [AI Prompt Queue] [LoadState] State loaded from storage Object
 [AI Prompt Queue] [LoadState] State loaded from storage Object
 [AI Prompt Queue] [LoadState] State loaded from storage Object
 [AI Prompt Queue] [LoadState] State loaded from storage Object
 [AI Prompt Queue] [LoadState] State loaded from storage Object
 [AI Prompt Queue] [LoadState] State loaded from storage Object
 [AI Prompt Queue] [LoadState] State loaded from storage Object
 [AI Prompt Queue] [LoadState] State loaded from storage Object
 [AI Prompt Queue] [LoadState] State loaded from storage Object
 [AI Prompt Queue] [LoadState] State loaded from storage Object
 [AI Prompt Queue] [LoadState] State loaded from storage Object
 [AI Prompt Queue] [LoadState] State loaded from storage Object
 [AI Prompt Queue] [LoadState] State loaded from storage Object
 [AI Prompt Queue] [LoadState] State loaded from storage Object
 [AI Prompt Queue] [LoadState] State loaded from storage Object
 [AI Prompt Queue] [LoadState] State loaded from storage Object
 [AI Prompt Queue] [LoadState] State loaded from storage Object
 [AI Prompt Queue] [LoadState] State loaded from storage Object
 [AI Prompt Queue] [LoadState] State loaded from storage Object
 [AI Prompt Queue] [Health] Tick Object
 [AI Prompt Queue] [LoadState] State loaded from storage Object
 [AI Prompt Queue] [LoadState] State loaded from storage Object
 [AI Prompt Queue] [LoadState] State loaded from storage Object
 [AI Prompt Queue] [LoadState] State loaded from storage Object
 [AI Prompt Queue] [LoadState] State loaded from storage Object
 [AI Prompt Queue] [LoadState] State loaded from storage Object
 [AI Prompt Queue] [LoadState] State loaded from storage Object
 [AI Prompt Queue] [LoadState] State loaded from storage Object
 [AI Prompt Queue] [LoadState] State loaded from storage Object
 [AI Prompt Queue] [LoadState] State loaded from storage Object
 [AI Prompt Queue] [LoadState] State loaded from storage Object
 [AI Prompt Queue] [LoadState] State loaded from storage Object
 [AI Prompt Queue] [LoadState] State loaded from storage Object
 [AI Prompt Queue] [LoadState] State loaded from storage Object
 [AI Prompt Queue] [LoadState] State loaded from storage Object
 [AI Prompt Queue] [LoadState] State loaded from storage Object
 [AI Prompt Queue] [LoadState] State loaded from storage Object
 [AI Prompt Queue] [LoadState] State loaded from storage Object
 [AI Prompt Queue] [LoadState] State loaded from storage Object
 [AI Prompt Queue] [LoadState] State loaded from storage Object
 [AI Prompt Queue] [LoadState] State loaded from storage Object
 [AI Prompt Queue] [LoadState] State loaded from storage Object
 [AI Prompt Queue] [LoadState] State loaded from storage Object
 [AI Prompt Queue] [LoadState] State loaded from storage Object
 [AI Prompt Queue] [LoadState] State loaded from storage Object
 [AI Prompt Queue] [LoadState] State loaded from storage Object
 [AI Prompt Queue] [LoadState] State loaded from storage Object
 [AI Prompt Queue] [LoadState] State loaded from storage Object
 [AI Prompt Queue] [LoadState] State loaded from storage Object
 [AI Prompt Queue] [LoadState] State loaded from storage Object
 [AI Prompt Queue] [LoadState] State loaded from storage Object
 [AI Prompt Queue] [LoadState] State loaded from storage Object
 [AI Prompt Queue] [LoadState] State loaded from storage Object
 [AI Prompt Queue] [LoadState] State loaded from storage Object
 [AI Prompt Queue] [LoadState] State loaded from storage Object
 [AI Prompt Queue] [LoadState] State loaded from storage Object
 [AI Prompt Queue] [LoadState] State loaded from storage Object
 [AI Prompt Queue] [LoadState] State loaded from storage Object
 [AI Prompt Queue] [LoadState] State loaded from storage Object
 [AI Prompt Queue] [LoadState] State loaded from storage Object
 [AI Prompt Queue] [LoadState] State loaded from storage Object
 [AI Prompt Queue] [LoadState] State loaded from storage Object
 [AI Prompt Queue] [LoadState] State loaded from storage Object
 [AI Prompt Queue] [LoadState] State loaded from storage Object
 [AI Prompt Queue] [LoadState] State loaded from storage Object
 [AI Prompt Queue] [LoadState] State loaded from storage Object
 [AI Prompt Queue] [LoadState] State loaded from storage Object
 [AI Prompt Queue] [LoadState] State loaded from storage Object
 [AI Prompt Queue] [Health] Tick Object
 [AI Prompt Queue] [LoadState] State loaded from storage Object
 [AI Prompt Queue] [LoadState] State loaded from storage Object
 [AI Prompt Queue] [LoadState] State loaded from storage Object
 [AI Prompt Queue] [LoadState] State loaded from storage Object
 [AI Prompt Queue] [LoadState] State loaded from storage Object
 [AI Prompt Queue] [LoadState] State loaded from storage Object
 [AI Prompt Queue] [LoadState] State loaded from storage Object
 [AI Prompt Queue] [LoadState] State loaded from storage Object
 [AI Prompt Queue] [LoadState] State loaded from storage Object
 [AI Prompt Queue] [LoadState] State loaded from storage Object
 [AI Prompt Queue] [LoadState] State loaded from storage Object
 [AI Prompt Queue] [LoadState] State loaded from storage Object
 [AI Prompt Queue] [LoadState] State loaded from storage Object
 [AI Prompt Queue] [LoadState] State loaded from storage Object
 [AI Prompt Queue] [LoadState] State loaded from storage Object
 [AI Prompt Queue] [LoadState] State loaded from storage Object
 [AI Prompt Queue] [LoadState] State loaded from storage Object
 [AI Prompt Queue] [LoadState] State loaded from storage Object
 [AI Prompt Queue] [LoadState] State loaded from storage Object
 [AI Prompt Queue] [LoadState] State loaded from storage Object
 [AI Prompt Queue] [LoadState] State loaded from storage Object
 [AI Prompt Queue] [LoadState] State loaded from storage Object
 [AI Prompt Queue] [LoadState] State loaded from storage Object
 [AI Prompt Queue] [LoadState] State loaded from storage Object
 [AI Prompt Queue] [LoadState] State loaded from storage Object
 [AI Prompt Queue] [LoadState] State loaded from storage Object
 [AI Prompt Queue] [LoadState] State loaded from storage Object
 [AI Prompt Queue] [LoadState] State loaded from storage Object
 [AI Prompt Queue] [LoadState] State loaded from storage Object
 [AI Prompt Queue] [LoadState] State loaded from storage Object
 [AI Prompt Queue] [LoadState] State loaded from storage Object
 [AI Prompt Queue] [LoadState] State loaded from storage Object
 [AI Prompt Queue] [LoadState] State loaded from storage Object
 [AI Prompt Queue] [LoadState] State loaded from storage Object
 [AI Prompt Queue] [LoadState] State loaded from storage Object
 [AI Prompt Queue] [LoadState] State loaded from storage Object
 [AI Prompt Queue] [LoadState] State loaded from storage Object
 [AI Prompt Queue] [LoadState] State loaded from storage Object
 [AI Prompt Queue] [LoadState] State loaded from storage Object
 [AI Prompt Queue] [LoadState] State loaded from storage Object
 [AI Prompt Queue] [LoadState] State loaded from storage Object
 [AI Prompt Queue] [LoadState] State loaded from storage Object
 [AI Prompt Queue] [LoadState] State loaded from storage Object
 [AI Prompt Queue] [LoadState] State loaded from storage Object
 [AI Prompt Queue] [LoadState] State loaded from storage Object
 [AI Prompt Queue] [LoadState] State loaded from storage Object
 [AI Prompt Queue] [LoadState] State loaded from storage Object
 [AI Prompt Queue] [LoadState] State loaded from storage Object
 [AI Prompt Queue] [Health] Tick Object
 [AI Prompt Queue] [LoadState] State loaded from storage Object
 [AI Prompt Queue] [LoadState] State loaded from storage Object
 [AI Prompt Queue] [LoadState] State loaded from storage Object
 [AI Prompt Queue] [LoadState] State loaded from storage Object
 [AI Prompt Queue] [LoadState] State loaded from storage Object
 [AI Prompt Queue] [LoadState] State loaded from storage Object
 [AI Prompt Queue] [LoadState] State loaded from storage Object
 [AI Prompt Queue] [LoadState] State loaded from storage Object
 [AI Prompt Queue] [LoadState] State loaded from storage Object
 [AI Prompt Queue] [LoadState] State loaded from storage Object
 [AI Prompt Queue] [LoadState] State loaded from storage Object
 [AI Prompt Queue] [LoadState] State loaded from storage Object
 [AI Prompt Queue] [LoadState] State loaded from storage Object
 [AI Prompt Queue] [LoadState] State loaded from storage Object
 [AI Prompt Queue] [LoadState] State loaded from storage Object
 [AI Prompt Queue] [LoadState] State loaded from storage Object
 [AI Prompt Queue] [LoadState] State loaded from storage Object
 [AI Prompt Queue] [LoadState] State loaded from storage Object
 [AI Prompt Queue] [LoadState] State loaded from storage Object
 [AI Prompt Queue] [LoadState] State loaded from storage Object
 [AI Prompt Queue] [LoadState] State loaded from storage Object
 [AI Prompt Queue] [LoadState] State loaded from storage Object
 [AI Prompt Queue] [LoadState] State loaded from storage Object
 [AI Prompt Queue] [LoadState] State loaded from storage Object
 [AI Prompt Queue] [LoadState] State loaded from storage Object
 [AI Prompt Queue] [LoadState] State loaded from storage Object
 [AI Prompt Queue] [LoadState] State loaded from storage Object
 [AI Prompt Queue] [LoadState] State loaded from storage Object
 [AI Prompt Queue] [LoadState] State loaded from storage Object
 [AI Prompt Queue] [LoadState] State loaded from storage Object
 [AI Prompt Queue] [LoadState] State loaded from storage Object
 [AI Prompt Queue] [LoadState] State loaded from storage Object
 [AI Prompt Queue] [LoadState] State loaded from storage Object
 [AI Prompt Queue] [LoadState] State loaded from storage Object
 [AI Prompt Queue] [LoadState] State loaded from storage Object
 [AI Prompt Queue] [LoadState] State loaded from storage Object
 [AI Prompt Queue] [LoadState] State loaded from storage Object
 [AI Prompt Queue] [LoadState] State loaded from storage Object
 [AI Prompt Queue] [LoadState] State loaded from storage Object
 [AI Prompt Queue] [LoadState] State loaded from storage Object
 [AI Prompt Queue] [LoadState] State loaded from storage Object
 [AI Prompt Queue] [LoadState] State loaded from storage Object
 [AI Prompt Queue] [LoadState] State loaded from storage Object
 [AI Prompt Queue] [LoadState] State loaded from storage Object
 [AI Prompt Queue] [LoadState] State loaded from storage Object
 [AI Prompt Queue] [LoadState] State loaded from storage Object
 [AI Prompt Queue] [LoadState] State loaded from storage Object
 [AI Prompt Queue] [LoadState] State loaded from storage Object
 [AI Prompt Queue] [Health] Tick Object
 [AI Prompt Queue] [LoadState] State loaded from storage Object
 [AI Prompt Queue] [LoadState] State loaded from storage Object
 [AI Prompt Queue] [LoadState] State loaded from storage Object
 [AI Prompt Queue] [LoadState] State loaded from storage Object
 [AI Prompt Queue] [LoadState] State loaded from storage Object
 [AI Prompt Queue] [LoadState] State loaded from storage Object
 [AI Prompt Queue] [LoadState] State loaded from storage Object
 [AI Prompt Queue] [LoadState] State loaded from storage Object
 [AI Prompt Queue] [LoadState] State loaded from storage Object
 [AI Prompt Queue] [LoadState] State loaded from storage Object
background.js:16 [AI Prompt Queue] [LoadState] State loaded from storage Object
background.js:16 [AI Prompt Queue] [LoadState] State loaded from storage Object
background.js:16 [AI Prompt Queue] [LoadState] State loaded from storage Object
background.js:16 [AI Prompt Queue] [LoadState] State loaded from storage Object
background.js:16 [AI Prompt Queue] [LoadState] State loaded from storage Object
background.js:16 [AI Prompt Queue] [LoadState] State loaded from storage Object
background.js:16 [AI Prompt Queue] [LoadState] State loaded from storage Object
background.js:16 [AI Prompt Queue] [LoadState] State loaded from storage Object
background.js:16 [AI Prompt Queue] [LoadState] State loaded from storage Object
background.js:16 [AI Prompt Queue] [LoadState] State loaded from storage Object
background.js:16 [AI Prompt Queue] [LoadState] State loaded from storage Object
background.js:16 [AI Prompt Queue] [LoadState] State loaded from storage Object
background.js:16 [AI Prompt Queue] [LoadState] State loaded from storage Object
background.js:16 [AI Prompt Queue] [LoadState] State loaded from storage Object
background.js:16 [AI Prompt Queue] [LoadState] State loaded from storage Object
background.js:16 [AI Prompt Queue] [LoadState] State loaded from storage Object
background.js:16 [AI Prompt Queue] [LoadState] State loaded from storage Object
background.js:16 [AI Prompt Queue] [LoadState] State loaded from storage Object
background.js:16 [AI Prompt Queue] [LoadState] State loaded from storage Object
background.js:16 [AI Prompt Queue] [LoadState] State loaded from storage Object
background.js:16 [AI Prompt Queue] [LoadState] State loaded from storage Object
background.js:16 [AI Prompt Queue] [LoadState] State loaded from storage Object
background.js:16 [AI Prompt Queue] [LoadState] State loaded from storage Object
background.js:16 [AI Prompt Queue] [LoadState] State loaded from storage Object
background.js:16 [AI Prompt Queue] [LoadState] State loaded from storage Object
background.js:16 [AI Prompt Queue] [LoadState] State loaded from storage Object
background.js:16 [AI Prompt Queue] [LoadState] State loaded from storage Object
background.js:16 [AI Prompt Queue] [LoadState] State loaded from storage Object
background.js:16 [AI Prompt Queue] [LoadState] State loaded from storage Object
background.js:16 [AI Prompt Queue] [LoadState] State loaded from storage Object
background.js:16 [AI Prompt Queue] [LoadState] State loaded from storage Object
background.js:16 [AI Prompt Queue] [LoadState] State loaded from storage Object
background.js:16 [AI Prompt Queue] [LoadState] State loaded from storage Object
background.js:16 [AI Prompt Queue] [LoadState] State loaded from storage Object
background.js:16 [AI Prompt Queue] [LoadState] State loaded from storage Object
background.js:16 [AI Prompt Queue] [LoadState] State loaded from storage Object
background.js:16 [AI Prompt Queue] [LoadState] State loaded from storage Object
background.js:16 [AI Prompt Queue] [Health] Tick Object
background.js:16 [AI Prompt Queue] [LoadState] State loaded from storage Object
background.js:16 [AI Prompt Queue] [LoadState] State loaded from storage Object
background.js:16 [AI Prompt Queue] [LoadState] State loaded from storage Object
background.js:16 [AI Prompt Queue] [LoadState] State loaded from storage Object
background.js:16 [AI Prompt Queue] [LoadState] State loaded from storage Object
background.js:16 [AI Prompt Queue] [LoadState] State loaded from storage Object
background.js:16 [AI Prompt Queue] [LoadState] State loaded from storage Object
background.js:16 [AI Prompt Queue] [LoadState] State loaded from storage Object
background.js:16 [AI Prompt Queue] [LoadState] State loaded from storage Object
background.js:16 [AI Prompt Queue] [LoadState] State loaded from storage Object
background.js:16 [AI Prompt Queue] [LoadState] State loaded from storage Object
background.js:16 [AI Prompt Queue] [LoadState] State loaded from storage Object
background.js:16 [AI Prompt Queue] [LoadState] State loaded from storage Object
background.js:16 [AI Prompt Queue] [LoadState] State loaded from storage Object
background.js:16 [AI Prompt Queue] [LoadState] State loaded from storage Object
background.js:16 [AI Prompt Queue] [LoadState] State loaded from storage Object
background.js:16 [AI Prompt Queue] [LoadState] State loaded from storage Object
background.js:16 [AI Prompt Queue] [LoadState] State loaded from storage Object
background.js:16 [AI Prompt Queue] [LoadState] State loaded from storage Object
background.js:16 [AI Prompt Queue] [LoadState] State loaded from storage Object
background.js:16 [AI Prompt Queue] [LoadState] State loaded from storage Object
background.js:16 [AI Prompt Queue] [LoadState] State loaded from storage Object
background.js:16 [AI Prompt Queue] [LoadState] State loaded from storage Object
background.js:16 [AI Prompt Queue] [LoadState] State loaded from storage Object
background.js:16 [AI Prompt Queue] [LoadState] State loaded from storage Object
background.js:16 [AI Prompt Queue] [LoadState] State loaded from storage Object
background.js:16 [AI Prompt Queue] [LoadState] State loaded from storage Object
background.js:16 [AI Prompt Queue] [LoadState] State loaded from storage Object
background.js:16 [AI Prompt Queue] [LoadState] State loaded from storage Object
background.js:16 [AI Prompt Queue] [LoadState] State loaded from storage Object
background.js:16 [AI Prompt Queue] [LoadState] State loaded from storage Object
background.js:16 [AI Prompt Queue] [LoadState] State loaded from storage Object
background.js:16 [AI Prompt Queue] [LoadState] State loaded from storage Object
background.js:16 [AI Prompt Queue] [LoadState] State loaded from storage Object
background.js:16 [AI Prompt Queue] [LoadState] State loaded from storage Object
background.js:16 [AI Prompt Queue] [LoadState] State loaded from storage Object
background.js:16 [AI Prompt Queue] [LoadState] State loaded from storage Object
background.js:16 [AI Prompt Queue] [LoadState] State loaded from storage Object
background.js:16 [AI Prompt Queue] [LoadState] State loaded from storage Object
background.js:16 [AI Prompt Queue] [LoadState] State loaded from storage Object
background.js:16 [AI Prompt Queue] [LoadState] State loaded from storage Object
background.js:16 [AI Prompt Queue] [LoadState] State loaded from storage Object
background.js:16 [AI Prompt Queue] [LoadState] State loaded from storage Object
background.js:16 [AI Prompt Queue] [LoadState] State loaded from storage Object
background.js:16 [AI Prompt Queue] [LoadState] State loaded from storage Object
background.js:16 [AI Prompt Queue] [Health] Tick Object
background.js:16 [AI Prompt Queue] [LoadState] State loaded from storage Object
background.js:16 [AI Prompt Queue] [LoadState] State loaded from storage Object
background.js:16 [AI Prompt Queue] [LoadState] State loaded from storage Object
background.js:16 [AI Prompt Queue] [LoadState] State loaded from storage Object
background.js:16 [AI Prompt Queue] [LoadState] State loaded from storage Object
background.js:16 [AI Prompt Queue] [LoadState] State loaded from storage Object
background.js:16 [AI Prompt Queue] [LoadState] State loaded from storage Object
background.js:16 [AI Prompt Queue] [LoadState] State loaded from storage Object
background.js:16 [AI Prompt Queue] [LoadState] State loaded from storage Object
background.js:16 [AI Prompt Queue] [LoadState] State loaded from storage Object
background.js:16 [AI Prompt Queue] [LoadState] State loaded from storage Object
background.js:16 [AI Prompt Queue] [LoadState] State loaded from storage Object
background.js:16 [AI Prompt Queue] [LoadState] State loaded from storage Object
background.js:16 [AI Prompt Queue] [LoadState] State loaded from storage Object
background.js:16 [AI Prompt Queue] [LoadState] State loaded from storage Object
background.js:16 [AI Prompt Queue] [LoadState] State loaded from storage Object
background.js:16 [AI Prompt Queue] [LoadState] State loaded from storage Object
background.js:16 [AI Prompt Queue] [LoadState] State loaded from storage Object
background.js:16 [AI Prompt Queue] [LoadState] State loaded from storage Object
background.js:16 [AI Prompt Queue] [LoadState] State loaded from storage Object
background.js:16 [AI Prompt Queue] [LoadState] State loaded from storage Object
background.js:16 [AI Prompt Queue] [LoadState] State loaded from storage Object
background.js:16 [AI Prompt Queue] [LoadState] State loaded from storage Object
background.js:16 [AI Prompt Queue] [LoadState] State loaded from storage Object
background.js:16 [AI Prompt Queue] [LoadState] State loaded from storage Object
background.js:16 [AI Prompt Queue] [LoadState] State loaded from storage Object
background.js:16 [AI Prompt Queue] [LoadState] State loaded from storage Object
background.js:16 [AI Prompt Queue] [LoadState] State loaded from storage Object
background.js:16 [AI Prompt Queue] [LoadState] State loaded from storage Object
background.js:16 [AI Prompt Queue] [LoadState] State loaded from storage Object
background.js:16 [AI Prompt Queue] [LoadState] State loaded from storage Object
background.js:16 [AI Prompt Queue] [LoadState] State loaded from storage Object
background.js:16 [AI Prompt Queue] [LoadState] State loaded from storage Object
background.js:16 [AI Prompt Queue] [LoadState] State loaded from storage Object
background.js:16 [AI Prompt Queue] [LoadState] State loaded from storage Object
background.js:16 [AI Prompt Queue] [LoadState] State loaded from storage Object
background.js:16 [AI Prompt Queue] [LoadState] State loaded from storage Object
background.js:16 [AI Prompt Queue] [LoadState] State loaded from storage Object
background.js:16 [AI Prompt Queue] [LoadState] State loaded from storage Object
background.js:16 [AI Prompt Queue] [LoadState] State loaded from storage Object
background.js:16 [AI Prompt Queue] [LoadState] State loaded from storage Object
background.js:16 [AI Prompt Queue] [LoadState] State loaded from storage Object
background.js:16 [AI Prompt Queue] [LoadState] State loaded from storage Object
background.js:16 [AI Prompt Queue] [Health] Tick Object
background.js:16 [AI Prompt Queue] [LoadState] State loaded from storage Object
background.js:16 [AI Prompt Queue] [LoadState] State loaded from storage Object
background.js:16 [AI Prompt Queue] [LoadState] State loaded from storage Object
background.js:16 [AI Prompt Queue] [LoadState] State loaded from storage Object
background.js:16 [AI Prompt Queue] [LoadState] State loaded from storage Object
background.js:16 [AI Prompt Queue] [LoadState] State loaded from storage Object
background.js:16 [AI Prompt Queue] [LoadState] State loaded from storage Object
background.js:16 [AI Prompt Queue] [LoadState] State loaded from storage Object
background.js:16 [AI Prompt Queue] [LoadState] State loaded from storage Object
background.js:16 [AI Prompt Queue] [LoadState] State loaded from storage Object
background.js:16 [AI Prompt Queue] [LoadState] State loaded from storage Object
background.js:16 [AI Prompt Queue] [LoadState] State loaded from storage Object
background.js:16 [AI Prompt Queue] [LoadState] State loaded from storage Object
background.js:16 [AI Prompt Queue] [LoadState] State loaded from storage Object
background.js:16 [AI Prompt Queue] [LoadState] State loaded from storage Object
background.js:16 [AI Prompt Queue] [LoadState] State loaded from storage Object
background.js:16 [AI Prompt Queue] [LoadState] State loaded from storage Object
background.js:16 [AI Prompt Queue] [LoadState] State loaded from storage Object
background.js:16 [AI Prompt Queue] [LoadState] State loaded from storage Object
background.js:16 [AI Prompt Queue] [LoadState] State loaded from storage Object
background.js:16 [AI Prompt Queue] [LoadState] State loaded from storage Object
background.js:16 [AI Prompt Queue] [LoadState] State loaded from storage Object
background.js:16 [AI Prompt Queue] [LoadState] State loaded from storage Object
background.js:16 [AI Prompt Queue] [LoadState] State loaded from storage Object
background.js:16 [AI Prompt Queue] [LoadState] State loaded from storage Object
background.js:16 [AI Prompt Queue] [LoadState] State loaded from storage Object
background.js:16 [AI Prompt Queue] [LoadState] State loaded from storage Object
background.js:16 [AI Prompt Queue] [LoadState] State loaded from storage Object
background.js:16 [AI Prompt Queue] [LoadState] State loaded from storage Object
background.js:16 [AI Prompt Queue] [LoadState] State loaded from storage Object
background.js:16 [AI Prompt Queue] [LoadState] State loaded from storage Object
background.js:16 [AI Prompt Queue] [LoadState] State loaded from storage Object
background.js:16 [AI Prompt Queue] [LoadState] State loaded from storage Object
background.js:16 [AI Prompt Queue] [LoadState] State loaded from storage Object
background.js:16 [AI Prompt Queue] [LoadState] State loaded from storage Object
background.js:16 [AI Prompt Queue] [LoadState] State loaded from storage Object
background.js:16 [AI Prompt Queue] [LoadState] State loaded from storage Object
background.js:16 [AI Prompt Queue] [LoadState] State loaded from storage Object
background.js:16 [AI Prompt Queue] [LoadState] State loaded from storage Object
background.js:16 [AI Prompt Queue] [LoadState] State loaded from storage Object
background.js:16 [AI Prompt Queue] [LoadState] State loaded from storage Object
background.js:16 [AI Prompt Queue] [LoadState] State loaded from storage Object
background.js:16 [AI Prompt Queue] [LoadState] State loaded from storage Object
background.js:16 [AI Prompt Queue] [LoadState] State loaded from storage Object
background.js:16 [AI Prompt Queue] [Health] Tick Object
background.js:16 [AI Prompt Queue] [LoadState] State loaded from storage Object
background.js:16 [AI Prompt Queue] [LoadState] State loaded from storage Object
background.js:16 [AI Prompt Queue] [LoadState] State loaded from storage Object
background.js:16 [AI Prompt Queue] [LoadState] State loaded from storage Object
background.js:16 [AI Prompt Queue] [LoadState] State loaded from storage Object
background.js:16 [AI Prompt Queue] [LoadState] State loaded from storage Object
background.js:16 [AI Prompt Queue] [LoadState] State loaded from storage Object
background.js:16 [AI Prompt Queue] [LoadState] State loaded from storage Object
background.js:16 [AI Prompt Queue] [LoadState] State loaded from storage Object
background.js:16 [AI Prompt Queue] [LoadState] State loaded from storage Object
background.js:16 [AI Prompt Queue] [LoadState] State loaded from storage Object
background.js:16 [AI Prompt Queue] [LoadState] State loaded from storage Object
background.js:16 [AI Prompt Queue] [LoadState] State loaded from storage Object
background.js:16 [AI Prompt Queue] [LoadState] State loaded from storage Object
background.js:16 [AI Prompt Queue] [LoadState] State loaded from storage Object
background.js:16 [AI Prompt Queue] [LoadState] State loaded from storage Object
background.js:16 [AI Prompt Queue] [LoadState] State loaded from storage Object
background.js:16 [AI Prompt Queue] [LoadState] State loaded from storage Object
background.js:16 [AI Prompt Queue] [LoadState] State loaded from storage Object
background.js:16 [AI Prompt Queue] [LoadState] State loaded from storage Object
background.js:16 [AI Prompt Queue] [LoadState] State loaded from storage Object
background.js:16 [AI Prompt Queue] [LoadState] State loaded from storage Object
background.js:16 [AI Prompt Queue] [LoadState] State loaded from storage Object
background.js:16 [AI Prompt Queue] [LoadState] State loaded from storage Object
background.js:16 [AI Prompt Queue] [LoadState] State loaded from storage Object
background.js:16 [AI Prompt Queue] [LoadState] State loaded from storage Object
background.js:16 [AI Prompt Queue] [LoadState] State loaded from storage Object
background.js:16 [AI Prompt Queue] [LoadState] State loaded from storage Object
background.js:16 [AI Prompt Queue] [LoadState] State loaded from storage Object
background.js:16 [AI Prompt Queue] [LoadState] State loaded from storage Object
background.js:16 [AI Prompt Queue] [LoadState] State loaded from storage Object
background.js:16 [AI Prompt Queue] [LoadState] State loaded from storage Object
background.js:16 [AI Prompt Queue] [LoadState] State loaded from storage Object
background.js:16 [AI Prompt Queue] [LoadState] State loaded from storage Object
background.js:16 [AI Prompt Queue] [LoadState] State loaded from storage Object
background.js:16 [AI Prompt Queue] [LoadState] State loaded from storage Object
background.js:16 [AI Prompt Queue] [LoadState] State loaded from storage Object
background.js:16 [AI Prompt Queue] [LoadState] State loaded from storage Object
background.js:16 [AI Prompt Queue] [LoadState] State loaded from storage Object
background.js:16 [AI Prompt Queue] [LoadState] State loaded from storage Object
background.js:16 [AI Prompt Queue] [LoadState] State loaded from storage Object
background.js:16 [AI Prompt Queue] [LoadState] State loaded from storage Object
background.js:16 [AI Prompt Queue] [LoadState] State loaded from storage Object
background.js:16 [AI Prompt Queue] [LoadState] State loaded from storage Object
background.js:16 [AI Prompt Queue] [LoadState] State loaded from storage Object
background.js:16 [AI Prompt Queue] [LoadState] State loaded from storage Object
background.js:16 [AI Prompt Queue] [LoadState] State loaded from storage Object
background.js:16 [AI Prompt Queue] [Health] Tick Object
background.js:16 [AI Prompt Queue] [LoadState] State loaded from storage Object
background.js:16 [AI Prompt Queue] [LoadState] State loaded from storage Object
background.js:16 [AI Prompt Queue] [LoadState] State loaded from storage Object
background.js:16 [AI Prompt Queue] [LoadState] State loaded from storage Object
background.js:16 [AI Prompt Queue] [LoadState] State loaded from storage Object
background.js:16 [AI Prompt Queue] [LoadState] State loaded from storage Object
background.js:16 [AI Prompt Queue] [LoadState] State loaded from storage Object
background.js:16 [AI Prompt Queue] [LoadState] State loaded from storage Object
background.js:16 [AI Prompt Queue] [LoadState] State loaded from storage Object
background.js:16 [AI Prompt Queue] [LoadState] State loaded from storage Object
background.js:16 [AI Prompt Queue] [LoadState] State loaded from storage Object
background.js:16 [AI Prompt Queue] [LoadState] State loaded from storage Object
background.js:16 [AI Prompt Queue] [LoadState] State loaded from storage Object
background.js:16 [AI Prompt Queue] [LoadState] State loaded from storage Object
background.js:16 [AI Prompt Queue] [LoadState] State loaded from storage Object
background.js:16 [AI Prompt Queue] [LoadState] State loaded from storage Object
background.js:16 [AI Prompt Queue] [LoadState] State loaded from storage Object
background.js:16 [AI Prompt Queue] [LoadState] State loaded from storage Object
background.js:16 [AI Prompt Queue] [LoadState] State loaded from storage Object
background.js:16 [AI Prompt Queue] [LoadState] State loaded from storage Object
background.js:16 [AI Prompt Queue] [LoadState] State loaded from storage Object
background.js:16 [AI Prompt Queue] [LoadState] State loaded from storage Object
background.js:16 [AI Prompt Queue] [LoadState] State loaded from storage Object
background.js:16 [AI Prompt Queue] [LoadState] State loaded from storage Object
background.js:16 [AI Prompt Queue] [LoadState] State loaded from storage Object
background.js:16 [AI Prompt Queue] [LoadState] State loaded from storage Object
background.js:16 [AI Prompt Queue] [LoadState] State loaded from storage Object
background.js:16 [AI Prompt Queue] [LoadState] State loaded from storage Object
background.js:16 [AI Prompt Queue] [LoadState] State loaded from storage Object
background.js:16 [AI Prompt Queue] [LoadState] State loaded from storage Object
background.js:16 [AI Prompt Queue] [LoadState] State loaded from storage Object
background.js:16 [AI Prompt Queue] [LoadState] State loaded from storage Object
background.js:16 [AI Prompt Queue] [LoadState] State loaded from storage Object
background.js:16 [AI Prompt Queue] [LoadState] State loaded from storage Object
background.js:16 [AI Prompt Queue] [LoadState] State loaded from storage Object
background.js:16 [AI Prompt Queue] [LoadState] State loaded from storage Object
background.js:16 [AI Prompt Queue] [LoadState] State loaded from storage Object
background.js:16 [AI Prompt Queue] [LoadState] State loaded from storage Object
background.js:16 [AI Prompt Queue] [LoadState] State loaded from storage Object
background.js:16 [AI Prompt Queue] [LoadState] State loaded from storage Object
background.js:16 [AI Prompt Queue] [LoadState] State loaded from storage Object
background.js:16 [AI Prompt Queue] [LoadState] State loaded from storage Object
background.js:16 [AI Prompt Queue] [LoadState] State loaded from storage Object
background.js:16 [AI Prompt Queue] [LoadState] State loaded from storage Object
background.js:16 [AI Prompt Queue] [LoadState] State loaded from storage Object
background.js:16 [AI Prompt Queue] [LoadState] State loaded from storage Object
background.js:16 [AI Prompt Queue] [LoadState] State loaded from storage Object
background.js:16 [AI Prompt Queue] [LoadState] State loaded from storage Object
background.js:16 [AI Prompt Queue] [LoadState] State loaded from storage Object
background.js:16 [AI Prompt Queue] [Health] Tick Object
background.js:16 [AI Prompt Queue] [LoadState] State loaded from storage Object
background.js:16 [AI Prompt Queue] [LoadState] State loaded from storage Object
background.js:16 [AI Prompt Queue] [LoadState] State loaded from storage Object
background.js:16 [AI Prompt Queue] [LoadState] State loaded from storage Object
background.js:16 [AI Prompt Queue] [LoadState] State loaded from storage Object
background.js:16 [AI Prompt Queue] [LoadState] State loaded from storage Object
background.js:16 [AI Prompt Queue] [LoadState] State loaded from storage Object
background.js:16 [AI Prompt Queue] [LoadState] State loaded from storage Object
background.js:16 [AI Prompt Queue] [LoadState] State loaded from storage Object
background.js:16 [AI Prompt Queue] [LoadState] State loaded from storage Object
background.js:16 [AI Prompt Queue] [LoadState] State loaded from storage Object
background.js:16 [AI Prompt Queue] [LoadState] State loaded from storage Object
background.js:16 [AI Prompt Queue] [LoadState] State loaded from storage Object
background.js:16 [AI Prompt Queue] [LoadState] State loaded from storage Object
background.js:16 [AI Prompt Queue] [LoadState] State loaded from storage Object
background.js:16 [AI Prompt Queue] [LoadState] State loaded from storage Object
background.js:16 [AI Prompt Queue] [LoadState] State loaded from storage Object
background.js:16 [AI Prompt Queue] [LoadState] State loaded from storage Object
background.js:16 [AI Prompt Queue] [LoadState] State loaded from storage Object
background.js:16 [AI Prompt Queue] [LoadState] State loaded from storage Object
background.js:16 [AI Prompt Queue] [LoadState] State loaded from storage Object
background.js:16 [AI Prompt Queue] [LoadState] State loaded from storage Object
background.js:16 [AI Prompt Queue] [LoadState] State loaded from storage Object
background.js:16 [AI Prompt Queue] [LoadState] State loaded from storage Object
background.js:16 [AI Prompt Queue] [LoadState] State loaded from storage Object
background.js:16 [AI Prompt Queue] [LoadState] State loaded from storage Object
background.js:16 [AI Prompt Queue] [LoadState] State loaded from storage Object
background.js:16 [AI Prompt Queue] [LoadState] State loaded from storage Object
background.js:16 [AI Prompt Queue] [LoadState] State loaded from storage Object
background.js:16 [AI Prompt Queue] [LoadState] State loaded from storage Object
background.js:16 [AI Prompt Queue] [LoadState] State loaded from storage Object
background.js:16 [AI Prompt Queue] [LoadState] State loaded from storage Object
background.js:16 [AI Prompt Queue] [LoadState] State loaded from storage Object
background.js:16 [AI Prompt Queue] [LoadState] State loaded from storage Object
background.js:16 [AI Prompt Queue] [LoadState] State loaded from storage Object
background.js:16 [AI Prompt Queue] [LoadState] State loaded from storage Object
background.js:16 [AI Prompt Queue] [LoadState] State loaded from storage Object
background.js:16 [AI Prompt Queue] [LoadState] State loaded from storage Object
background.js:16 [AI Prompt Queue] [LoadState] State loaded from storage Object
background.js:16 [AI Prompt Queue] [LoadState] State loaded from storage Object
background.js:16 [AI Prompt Queue] [LoadState] State loaded from storage Object
background.js:16 [AI Prompt Queue] [LoadState] State loaded from storage Object
background.js:16 [AI Prompt Queue] [LoadState] State loaded from storage Object
background.js:16 [AI Prompt Queue] [LoadState] State loaded from storage Object
background.js:16 [AI Prompt Queue] [LoadState] State loaded from storage Object
background.js:16 [AI Prompt Queue] [LoadState] State loaded from storage Object
background.js:16 [AI Prompt Queue] [LoadState] State loaded from storage Object
background.js:16 [AI Prompt Queue] [LoadState] State loaded from storage Object
background.js:16 [AI Prompt Queue] [Health] Tick Object
background.js:16 [AI Prompt Queue] [LoadState] State loaded from storage Object
background.js:16 [AI Prompt Queue] [LoadState] State loaded from storage Object
background.js:16 [AI Prompt Queue] [LoadState] State loaded from storage Object
background.js:16 [AI Prompt Queue] [LoadState] State loaded from storage Object
background.js:16 [AI Prompt Queue] [LoadState] State loaded from storage Object
background.js:16 [AI Prompt Queue] [LoadState] State loaded from storage Object
background.js:16 [AI Prompt Queue] [LoadState] State loaded from storage Object
background.js:16 [AI Prompt Queue] [LoadState] State loaded from storage Object
background.js:16 [AI Prompt Queue] [LoadState] State loaded from storage Object
background.js:16 [AI Prompt Queue] [LoadState] State loaded from storage Object
background.js:16 [AI Prompt Queue] [LoadState] State loaded from storage Object
background.js:16 [AI Prompt Queue] [LoadState] State loaded from storage Object
background.js:16 [AI Prompt Queue] [LoadState] State loaded from storage Object
background.js:16 [AI Prompt Queue] [LoadState] State loaded from storage Object
background.js:16 [AI Prompt Queue] [LoadState] State loaded from storage Object
background.js:16 [AI Prompt Queue] [LoadState] State loaded from storage Object
background.js:16 [AI Prompt Queue] [LoadState] State loaded from storage Object
background.js:16 [AI Prompt Queue] [LoadState] State loaded from storage Object
background.js:16 [AI Prompt Queue] [LoadState] State loaded from storage Object
background.js:16 [AI Prompt Queue] [LoadState] State loaded from storage Object
background.js:16 [AI Prompt Queue] [LoadState] State loaded from storage Object
background.js:16 [AI Prompt Queue] [LoadState] State loaded from storage Object
background.js:16 [AI Prompt Queue] [LoadState] State loaded from storage Object
background.js:16 [AI Prompt Queue] [LoadState] State loaded from storage Object
background.js:16 [AI Prompt Queue] [LoadState] State loaded from storage Object
background.js:16 [AI Prompt Queue] [LoadState] State loaded from storage Object
background.js:16 [AI Prompt Queue] [LoadState] State loaded from storage Object
background.js:16 [AI Prompt Queue] [LoadState] State loaded from storage Object
background.js:16 [AI Prompt Queue] [LoadState] State loaded from storage Object
background.js:16 [AI Prompt Queue] [LoadState] State loaded from storage Object
background.js:16 [AI Prompt Queue] [LoadState] State loaded from storage Object
background.js:16 [AI Prompt Queue] [LoadState] State loaded from storage Object
background.js:16 [AI Prompt Queue] [LoadState] State loaded from storage Object
background.js:16 [AI Prompt Queue] [LoadState] State loaded from storage Object
background.js:16 [AI Prompt Queue] [LoadState] State loaded from storage Object
background.js:16 [AI Prompt Queue] [LoadState] State loaded from storage Object
background.js:16 [AI Prompt Queue] [LoadState] State loaded from storage Object
background.js:16 [AI Prompt Queue] [LoadState] State loaded from storage Object
background.js:16 [AI Prompt Queue] [LoadState] State loaded from storage Object
background.js:16 [AI Prompt Queue] [LoadState] State loaded from storage Object
background.js:16 [AI Prompt Queue] [LoadState] State loaded from storage Object
background.js:16 [AI Prompt Queue] [LoadState] State loaded from storage Object
background.js:16 [AI Prompt Queue] [LoadState] State loaded from storage Object
background.js:16 [AI Prompt Queue] [LoadState] State loaded from storage Object
background.js:16 [AI Prompt Queue] [LoadState] State loaded from storage Object
background.js:16 [AI Prompt Queue] [LoadState] State loaded from storage Object
background.js:16 [AI Prompt Queue] [LoadState] State loaded from storage Object
background.js:16 [AI Prompt Queue] [LoadState] State loaded from storage Object
background.js:16 [AI Prompt Queue] [Health] Tick Object
background.js:16 [AI Prompt Queue] [LoadState] State loaded from storage Object
background.js:16 [AI Prompt Queue] [LoadState] State loaded from storage Object
background.js:16 [AI Prompt Queue] [LoadState] State loaded from storage Object
background.js:16 [AI Prompt Queue] [LoadState] State loaded from storage Object
background.js:16 [AI Prompt Queue] [LoadState] State loaded from storage Object
background.js:16 [AI Prompt Queue] [LoadState] State loaded from storage Object
background.js:16 [AI Prompt Queue] [LoadState] State loaded from storage Object
background.js:16 [AI Prompt Queue] [LoadState] State loaded from storage Object
background.js:16 [AI Prompt Queue] [LoadState] State loaded from storage Object
background.js:16 [AI Prompt Queue] [LoadState] State loaded from storage Object
background.js:16 [AI Prompt Queue] [LoadState] State loaded from storage Object
background.js:16 [AI Prompt Queue] [LoadState] State loaded from storage Object
background.js:16 [AI Prompt Queue] [LoadState] State loaded from storage Object
background.js:16 [AI Prompt Queue] [LoadState] State loaded from storage Object
background.js:16 [AI Prompt Queue] [LoadState] State loaded from storage Object
background.js:16 [AI Prompt Queue] [LoadState] State loaded from storage Object
background.js:16 [AI Prompt Queue] [LoadState] State loaded from storage Object
background.js:16 [AI Prompt Queue] [LoadState] State loaded from storage Object
background.js:16 [AI Prompt Queue] [LoadState] State loaded from storage Object
background.js:16 [AI Prompt Queue] [LoadState] State loaded from storage Object
background.js:16 [AI Prompt Queue] [LoadState] State loaded from storage Object
background.js:16 [AI Prompt Queue] [LoadState] State loaded from storage Object
background.js:16 [AI Prompt Queue] [LoadState] State loaded from storage Object
background.js:16 [AI Prompt Queue] [LoadState] State loaded from storage Object
background.js:16 [AI Prompt Queue] [LoadState] State loaded from storage Object
background.js:16 [AI Prompt Queue] [LoadState] State loaded from storage Object
background.js:16 [AI Prompt Queue] [LoadState] State loaded from storage Object
background.js:16 [AI Prompt Queue] [LoadState] State loaded from storage Object
background.js:16 [AI Prompt Queue] [LoadState] State loaded from storage Object
background.js:16 [AI Prompt Queue] [LoadState] State loaded from storage Object
background.js:16 [AI Prompt Queue] [LoadState] State loaded from storage Object
background.js:16 [AI Prompt Queue] [LoadState] State loaded from storage Object
background.js:16 [AI Prompt Queue] [LoadState] State loaded from storage Object
background.js:16 [AI Prompt Queue] [LoadState] State loaded from storage Object
background.js:16 [AI Prompt Queue] [LoadState] State loaded from storage Object
background.js:16 [AI Prompt Queue] [LoadState] State loaded from storage Object
background.js:16 [AI Prompt Queue] [LoadState] State loaded from storage Object
background.js:16 [AI Prompt Queue] [LoadState] State loaded from storage Object
background.js:16 [AI Prompt Queue] [LoadState] State loaded from storage Object
background.js:16 [AI Prompt Queue] [LoadState] State loaded from storage Object
background.js:16 [AI Prompt Queue] [LoadState] State loaded from storage Object
background.js:16 [AI Prompt Queue] [LoadState] State loaded from storage Object
background.js:16 [AI Prompt Queue] [LoadState] State loaded from storage Object
background.js:16 [AI Prompt Queue] [LoadState] State loaded from storage Object
background.js:16 [AI Prompt Queue] [LoadState] State loaded from storage Object
background.js:16 [AI Prompt Queue] [LoadState] State loaded from storage Object
background.js:16 [AI Prompt Queue] [LoadState] State loaded from storage Object
background.js:16 [AI Prompt Queue] [LoadState] State loaded from storage Object
background.js:16 [AI Prompt Queue] [Health] Tick Object
background.js:16 [AI Prompt Queue] [LoadState] State loaded from storage Object
background.js:16 [AI Prompt Queue] [LoadState] State loaded from storage Object
background.js:16 [AI Prompt Queue] [LoadState] State loaded from storage Object
background.js:16 [AI Prompt Queue] [LoadState] State loaded from storage Object
background.js:16 [AI Prompt Queue] [LoadState] State loaded from storage Object
background.js:16 [AI Prompt Queue] [LoadState] State loaded from storage Object
background.js:16 [AI Prompt Queue] [LoadState] State loaded from storage Object
background.js:16 [AI Prompt Queue] [LoadState] State loaded from storage Object
background.js:16 [AI Prompt Queue] [LoadState] State loaded from storage Object
background.js:16 [AI Prompt Queue] [LoadState] State loaded from storage Object
background.js:16 [AI Prompt Queue] [LoadState] State loaded from storage Object
background.js:16 [AI Prompt Queue] [LoadState] State loaded from storage Object
background.js:16 [AI Prompt Queue] [LoadState] State loaded from storage Object
background.js:16 [AI Prompt Queue] [LoadState] State loaded from storage Object
background.js:16 [AI Prompt Queue] [LoadState] State loaded from storage Object
background.js:16 [AI Prompt Queue] [LoadState] State loaded from storage Object
background.js:16 [AI Prompt Queue] [LoadState] State loaded from storage Object
background.js:16 [AI Prompt Queue] [LoadState] State loaded from storage Object
background.js:16 [AI Prompt Queue] [LoadState] State loaded from storage Object
background.js:16 [AI Prompt Queue] [LoadState] State loaded from storage Object
background.js:16 [AI Prompt Queue] [LoadState] State loaded from storage Object
background.js:16 [AI Prompt Queue] [LoadState] State loaded from storage Object
background.js:16 [AI Prompt Queue] [LoadState] State loaded from storage Object
background.js:16 [AI Prompt Queue] [LoadState] State loaded from storage Object
background.js:16 [AI Prompt Queue] [LoadState] State loaded from storage Object
background.js:16 [AI Prompt Queue] [LoadState] State loaded from storage Object
background.js:16 [AI Prompt Queue] [LoadState] State loaded from storage Object
background.js:16 [AI Prompt Queue] [LoadState] State loaded from storage Object
background.js:16 [AI Prompt Queue] [LoadState] State loaded from storage Object
background.js:16 [AI Prompt Queue] [LoadState] State loaded from storage Object
background.js:16 [AI Prompt Queue] [LoadState] State loaded from storage Object
background.js:16 [AI Prompt Queue] [LoadState] State loaded from storage Object
background.js:16 [AI Prompt Queue] [LoadState] State loaded from storage Object
background.js:16 [AI Prompt Queue] [LoadState] State loaded from storage Object
background.js:16 [AI Prompt Queue] [LoadState] State loaded from storage Object
background.js:16 [AI Prompt Queue] [LoadState] State loaded from storage Object
background.js:16 [AI Prompt Queue] [Health] Tick Object
background.js:16 [AI Prompt Queue] [LoadState] State loaded from storage Object
background.js:16 [AI Prompt Queue] [LoadState] State loaded from storage Object
background.js:16 [AI Prompt Queue] [LoadState] State loaded from storage Object
background.js:16 [AI Prompt Queue] [LoadState] State loaded from storage Object
background.js:16 [AI Prompt Queue] [LoadState] State loaded from storage Object
background.js:16 [AI Prompt Queue] [LoadState] State loaded from storage Object
background.js:16 [AI Prompt Queue] [LoadState] State loaded from storage Object
background.js:16 [AI Prompt Queue] [LoadState] State loaded from storage Object
background.js:16 [AI Prompt Queue] [LoadState] State loaded from storage Object
background.js:16 [AI Prompt Queue] [LoadState] State loaded from storage Object
background.js:16 [AI Prompt Queue] [LoadState] State loaded from storage Object
background.js:16 [AI Prompt Queue] [LoadState] State loaded from storage Object
background.js:16 [AI Prompt Queue] [LoadState] State loaded from storage Object
background.js:16 [AI Prompt Queue] [LoadState] State loaded from storage Object
background.js:16 [AI Prompt Queue] [LoadState] State loaded from storage Object
background.js:16 [AI Prompt Queue] [LoadState] State loaded from storage Object
background.js:16 [AI Prompt Queue] [LoadState] State loaded from storage Object
background.js:16 [AI Prompt Queue] [LoadState] State loaded from storage Object
background.js:16 [AI Prompt Queue] [LoadState] State loaded from storage Object
background.js:16 [AI Prompt Queue] [LoadState] State loaded from storage Object

background.js:16 [AI Prompt Queue] [LoadState] State loaded from storage {oldState: {…}, newState: {…}}
background.js:16 [AI Prompt Queue] [LoadState] State loaded from storage {oldState: {…}, newState: {…}}
background.js:16 [AI Prompt Queue] [LoadState] State loaded from storage {oldState: {…}, newState: {…}}
background.js:16 [AI Prompt Queue] [LoadState] State loaded from storage {oldState: {…}, newState: {…}}
background.js:16 [AI Prompt Queue] [LoadState] State loaded from storage {oldState: {…}, newState: {…}}
background.js:16 [AI Prompt Queue] [LoadState] State loaded from storage {oldState: {…}, newState: {…}}
background.js:16 [AI Prompt Queue] [LoadState] State loaded from storage {oldState: {…}, newState: {…}}
background.js:16 [AI Prompt Queue] [LoadState] State loaded from storage {oldState: {…}, newState: {…}}
background.js:16 [AI Prompt Queue] [LoadState] State loaded from storage {oldState: {…}, newState: {…}}
background.js:16 [AI Prompt Queue] [LoadState] State loaded from storage {oldState: {…}, newState: {…}}
background.js:16 [AI Prompt Queue] [LoadState] State loaded from storage {oldState: {…}, newState: {…}}
background.js:16 [AI Prompt Queue] [LoadState] State loaded from storage {oldState: {…}, newState: {…}}
background.js:16 [AI Prompt Queue] [LoadState] State loaded from storage {oldState: {…}, newState: {…}}
background.js:16 [AI Prompt Queue] [Health] Tick {running: true, processing: false, promptStartTime: 0, timeSinceActivity: 84600, timeSinceLastRecovery: 1774040491806, …}
background.js:16 [AI Prompt Queue] [LoadState] State loaded from storage {oldState: {…}, newState: {…}}
background.js:16 [AI Prompt Queue] [LoadState] State loaded from storage {oldState: {…}, newState: {…}}
background.js:16 [AI Prompt Queue] [LoadState] State loaded from storage {oldState: {…}, newState: {…}}
background.js:16 [AI Prompt Queue] [LoadState] State loaded from storage {oldState: {…}, newState: {…}}
background.js:16 [AI Prompt Queue] [LoadState] State loaded from storage {oldState: {…}, newState: {…}}
background.js:16 [AI Prompt Queue] [LoadState] State loaded from storage {oldState: {…}, newState: {…}}
background.js:16 [AI Prompt Queue] [LoadState] State loaded from storage {oldState: {…}, newState: {…}}
background.js:16 [AI Prompt Queue] [LoadState] State loaded from storage {oldState: {…}, newState: {…}}
background.js:16 [AI Prompt Queue] [LoadState] State loaded from storage {oldState: {…}, newState: {…}}
background.js:16 [AI Prompt Queue] [LoadState] State loaded from storage {oldState: {…}, newState: {…}}
background.js:16 [AI Prompt Queue] [LoadState] State loaded from storage {oldState: {…}, newState: {…}}
background.js:16 [AI Prompt Queue] [LoadState] State loaded from storage {oldState: {…}, newState: {…}}
background.js:16 [AI Prompt Queue] [LoadState] State loaded from storage {oldState: {…}, newState: {…}}
background.js:16 [AI Prompt Queue] [LoadState] State loaded from storage {oldState: {…}, newState: {…}}
background.js:16 [AI Prompt Queue] [LoadState] State loaded from storage {oldState: {…}, newState: {…}}
background.js:16 [AI Prompt Queue] [LoadState] State loaded from storage {oldState: {…}, newState: {…}}
background.js:16 [AI Prompt Queue] [LoadState] State loaded from storage {oldState: {…}, newState: {…}}
background.js:16 [AI Prompt Queue] [LoadState] State loaded from storage {oldState: {…}, newState: {…}}
background.js:16 [AI Prompt Queue] [LoadState] State loaded from storage {oldState: {…}, newState: {…}}
background.js:16 [AI Prompt Queue] [LoadState] State loaded from storage {oldState: {…}, newState: {…}}
background.js:16 [AI Prompt Queue] [LoadState] State loaded from storage {oldState: {…}, newState: {…}}
background.js:16 [AI Prompt Queue] [LoadState] State loaded from storage {oldState: {…}, newState: {…}}
background.js:16 [AI Prompt Queue] [LoadState] State loaded from storage {oldState: {…}, newState: {…}}
background.js:16 [AI Prompt Queue] [LoadState] State loaded from storage {oldState: {…}, newState: {…}}
background.js:16 [AI Prompt Queue] [LoadState] State loaded from storage {oldState: {…}, newState: {…}}
background.js:16 [AI Prompt Queue] [LoadState] State loaded from storage {oldState: {…}, newState: {…}}
background.js:16 [AI Prompt Queue] [LoadState] State loaded from storage {oldState: {…}, newState: {…}}
background.js:16 [AI Prompt Queue] [LoadState] State loaded from storage {oldState: {…}, newState: {…}}
background.js:16 [AI Prompt Queue] [LoadState] State loaded from storage {oldState: {…}, newState: {…}}
background.js:16 [AI Prompt Queue] [LoadState] State loaded from storage {oldState: {…}, newState: {…}}
background.js:16 [AI Prompt Queue] [LoadState] State loaded from storage {oldState: {…}, newState: {…}}
background.js:16 [AI Prompt Queue] [LoadState] State loaded from storage {oldState: {…}, newState: {…}}
background.js:16 [AI Prompt Queue] [LoadState] State loaded from storage {oldState: {…}, newState: {…}}
background.js:16 [AI Prompt Queue] [LoadState] State loaded from storage {oldState: {…}, newState: {…}}
background.js:16 [AI Prompt Queue] [LoadState] State loaded from storage {oldState: {…}, newState: {…}}
background.js:16 [AI Prompt Queue] [LoadState] State loaded from storage {oldState: {…}, newState: {…}}
background.js:16 [AI Prompt Queue] [LoadState] State loaded from storage {oldState: {…}, newState: {…}}
background.js:16 [AI Prompt Queue] [LoadState] State loaded from storage {oldState: {…}, newState: {…}}
background.js:16 [AI Prompt Queue] [LoadState] State loaded from storage {oldState: {…}, newState: {…}}
background.js:16 [AI Prompt Queue] [LoadState] State loaded from storage {oldState: {…}, newState: {…}}
background.js:16 [AI Prompt Queue] [LoadState] State loaded from storage {oldState: {…}, newState: {…}}
background.js:16 [AI Prompt Queue] [LoadState] State loaded from storage {oldState: {…}, newState: {…}}
background.js:16 [AI Prompt Queue] [LoadState] State loaded from storage {oldState: {…}, newState: {…}}
background.js:16 [AI Prompt Queue] [LoadState] State loaded from storage {oldState: {…}, newState: {…}}
background.js:16 [AI Prompt Queue] [LoadState] State loaded from storage {oldState: {…}, newState: {…}}
background.js:16 [AI Prompt Queue] [Health] Tick {running: true, processing: false, promptStartTime: 0, timeSinceActivity: 89606, timeSinceLastRecovery: 1774040496812, …}
background.js:16 [AI Prompt Queue] [LoadState] State loaded from storage {oldState: {…}, newState: {…}}
background.js:16 [AI Prompt Queue] [LoadState] State loaded from storage {oldState: {…}, newState: {…}}
background.js:16 [AI Prompt Queue] [LoadState] State loaded from storage {oldState: {…}, newState: {…}}
background.js:16 [AI Prompt Queue] [LoadState] State loaded from storage {oldState: {…}, newState: {…}}
background.js:16 [AI Prompt Queue] [LoadState] State loaded from storage {oldState: {…}, newState: {…}}
background.js:16 [AI Prompt Queue] [LoadState] State loaded from storage {oldState: {…}, newState: {…}}
background.js:16 [AI Prompt Queue] [LoadState] State loaded from storage {oldState: {…}, newState: {…}}
background.js:16 [AI Prompt Queue] [LoadState] State loaded from storage {oldState: {…}, newState: {…}}
background.js:16 [AI Prompt Queue] [LoadState] State loaded from storage {oldState: {…}, newState: {…}}
background.js:16 [AI Prompt Queue] [LoadState] State loaded from storage {oldState: {…}, newState: {…}}
background.js:16 [AI Prompt Queue] [LoadState] State loaded from storage {oldState: {…}, newState: {…}}
background.js:16 [AI Prompt Queue] [LoadState] State loaded from storage {oldState: {…}, newState: {…}}
background.js:16 [AI Prompt Queue] [LoadState] State loaded from storage {oldState: {…}, newState: {…}}
background.js:16 [AI Prompt Queue] [LoadState] State loaded from storage {oldState: {…}, newState: {…}}
background.js:16 [AI Prompt Queue] [LoadState] State loaded from storage {oldState: {…}, newState: {…}}
background.js:16 [AI Prompt Queue] [LoadState] State loaded from storage {oldState: {…}, newState: {…}}
background.js:16 [AI Prompt Queue] [LoadState] State loaded from storage {oldState: {…}, newState: {…}}
background.js:16 [AI Prompt Queue] [LoadState] State loaded from storage {oldState: {…}, newState: {…}}
background.js:16 [AI Prompt Queue] [LoadState] State loaded from storage {oldState: {…}, newState: {…}}
background.js:16 [AI Prompt Queue] [LoadState] State loaded from storage {oldState: {…}, newState: {…}}
background.js:16 [AI Prompt Queue] [LoadState] State loaded from storage {oldState: {…}, newState: {…}}
background.js:16 [AI Prompt Queue] [LoadState] State loaded from storage {oldState: {…}, newState: {…}}
background.js:16 [AI Prompt Queue] [LoadState] State loaded from storage {oldState: {…}, newState: {…}}
background.js:16 [AI Prompt Queue] [LoadState] State loaded from storage {oldState: {…}, newState: {…}}
background.js:16 [AI Prompt Queue] [LoadState] State loaded from storage {oldState: {…}, newState: {…}}
background.js:16 [AI Prompt Queue] [LoadState] State loaded from storage {oldState: {…}, newState: {…}}
background.js:16 [AI Prompt Queue] [LoadState] State loaded from storage {oldState: {…}, newState: {…}}
background.js:16 [AI Prompt Queue] [LoadState] State loaded from storage {oldState: {…}, newState: {…}}
background.js:16 [AI Prompt Queue] [LoadState] State loaded from storage {oldState: {…}, newState: {…}}
background.js:16 [AI Prompt Queue] [LoadState] State loaded from storage {oldState: {…}, newState: {…}}
background.js:16 [AI Prompt Queue] [LoadState] State loaded from storage {oldState: {…}, newState: {…}}
background.js:16 [AI Prompt Queue] [LoadState] State loaded from storage {oldState: {…}, newState: {…}}
background.js:16 [AI Prompt Queue] [LoadState] State loaded from storage {oldState: {…}, newState: {…}}
background.js:16 [AI Prompt Queue] [LoadState] State loaded from storage {oldState: {…}, newState: {…}}
background.js:16 [AI Prompt Queue] [LoadState] State loaded from storage {oldState: {…}, newState: {…}}
background.js:16 [AI Prompt Queue] [LoadState] State loaded from storage {oldState: {…}, newState: {…}}
background.js:16 [AI Prompt Queue] [LoadState] State loaded from storage {oldState: {…}, newState: {…}}
background.js:16 [AI Prompt Queue] [LoadState] State loaded from storage {oldState: {…}, newState: {…}}
background.js:16 [AI Prompt Queue] [LoadState] State loaded from storage {oldState: {…}, newState: {…}}
background.js:16 [AI Prompt Queue] [LoadState] State loaded from storage {oldState: {…}, newState: {…}}
background.js:16 [AI Prompt Queue] [LoadState] State loaded from storage {oldState: {…}, newState: {…}}
background.js:16 [AI Prompt Queue] [LoadState] State loaded from storage {oldState: {…}, newState: {…}}
background.js:16 [AI Prompt Queue] [LoadState] State loaded from storage {oldState: {…}, newState: {…}}
background.js:16 [AI Prompt Queue] [LoadState] State loaded from storage {oldState: {…}, newState: {…}}
background.js:16 [AI Prompt Queue] [LoadState] State loaded from storage {oldState: {…}, newState: {…}}
background.js:16 [AI Prompt Queue] [LoadState] State loaded from storage {oldState: {…}, newState: {…}}
background.js:16 [AI Prompt Queue] [LoadState] State loaded from storage {oldState: {…}, newState: {…}}
background.js:16 [AI Prompt Queue] [LoadState] State loaded from storage {oldState: {…}, newState: {…}}
background.js:16 [AI Prompt Queue] [Health] Tick {running: true, processing: false, promptStartTime: 0, timeSinceActivity: 94589, timeSinceLastRecovery: 1774040501795, …}
background.js:16 [AI Prompt Queue] [LoadState] State loaded from storage {oldState: {…}, newState: {…}}
background.js:16 [AI Prompt Queue] [LoadState] State loaded from storage {oldState: {…}, newState: {…}}
background.js:16 [AI Prompt Queue] [LoadState] State loaded from storage {oldState: {…}, newState: {…}}
background.js:16 [AI Prompt Queue] [LoadState] State loaded from storage {oldState: {…}, newState: {…}}
background.js:16 [AI Prompt Queue] [LoadState] State loaded from storage {oldState: {…}, newState: {…}}
background.js:16 [AI Prompt Queue] [LoadState] State loaded from storage {oldState: {…}, newState: {…}}
background.js:16 [AI Prompt Queue] [LoadState] State loaded from storage {oldState: {…}, newState: {…}}
background.js:16 [AI Prompt Queue] [LoadState] State loaded from storage {oldState: {…}, newState: {…}}
background.js:16 [AI Prompt Queue] [LoadState] State loaded from storage {oldState: {…}, newState: {…}}
background.js:16 [AI Prompt Queue] [LoadState] State loaded from storage {oldState: {…}, newState: {…}}
background.js:16 [AI Prompt Queue] [LoadState] State loaded from storage {oldState: {…}, newState: {…}}
background.js:16 [AI Prompt Queue] [LoadState] State loaded from storage {oldState: {…}, newState: {…}}
background.js:16 [AI Prompt Queue] [LoadState] State loaded from storage {oldState: {…}, newState: {…}}
background.js:16 [AI Prompt Queue] [LoadState] State loaded from storage {oldState: {…}, newState: {…}}
background.js:16 [AI Prompt Queue] [LoadState] State loaded from storage {oldState: {…}, newState: {…}}
background.js:16 [AI Prompt Queue] [LoadState] State loaded from storage {oldState: {…}, newState: {…}}
background.js:16 [AI Prompt Queue] [LoadState] State loaded from storage {oldState: {…}, newState: {…}}
background.js:16 [AI Prompt Queue] [LoadState] State loaded from storage {oldState: {…}, newState: {…}}
background.js:16 [AI Prompt Queue] [LoadState] State loaded from storage {oldState: {…}, newState: {…}}
background.js:16 [AI Prompt Queue] [LoadState] State loaded from storage {oldState: {…}, newState: {…}}
background.js:16 [AI Prompt Queue] [LoadState] State loaded from storage {oldState: {…}, newState: {…}}
background.js:16 [AI Prompt Queue] [LoadState] State loaded from storage {oldState: {…}, newState: {…}}
background.js:16 [AI Prompt Queue] [LoadState] State loaded from storage {oldState: {…}, newState: {…}}
background.js:16 [AI Prompt Queue] [LoadState] State loaded from storage {oldState: {…}, newState: {…}}
background.js:16 [AI Prompt Queue] [LoadState] State loaded from storage {oldState: {…}, newState: {…}}
background.js:16 [AI Prompt Queue] [LoadState] State loaded from storage {oldState: {…}, newState: {…}}
background.js:16 [AI Prompt Queue] [LoadState] State loaded from storage {oldState: {…}, newState: {…}}
background.js:16 [AI Prompt Queue] [LoadState] State loaded from storage {oldState: {…}, newState: {…}}
background.js:16 [AI Prompt Queue] [LoadState] State loaded from storage {oldState: {…}, newState: {…}}
background.js:16 [AI Prompt Queue] [LoadState] State loaded from storage {oldState: {…}, newState: {…}}
background.js:16 [AI Prompt Queue] [LoadState] State loaded from storage {oldState: {…}, newState: {…}}
background.js:16 [AI Prompt Queue] [LoadState] State loaded from storage {oldState: {…}, newState: {…}}
background.js:16 [AI Prompt Queue] [LoadState] State loaded from storage {oldState: {…}, newState: {…}}
background.js:16 [AI Prompt Queue] [LoadState] State loaded from storage {oldState: {…}, newState: {…}}
background.js:16 [AI Prompt Queue] [LoadState] State loaded from storage {oldState: {…}, newState: {…}}
background.js:16 [AI Prompt Queue] [LoadState] State loaded from storage {oldState: {…}, newState: {…}}
background.js:16 [AI Prompt Queue] [LoadState] State loaded from storage {oldState: {…}, newState: {…}}
background.js:16 [AI Prompt Queue] [LoadState] State loaded from storage {oldState: {…}, newState: {…}}
background.js:16 [AI Prompt Queue] [LoadState] State loaded from storage {oldState: {…}, newState: {…}}
background.js:16 [AI Prompt Queue] [LoadState] State loaded from storage {oldState: {…}, newState: {…}}
background.js:16 [AI Prompt Queue] [LoadState] State loaded from storage {oldState: {…}, newState: {…}}
background.js:16 [AI Prompt Queue] [LoadState] State loaded from storage {oldState: {…}, newState: {…}}
background.js:16 [AI Prompt Queue] [LoadState] State loaded from storage {oldState: {…}, newState: {…}}
background.js:16 [AI Prompt Queue] [LoadState] State loaded from storage {oldState: {…}, newState: {…}}
background.js:16 [AI Prompt Queue] [LoadState] State loaded from storage {oldState: {…}, newState: {…}}
background.js:16 [AI Prompt Queue] [LoadState] State loaded from storage {oldState: {…}, newState: {…}}
background.js:16 [AI Prompt Queue] [Health] Tick {running: true, processing: false, promptStartTime: 0, timeSinceActivity: 99598, timeSinceLastRecovery: 1774040506804, …}
background.js:16 [AI Prompt Queue] [LoadState] State loaded from storage {oldState: {…}, newState: {…}}
background.js:16 [AI Prompt Queue] [LoadState] State loaded from storage {oldState: {…}, newState: {…}}
background.js:16 [AI Prompt Queue] [LoadState] State loaded from storage {oldState: {…}, newState: {…}}
background.js:16 [AI Prompt Queue] [LoadState] State loaded from storage {oldState: {…}, newState: {…}}
background.js:16 [AI Prompt Queue] [LoadState] State loaded from storage {oldState: {…}, newState: {…}}
background.js:16 [AI Prompt Queue] [LoadState] State loaded from storage {oldState: {…}, newState: {…}}
background.js:16 [AI Prompt Queue] [LoadState] State loaded from storage {oldState: {…}, newState: {…}}
background.js:16 [AI Prompt Queue] [LoadState] State loaded from storage {oldState: {…}, newState: {…}}
background.js:16 [AI Prompt Queue] [LoadState] State loaded from storage {oldState: {…}, newState: {…}}
background.js:16 [AI Prompt Queue] [LoadState] State loaded from storage {oldState: {…}, newState: {…}}
background.js:16 [AI Prompt Queue] [LoadState] State loaded from storage {oldState: {…}, newState: {…}}
background.js:16 [AI Prompt Queue] [LoadState] State loaded from storage {oldState: {…}, newState: {…}}
background.js:16 [AI Prompt Queue] [LoadState] State loaded from storage {oldState: {…}, newState: {…}}
background.js:16 [AI Prompt Queue] [LoadState] State loaded from storage {oldState: {…}, newState: {…}}
background.js:16 [AI Prompt Queue] [LoadState] State loaded from storage {oldState: {…}, newState: {…}}
background.js:16 [AI Prompt Queue] [LoadState] State loaded from storage {oldState: {…}, newState: {…}}
background.js:16 [AI Prompt Queue] [LoadState] State loaded from storage {oldState: {…}, newState: {…}}
background.js:16 [AI Prompt Queue] [LoadState] State loaded from storage {oldState: {…}, newState: {…}}
background.js:16 [AI Prompt Queue] [LoadState] State loaded from storage {oldState: {…}, newState: {…}}
background.js:16 [AI Prompt Queue] [LoadState] State loaded from storage {oldState: {…}, newState: {…}}
background.js:16 [AI Prompt Queue] [LoadState] State loaded from storage {oldState: {…}, newState: {…}}
background.js:16 [AI Prompt Queue] [LoadState] State loaded from storage {oldState: {…}, newState: {…}}
background.js:16 [AI Prompt Queue] [LoadState] State loaded from storage {oldState: {…}, newState: {…}}
background.js:16 [AI Prompt Queue] [LoadState] State loaded from storage {oldState: {…}, newState: {…}}
background.js:16 [AI Prompt Queue] [LoadState] State loaded from storage {oldState: {…}, newState: {…}}
background.js:16 [AI Prompt Queue] [LoadState] State loaded from storage {oldState: {…}, newState: {…}}
background.js:16 [AI Prompt Queue] [LoadState] State loaded from storage {oldState: {…}, newState: {…}}
background.js:16 [AI Prompt Queue] [LoadState] State loaded from storage {oldState: {…}, newState: {…}}
background.js:16 [AI Prompt Queue] [LoadState] State loaded from storage {oldState: {…}, newState: {…}}
background.js:16 [AI Prompt Queue] [LoadState] State loaded from storage {oldState: {…}, newState: {…}}
background.js:16 [AI Prompt Queue] [LoadState] State loaded from storage {oldState: {…}, newState: {…}}
background.js:16 [AI Prompt Queue] [LoadState] State loaded from storage {oldState: {…}, newState: {…}}
background.js:16 [AI Prompt Queue] [LoadState] State loaded from storage {oldState: {…}, newState: {…}}
background.js:16 [AI Prompt Queue] [LoadState] State loaded from storage {oldState: {…}, newState: {…}}
background.js:16 [AI Prompt Queue] [LoadState] State loaded from storage {oldState: {…}, newState: {…}}
background.js:16 [AI Prompt Queue] [LoadState] State loaded from storage {oldState: {…}, newState: {…}}
background.js:16 [AI Prompt Queue] [LoadState] State loaded from storage {oldState: {…}, newState: {…}}
background.js:16 [AI Prompt Queue] [LoadState] State loaded from storage {oldState: {…}, newState: {…}}
background.js:16 [AI Prompt Queue] [LoadState] State loaded from storage {oldState: {…}, newState: {…}}
background.js:16 [AI Prompt Queue] [LoadState] State loaded from storage {oldState: {…}, newState: {…}}
background.js:16 [AI Prompt Queue] [LoadState] State loaded from storage {oldState: {…}, newState: {…}}
background.js:16 [AI Prompt Queue] [LoadState] State loaded from storage {oldState: {…}, newState: {…}}
background.js:16 [AI Prompt Queue] [LoadState] State loaded from storage {oldState: {…}, newState: {…}}
background.js:16 [AI Prompt Queue] [LoadState] State loaded from storage {oldState: {…}, newState: {…}}
background.js:16 [AI Prompt Queue] [LoadState] State loaded from storage {oldState: {…}, newState: {…}}
background.js:16 [AI Prompt Queue] [LoadState] State loaded from storage {oldState: {…}, newState: {…}}
background.js:16 [AI Prompt Queue] [LoadState] State loaded from storage {oldState: {…}, newState: {…}}
background.js:16 [AI Prompt Queue] [LoadState] State loaded from storage {oldState: {…}, newState: {…}}
background.js:16 [AI Prompt Queue] [Health] Tick {running: true, processing: false, promptStartTime: 0, timeSinceActivity: 104605, timeSinceLastRecovery: 1774040511811, …}
background.js:16 [AI Prompt Queue] [LoadState] State loaded from storage {oldState: {…}, newState: {…}}
background.js:16 [AI Prompt Queue] [LoadState] State loaded from storage {oldState: {…}, newState: {…}}
background.js:16 [AI Prompt Queue] [LoadState] State loaded from storage {oldState: {…}, newState: {…}}
background.js:16 [AI Prompt Queue] [LoadState] State loaded from storage {oldState: {…}, newState: {…}}
background.js:16 [AI Prompt Queue] [LoadState] State loaded from storage {oldState: {…}, newState: {…}}
background.js:16 [AI Prompt Queue] [LoadState] State loaded from storage {oldState: {…}, newState: {…}}
background.js:16 [AI Prompt Queue] [LoadState] State loaded from storage {oldState: {…}, newState: {…}}
background.js:16 [AI Prompt Queue] [LoadState] State loaded from storage {oldState: {…}, newState: {…}}
background.js:16 [AI Prompt Queue] [LoadState] State loaded from storage {oldState: {…}, newState: {…}}
background.js:16 [AI Prompt Queue] [LoadState] State loaded from storage {oldState: {…}, newState: {…}}
background.js:16 [AI Prompt Queue] [LoadState] State loaded from storage {oldState: {…}, newState: {…}}
background.js:16 [AI Prompt Queue] [LoadState] State loaded from storage {oldState: {…}, newState: {…}}
background.js:16 [AI Prompt Queue] [LoadState] State loaded from storage {oldState: {…}, newState: {…}}
background.js:16 [AI Prompt Queue] [LoadState] State loaded from storage {oldState: {…}, newState: {…}}
background.js:16 [AI Prompt Queue] [LoadState] State loaded from storage {oldState: {…}, newState: {…}}
background.js:16 [AI Prompt Queue] [LoadState] State loaded from storage {oldState: {…}, newState: {…}}
background.js:16 [AI Prompt Queue] [LoadState] State loaded from storage {oldState: {…}, newState: {…}}
background.js:16 [AI Prompt Queue] [Parallel] Worker readiness wait timed out {workerId: 'worker_1774040393502_0_089jlr', maxWaitMs: 120000, waitedMs: 120149, workerStatus: 'launching', workerTabId: null, …}
(anonymous) @ background.js:16
waitForParallelWorkerReady @ background.js:1289
background.js:16 [AI Prompt Queue] [Parallel] Worker failed {workerId: 'worker_1774040393502_0_089jlr', workerIndex: 0, tabId: null, nextPromptIndex: 0, error: 'Timed out waiting for worker tab readiness', …}
(anonymous) @ background.js:16
finalizeParallelWorker @ background.js:1143
await in finalizeParallelWorker
markParallelWorkerFailed @ background.js:1157
runParallelDispatchLoop @ background.js:1395
setTimeout
(anonymous) @ background.js:1300
waitForParallelWorkerReady @ background.js:1300
background.js:16 [AI Prompt Queue] [LoadState] State loaded from storage {oldState: {…}, newState: {…}}
background.js:16 [AI Prompt Queue] [BuildMessageText] Applying prompt wrappers {prependEnabled: false, appendEnabled: false, appendEffective: false, prependLength: 34, appendLength: 9783, …}
background.js:16 [AI Prompt Queue] [Parallel] Built prompt payload {workerId: 'worker_1774040393502_1_6jvvqo', promptIndex: 0, baseLength: 9827, finalLength: 9827}
background.js:16 [AI Prompt Queue] [Parallel] Activating worker tab {workerId: 'worker_1774040393502_1_6jvvqo', tabId: 1967666195, windowId: 1967664210, currentlyActive: false, status: 'complete'}
background.js:16 [AI Prompt Queue] [LoadState] State loaded from storage {oldState: {…}, newState: {…}}
background.js:16 [AI Prompt Queue] [LoadState] State loaded from storage {oldState: {…}, newState: {…}}
background.js:16 [AI Prompt Queue] [LoadState] State loaded from storage {oldState: {…}, newState: {…}}
background.js:16 [AI Prompt Queue] [Parallel] Worker tab activated {workerId: 'worker_1774040393502_1_6jvvqo', tabId: 1967666195, active: true, status: 'complete', url: 'https://chatgpt.com/g/g-69b7571f69348191bb3bddf38799a52c-plab-2-feedback-v11'}
background.js:16 [AI Prompt Queue] [SendToContent] Sending message to content {tabId: 1967666195, messageType: 'SEND_PROMPT'}
background.js:16 [AI Prompt Queue] [SendToContent] Response received from content {tabId: 1967666195, messageType: 'SEND_PROMPT', response: {…}}
background.js:16 [AI Prompt Queue] [LoadState] State loaded from storage {oldState: {…}, newState: {…}}
background.js:16 [AI Prompt Queue] [LoadState] State loaded from storage {oldState: {…}, newState: {…}}
background.js:16 [AI Prompt Queue] [LoadState] State loaded from storage {oldState: {…}, newState: {…}}
background.js:16 [AI Prompt Queue] [LoadState] State loaded from storage {oldState: {…}, newState: {…}}
background.js:16 [AI Prompt Queue] [LoadState] State loaded from storage {oldState: {…}, newState: {…}}
background.js:16 [AI Prompt Queue] [LoadState] State loaded from storage {oldState: {…}, newState: {…}}
background.js:16 [AI Prompt Queue] [LoadState] State loaded from storage {oldState: {…}, newState: {…}}
background.js:16 [AI Prompt Queue] [LoadState] State loaded from storage {oldState: {…}, newState: {…}}
background.js:16 [AI Prompt Queue] [LoadState] State loaded from storage {oldState: {…}, newState: {…}}
background.js:16 [AI Prompt Queue] [LoadState] State loaded from storage {oldState: {…}, newState: {…}}
background.js:16 [AI Prompt Queue] [LoadState] State loaded from storage {oldState: {…}, newState: {…}}
background.js:16 [AI Prompt Queue] [LoadState] State loaded from storage {oldState: {…}, newState: {…}}
background.js:16 [AI Prompt Queue] [LoadState] State loaded from storage {oldState: {…}, newState: {…}}
background.js:16 [AI Prompt Queue] [LoadState] State loaded from storage {oldState: {…}, newState: {…}}
background.js:16 [AI Prompt Queue] [LoadState] State loaded from storage {oldState: {…}, newState: {…}}
background.js:16 [AI Prompt Queue] [LoadState] State loaded from storage {oldState: {…}, newState: {…}}
background.js:16 [AI Prompt Queue] [LoadState] State loaded from storage {oldState: {…}, newState: {…}}
background.js:16 [AI Prompt Queue] [LoadState] State loaded from storage {oldState: {…}, newState: {…}}
background.js:16 [AI Prompt Queue] [LoadState] State loaded from storage {oldState: {…}, newState: {…}}
background.js:16 [AI Prompt Queue] [LoadState] State loaded from storage {oldState: {…}, newState: {…}}
background.js:16 [AI Prompt Queue] [LoadState] State loaded from storage {oldState: {…}, newState: {…}}
background.js:16 [AI Prompt Queue] [LoadState] State loaded from storage {oldState: {…}, newState: {…}}
background.js:16 [AI Prompt Queue] [LoadState] State loaded from storage {oldState: {…}, newState: {…}}
background.js:16 [AI Prompt Queue] [LoadState] State loaded from storage {oldState: {…}, newState: {…}}
background.js:16 [AI Prompt Queue] [LoadState] State loaded from storage {oldState: {…}, newState: {…}}
background.js:16 [AI Prompt Queue] [Health] Tick {running: true, processing: false, promptStartTime: 0, timeSinceActivity: 3100, timeSinceLastRecovery: 1774040516797, …}
background.js:16 [AI Prompt Queue] [LoadState] State loaded from storage {oldState: {…}, newState: {…}}
background.js:16 [AI Prompt Queue] [LoadState] State loaded from storage {oldState: {…}, newState: {…}}
background.js:16 [AI Prompt Queue] [LoadState] State loaded from storage {oldState: {…}, newState: {…}}
background.js:16 [AI Prompt Queue] [LoadState] State loaded from storage {oldState: {…}, newState: {…}}
background.js:16 [AI Prompt Queue] [LoadState] State loaded from storage {oldState: {…}, newState: {…}}
background.js:16 [AI Prompt Queue] [LoadState] State loaded from storage {oldState: {…}, newState: {…}}
background.js:16 [AI Prompt Queue] [LoadState] State loaded from storage {oldState: {…}, newState: {…}}
background.js:16 [AI Prompt Queue] [LoadState] State loaded from storage {oldState: {…}, newState: {…}}
background.js:16 [AI Prompt Queue] [LoadState] State loaded from storage {oldState: {…}, newState: {…}}
background.js:16 [AI Prompt Queue] [LoadState] State loaded from storage {oldState: {…}, newState: {…}}
background.js:16 [AI Prompt Queue] [LoadState] State loaded from storage {oldState: {…}, newState: {…}}
background.js:16 [AI Prompt Queue] [LoadState] State loaded from storage {oldState: {…}, newState: {…}}
background.js:16 [AI Prompt Queue] [LoadState] State loaded from storage {oldState: {…}, newState: {…}}
background.js:16 [AI Prompt Queue] [LoadState] State loaded from storage {oldState: {…}, newState: {…}}
background.js:16 [AI Prompt Queue] [LoadState] State loaded from storage {oldState: {…}, newState: {…}}
background.js:16 [AI Prompt Queue] [LoadState] State loaded from storage {oldState: {…}, newState: {…}}
background.js:16 [AI Prompt Queue] [LoadState] State loaded from storage {oldState: {…}, newState: {…}}
background.js:16 [AI Prompt Queue] [LoadState] State loaded from storage {oldState: {…}, newState: {…}}
background.js:16 [AI Prompt Queue] [LoadState] State loaded from storage {oldState: {…}, newState: {…}}
background.js:16 [AI Prompt Queue] [LoadState] State loaded from storage {oldState: {…}, newState: {…}}
background.js:16 [AI Prompt Queue] [LoadState] State loaded from storage {oldState: {…}, newState: {…}}
background.js:16 [AI Prompt Queue] [LoadState] State loaded from storage {oldState: {…}, newState: {…}}
background.js:16 [AI Prompt Queue] [LoadState] State loaded from storage {oldState: {…}, newState: {…}}
background.js:16 [AI Prompt Queue] [LoadState] State loaded from storage {oldState: {…}, newState: {…}}
background.js:16 [AI Prompt Queue] [LoadState] State loaded from storage {oldState: {…}, newState: {…}}
background.js:16 [AI Prompt Queue] [LoadState] State loaded from storage {oldState: {…}, newState: {…}}
background.js:16 [AI Prompt Queue] [LoadState] State loaded from storage {oldState: {…}, newState: {…}}
background.js:16 [AI Prompt Queue] [LoadState] State loaded from storage {oldState: {…}, newState: {…}}
background.js:16 [AI Prompt Queue] [LoadState] State loaded from storage {oldState: {…}, newState: {…}}
background.js:16 [AI Prompt Queue] [LoadState] State loaded from storage {oldState: {…}, newState: {…}}
background.js:16 [AI Prompt Queue] [PromptSubmitted][Parallel] Submission confirmed {promptId: 'parallel_1774040513697_1_0_dujk67', workerId: 'worker_1774040393502_1_6jvvqo', promptIndex: 0, reason: 'stream-start-detected'}
background.js:16 [AI Prompt Queue] [LoadState] State loaded from storage {oldState: {…}, newState: {…}}
background.js:16 [AI Prompt Queue] [BuildMessageText] Applying prompt wrappers {prependEnabled: false, appendEnabled: false, appendEffective: false, prependLength: 34, appendLength: 9783, …}
background.js:16 [AI Prompt Queue] [Parallel] Built prompt payload {workerId: 'worker_1774040393502_2_ls0y4e', promptIndex: 0, baseLength: 9822, finalLength: 9822}
background.js:16 [AI Prompt Queue] [Parallel] Activating worker tab {workerId: 'worker_1774040393502_2_ls0y4e', tabId: 1967666198, windowId: 1967664210, currentlyActive: false, status: 'complete'}
background.js:16 [AI Prompt Queue] [LoadState] State loaded from storage {oldState: {…}, newState: {…}}
background.js:16 [AI Prompt Queue] [LoadState] State loaded from storage {oldState: {…}, newState: {…}}
background.js:16 [AI Prompt Queue] [LoadState] State loaded from storage {oldState: {…}, newState: {…}}
background.js:16 [AI Prompt Queue] [Parallel] Worker tab activated {workerId: 'worker_1774040393502_2_ls0y4e', tabId: 1967666198, active: true, status: 'complete', url: 'https://chatgpt.com/g/g-69b7571f69348191bb3bddf38799a52c-plab-2-feedback-v11'}
background.js:16 [AI Prompt Queue] [SendToContent] Sending message to content {tabId: 1967666198, messageType: 'SEND_PROMPT'}
background.js:16 [AI Prompt Queue] [SendToContent] Response received from content {tabId: 1967666198, messageType: 'SEND_PROMPT', response: {…}}
background.js:16 [AI Prompt Queue] [LoadState] State loaded from storage {oldState: {…}, newState: {…}}
background.js:16 [AI Prompt Queue] [LoadState] State loaded from storage {oldState: {…}, newState: {…}}
background.js:16 [AI Prompt Queue] [LoadState] State loaded from storage {oldState: {…}, newState: {…}}
background.js:16 [AI Prompt Queue] [LoadState] State loaded from storage {oldState: {…}, newState: {…}}
background.js:16 [AI Prompt Queue] [LoadState] State loaded from storage {oldState: {…}, newState: {…}}
background.js:16 [AI Prompt Queue] [LoadState] State loaded from storage {oldState: {…}, newState: {…}}
background.js:16 [AI Prompt Queue] [LoadState] State loaded from storage {oldState: {…}, newState: {…}}
background.js:16 [AI Prompt Queue] [LoadState] State loaded from storage {oldState: {…}, newState: {…}}
background.js:16 [AI Prompt Queue] [LoadState] State loaded from storage {oldState: {…}, newState: {…}}
background.js:16 [AI Prompt Queue] [LoadState] State loaded from storage {oldState: {…}, newState: {…}}
background.js:16 [AI Prompt Queue] [LoadState] State loaded from storage {oldState: {…}, newState: {…}}
background.js:16 [AI Prompt Queue] [Health] Tick {running: true, processing: false, promptStartTime: 0, timeSinceActivity: 1716, timeSinceLastRecovery: 1774040521799, …}
background.js:16 [AI Prompt Queue] [LoadState] State loaded from storage {oldState: {…}, newState: {…}}
background.js:16 [AI Prompt Queue] [LoadState] State loaded from storage {oldState: {…}, newState: {…}}
background.js:16 [AI Prompt Queue] [LoadState] State loaded from storage {oldState: {…}, newState: {…}}
background.js:16 [AI Prompt Queue] [LoadState] State loaded from storage {oldState: {…}, newState: {…}}
background.js:16 [AI Prompt Queue] [LoadState] State loaded from storage {oldState: {…}, newState: {…}}
background.js:16 [AI Prompt Queue] [LoadState] State loaded from storage {oldState: {…}, newState: {…}}
background.js:16 [AI Prompt Queue] [LoadState] State loaded from storage {oldState: {…}, newState: {…}}
background.js:16 [AI Prompt Queue] [LoadState] State loaded from storage {oldState: {…}, newState: {…}}
background.js:16 [AI Prompt Queue] [LoadState] State loaded from storage {oldState: {…}, newState: {…}}
background.js:16 [AI Prompt Queue] [LoadState] State loaded from storage {oldState: {…}, newState: {…}}
background.js:16 [AI Prompt Queue] [LoadState] State loaded from storage {oldState: {…}, newState: {…}}
background.js:16 [AI Prompt Queue] [LoadState] State loaded from storage {oldState: {…}, newState: {…}}
background.js:16 [AI Prompt Queue] [LoadState] State loaded from storage {oldState: {…}, newState: {…}}
background.js:16 [AI Prompt Queue] [LoadState] State loaded from storage {oldState: {…}, newState: {…}}
background.js:16 [AI Prompt Queue] [LoadState] State loaded from storage {oldState: {…}, newState: {…}}
background.js:16 [AI Prompt Queue] [LoadState] State loaded from storage {oldState: {…}, newState: {…}}
background.js:16 [AI Prompt Queue] [LoadState] State loaded from storage {oldState: {…}, newState: {…}}
background.js:16 [AI Prompt Queue] [LoadState] State loaded from storage {oldState: {…}, newState: {…}}
background.js:16 [AI Prompt Queue] [LoadState] State loaded from storage {oldState: {…}, newState: {…}}
background.js:16 [AI Prompt Queue] [LoadState] State loaded from storage {oldState: {…}, newState: {…}}
background.js:16 [AI Prompt Queue] [LoadState] State loaded from storage {oldState: {…}, newState: {…}}
background.js:16 [AI Prompt Queue] [LoadState] State loaded from storage {oldState: {…}, newState: {…}}
background.js:16 [AI Prompt Queue] [LoadState] State loaded from storage {oldState: {…}, newState: {…}}
background.js:16 [AI Prompt Queue] [LoadState] State loaded from storage {oldState: {…}, newState: {…}}
background.js:16 [AI Prompt Queue] [LoadState] State loaded from storage {oldState: {…}, newState: {…}}
background.js:16 [AI Prompt Queue] [LoadState] State loaded from storage {oldState: {…}, newState: {…}}
background.js:16 [AI Prompt Queue] [LoadState] State loaded from storage {oldState: {…}, newState: {…}}
background.js:16 [AI Prompt Queue] [LoadState] State loaded from storage {oldState: {…}, newState: {…}}
background.js:16 [AI Prompt Queue] [LoadState] State loaded from storage {oldState: {…}, newState: {…}}
background.js:16 [AI Prompt Queue] [LoadState] State loaded from storage {oldState: {…}, newState: {…}}
background.js:16 [AI Prompt Queue] [LoadState] State loaded from storage {oldState: {…}, newState: {…}}
background.js:16 [AI Prompt Queue] [LoadState] State loaded from storage {oldState: {…}, newState: {…}}
background.js:16 [AI Prompt Queue] [LoadState] State loaded from storage {oldState: {…}, newState: {…}}
background.js:16 [AI Prompt Queue] [LoadState] State loaded from storage {oldState: {…}, newState: {…}}
background.js:16 [AI Prompt Queue] [LoadState] State loaded from storage {oldState: {…}, newState: {…}}
background.js:16 [AI Prompt Queue] [LoadState] State loaded from storage {oldState: {…}, newState: {…}}
background.js:16 [AI Prompt Queue] [LoadState] State loaded from storage {oldState: {…}, newState: {…}}
background.js:16 [AI Prompt Queue] [LoadState] State loaded from storage {oldState: {…}, newState: {…}}
background.js:16 [AI Prompt Queue] [LoadState] State loaded from storage {oldState: {…}, newState: {…}}
background.js:16 [AI Prompt Queue] [LoadState] State loaded from storage {oldState: {…}, newState: {…}}
background.js:16 [AI Prompt Queue] [LoadState] State loaded from storage {oldState: {…}, newState: {…}}
background.js:16 [AI Prompt Queue] [LoadState] State loaded from storage {oldState: {…}, newState: {…}}
background.js:16 [AI Prompt Queue] [LoadState] State loaded from storage {oldState: {…}, newState: {…}}
background.js:16 [AI Prompt Queue] [LoadState] State loaded from storage {oldState: {…}, newState: {…}}
background.js:16 [AI Prompt Queue] [LoadState] State loaded from storage {oldState: {…}, newState: {…}}
background.js:16 [AI Prompt Queue] [PromptSubmitted][Parallel] Submission confirmed {promptId: 'parallel_1774040520083_2_0_nm3zta', workerId: 'worker_1774040393502_2_ls0y4e', promptIndex: 0, reason: 'stream-start-detected'}
background.js:16 [AI Prompt Queue] [BuildMessageText] Applying prompt wrappers {prependEnabled: false, appendEnabled: false, appendEffective: false, prependLength: 34, appendLength: 9783, …}
background.js:16 [AI Prompt Queue] [Parallel] Built prompt payload {workerId: 'worker_1774040393502_3_ipt85x', promptIndex: 0, baseLength: 9818, finalLength: 9818}
background.js:16 [AI Prompt Queue] [Parallel] Activating worker tab {workerId: 'worker_1774040393502_3_ipt85x', tabId: 1967666203, windowId: 1967664210, currentlyActive: false, status: 'complete'}
background.js:16 [AI Prompt Queue] [LoadState] State loaded from storage {oldState: {…}, newState: {…}}
background.js:16 [AI Prompt Queue] [Health] Tick {running: true, processing: false, promptStartTime: 0, timeSinceActivity: 195, timeSinceLastRecovery: 1774040526801, …}
background.js:16 [AI Prompt Queue] [LoadState] State loaded from storage {oldState: {…}, newState: {…}}
background.js:16 [AI Prompt Queue] [LoadState] State loaded from storage {oldState: {…}, newState: {…}}
background.js:16 [AI Prompt Queue] [Parallel] Worker tab activated {workerId: 'worker_1774040393502_3_ipt85x', tabId: 1967666203, active: true, status: 'complete', url: 'https://chatgpt.com/g/g-69b7571f69348191bb3bddf38799a52c-plab-2-feedback-v11'}
background.js:16 [AI Prompt Queue] [SendToContent] Sending message to content {tabId: 1967666203, messageType: 'SEND_PROMPT'}
background.js:16 [AI Prompt Queue] [SendToContent] Response received from content {tabId: 1967666203, messageType: 'SEND_PROMPT', response: {…}}
background.js:16 [AI Prompt Queue] [LoadState] State loaded from storage {oldState: {…}, newState: {…}}
background.js:16 [AI Prompt Queue] [LoadState] State loaded from storage {oldState: {…}, newState: {…}}
background.js:16 [AI Prompt Queue] [LoadState] State loaded from storage {oldState: {…}, newState: {…}}
background.js:16 [AI Prompt Queue] [LoadState] State loaded from storage {oldState: {…}, newState: {…}}
background.js:16 [AI Prompt Queue] [LoadState] State loaded from storage {oldState: {…}, newState: {…}}
background.js:16 [AI Prompt Queue] [LoadState] State loaded from storage {oldState: {…}, newState: {…}}
background.js:16 [AI Prompt Queue] [LoadState] State loaded from storage {oldState: {…}, newState: {…}}
background.js:16 [AI Prompt Queue] [LoadState] State loaded from storage {oldState: {…}, newState: {…}}
background.js:16 [AI Prompt Queue] [LoadState] State loaded from storage {oldState: {…}, newState: {…}}
background.js:16 [AI Prompt Queue] [LoadState] State loaded from storage {oldState: {…}, newState: {…}}
background.js:16 [AI Prompt Queue] [LoadState] State loaded from storage {oldState: {…}, newState: {…}}
background.js:16 [AI Prompt Queue] [LoadState] State loaded from storage {oldState: {…}, newState: {…}}
background.js:16 [AI Prompt Queue] [LoadState] State loaded from storage {oldState: {…}, newState: {…}}
background.js:16 [AI Prompt Queue] [LoadState] State loaded from storage {oldState: {…}, newState: {…}}
background.js:16 [AI Prompt Queue] [LoadState] State loaded from storage {oldState: {…}, newState: {…}}
background.js:16 [AI Prompt Queue] [LoadState] State loaded from storage {oldState: {…}, newState: {…}}
background.js:16 [AI Prompt Queue] [LoadState] State loaded from storage {oldState: {…}, newState: {…}}
background.js:16 [AI Prompt Queue] [LoadState] State loaded from storage {oldState: {…}, newState: {…}}
background.js:16 [AI Prompt Queue] [LoadState] State loaded from storage {oldState: {…}, newState: {…}}
background.js:16 [AI Prompt Queue] [LoadState] State loaded from storage {oldState: {…}, newState: {…}}
background.js:16 [AI Prompt Queue] [LoadState] State loaded from storage {oldState: {…}, newState: {…}}
background.js:16 [AI Prompt Queue] [LoadState] State loaded from storage {oldState: {…}, newState: {…}}
background.js:16 [AI Prompt Queue] [LoadState] State loaded from storage {oldState: {…}, newState: {…}}
background.js:16 [AI Prompt Queue] [LoadState] State loaded from storage {oldState: {…}, newState: {…}}
background.js:16 [AI Prompt Queue] [LoadState] State loaded from storage {oldState: {…}, newState: {…}}
background.js:16 [AI Prompt Queue] [LoadState] State loaded from storage {oldState: {…}, newState: {…}}
background.js:16 [AI Prompt Queue] [LoadState] State loaded from storage {oldState: {…}, newState: {…}}
background.js:16 [AI Prompt Queue] [LoadState] State loaded from storage {oldState: {…}, newState: {…}}
background.js:16 [AI Prompt Queue] [LoadState] State loaded from storage {oldState: {…}, newState: {…}}
background.js:16 [AI Prompt Queue] [LoadState] State loaded from storage {oldState: {…}, newState: {…}}
background.js:16 [AI Prompt Queue] [LoadState] State loaded from storage {oldState: {…}, newState: {…}}
background.js:16 [AI Prompt Queue] [LoadState] State loaded from storage {oldState: {…}, newState: {…}}
background.js:16 [AI Prompt Queue] [LoadState] State loaded from storage {oldState: {…}, newState: {…}}
background.js:16 [AI Prompt Queue] [LoadState] State loaded from storage {oldState: {…}, newState: {…}}
background.js:16 [AI Prompt Queue] [LoadState] State loaded from storage {oldState: {…}, newState: {…}}
background.js:16 [AI Prompt Queue] [LoadState] State loaded from storage {oldState: {…}, newState: {…}}
background.js:16 [AI Prompt Queue] [LoadState] State loaded from storage {oldState: {…}, newState: {…}}
background.js:16 [AI Prompt Queue] [LoadState] State loaded from storage {oldState: {…}, newState: {…}}
background.js:16 [AI Prompt Queue] [LoadState] State loaded from storage {oldState: {…}, newState: {…}}
background.js:16 [AI Prompt Queue] [LoadState] State loaded from storage {oldState: {…}, newState: {…}}
background.js:16 [AI Prompt Queue] [LoadState] State loaded from storage {oldState: {…}, newState: {…}}
background.js:16 [AI Prompt Queue] [LoadState] State loaded from storage {oldState: {…}, newState: {…}}
background.js:16 [AI Prompt Queue] [LoadState] State loaded from storage {oldState: {…}, newState: {…}}
background.js:16 [AI Prompt Queue] [LoadState] State loaded from storage {oldState: {…}, newState: {…}}
background.js:16 [AI Prompt Queue] [LoadState] State loaded from storage {oldState: {…}, newState: {…}}
background.js:16 [AI Prompt Queue] [Health] Tick {running: true, processing: false, promptStartTime: 0, timeSinceActivity: 5193, timeSinceLastRecovery: 1774040531799, …}
background.js:16 [AI Prompt Queue] [LoadState] State loaded from storage {oldState: {…}, newState: {…}}
background.js:16 [AI Prompt Queue] [LoadState] State loaded from storage {oldState: {…}, newState: {…}}
background.js:16 [AI Prompt Queue] [LoadState] State loaded from storage {oldState: {…}, newState: {…}}
background.js:16 [AI Prompt Queue] [LoadState] State loaded from storage {oldState: {…}, newState: {…}}
background.js:16 [AI Prompt Queue] [LoadState] State loaded from storage {oldState: {…}, newState: {…}}
background.js:16 [AI Prompt Queue] [LoadState] State loaded from storage {oldState: {…}, newState: {…}}
background.js:16 [AI Prompt Queue] [LoadState] State loaded from storage {oldState: {…}, newState: {…}}
background.js:16 [AI Prompt Queue] [LoadState] State loaded from storage {oldState: {…}, newState: {…}}
background.js:16 [AI Prompt Queue] [LoadState] State loaded from storage {oldState: {…}, newState: {…}}
background.js:16 [AI Prompt Queue] [LoadState] State loaded from storage {oldState: {…}, newState: {…}}
background.js:16 [AI Prompt Queue] [LoadState] State loaded from storage {oldState: {…}, newState: {…}}
background.js:16 [AI Prompt Queue] [PromptSubmitted][Parallel] Submission confirmed {promptId: 'parallel_1774040526606_3_0_5tbxb2', workerId: 'worker_1774040393502_3_ipt85x', promptIndex: 0, reason: 'stream-start-detected'}
background.js:16 [AI Prompt Queue] [LoadState] State loaded from storage {oldState: {…}, newState: {…}}
background.js:16 [AI Prompt Queue] [LoadState] State loaded from storage {oldState: {…}, newState: {…}}
background.js:16 [AI Prompt Queue] [LoadState] State loaded from storage {oldState: {…}, newState: {…}}
background.js:16 [AI Prompt Queue] [LoadState] State loaded from storage {oldState: {…}, newState: {…}}
background.js:16 [AI Prompt Queue] [LoadState] State loaded from storage {oldState: {…}, newState: {…}}
background.js:16 [AI Prompt Queue] [LoadState] State loaded from storage {oldState: {…}, newState: {…}}
background.js:16 [AI Prompt Queue] [LoadState] State loaded from storage {oldState: {…}, newState: {…}}
background.js:16 [AI Prompt Queue] [LoadState] State loaded from storage {oldState: {…}, newState: {…}}
background.js:16 [AI Prompt Queue] [LoadState] State loaded from storage {oldState: {…}, newState: {…}}
background.js:16 [AI Prompt Queue] [LoadState] State loaded from storage {oldState: {…}, newState: {…}}
background.js:16 [AI Prompt Queue] [LoadState] State loaded from storage {oldState: {…}, newState: {…}}
background.js:16 [AI Prompt Queue] [LoadState] State loaded from storage {oldState: {…}, newState: {…}}
background.js:16 [AI Prompt Queue] [LoadState] State loaded from storage {oldState: {…}, newState: {…}}
background.js:16 [AI Prompt Queue] [LoadState] State loaded from storage {oldState: {…}, newState: {…}}
background.js:16 [AI Prompt Queue] [LoadState] State loaded from storage {oldState: {…}, newState: {…}}
background.js:16 [AI Prompt Queue] [LoadState] State loaded from storage {oldState: {…}, newState: {…}}
background.js:16 [AI Prompt Queue] [LoadState] State loaded from storage {oldState: {…}, newState: {…}}
background.js:16 [AI Prompt Queue] [LoadState] State loaded from storage {oldState: {…}, newState: {…}}
background.js:16 [AI Prompt Queue] [LoadState] State loaded from storage {oldState: {…}, newState: {…}}
background.js:16 [AI Prompt Queue] [LoadState] State loaded from storage {oldState: {…}, newState: {…}}
background.js:16 [AI Prompt Queue] [LoadState] State loaded from storage {oldState: {…}, newState: {…}}
background.js:16 [AI Prompt Queue] [LoadState] State loaded from storage {oldState: {…}, newState: {…}}
background.js:16 [AI Prompt Queue] [LoadState] State loaded from storage {oldState: {…}, newState: {…}}
background.js:16 [AI Prompt Queue] [LoadState] State loaded from storage {oldState: {…}, newState: {…}}
background.js:16 [AI Prompt Queue] [LoadState] State loaded from storage {oldState: {…}, newState: {…}}
background.js:16 [AI Prompt Queue] [LoadState] State loaded from storage {oldState: {…}, newState: {…}}
background.js:16 [AI Prompt Queue] [LoadState] State loaded from storage {oldState: {…}, newState: {…}}
background.js:16 [AI Prompt Queue] [LoadState] State loaded from storage {oldState: {…}, newState: {…}}
background.js:16 [AI Prompt Queue] [LoadState] State loaded from storage {oldState: {…}, newState: {…}}
background.js:16 [AI Prompt Queue] [LoadState] State loaded from storage {oldState: {…}, newState: {…}}
background.js:16 [AI Prompt Queue] [LoadState] State loaded from storage {oldState: {…}, newState: {…}}
background.js:16 [AI Prompt Queue] [LoadState] State loaded from storage {oldState: {…}, newState: {…}}
background.js:16 [AI Prompt Queue] [LoadState] State loaded from storage {oldState: {…}, newState: {…}}
background.js:16 [AI Prompt Queue] [LoadState] State loaded from storage {oldState: {…}, newState: {…}}
background.js:16 [AI Prompt Queue] [LoadState] State loaded from storage {oldState: {…}, newState: {…}}
background.js:16 [AI Prompt Queue] [LoadState] State loaded from storage {oldState: {…}, newState: {…}}
background.js:16 [AI Prompt Queue] [LoadState] State loaded from storage {oldState: {…}, newState: {…}}
background.js:16 [AI Prompt Queue] [Health] Tick {running: true, processing: false, promptStartTime: 0, timeSinceActivity: 3904, timeSinceLastRecovery: 1774040536802, …}
background.js:16 [AI Prompt Queue] [LoadState] State loaded from storage {oldState: {…}, newState: {…}}
background.js:16 [AI Prompt Queue] [LoadState] State loaded from storage {oldState: {…}, newState: {…}}
background.js:16 [AI Prompt Queue] [LoadState] State loaded from storage {oldState: {…}, newState: {…}}
background.js:16 [AI Prompt Queue] [LoadState] State loaded from storage {oldState: {…}, newState: {…}}
background.js:16 [AI Prompt Queue] [LoadState] State loaded from storage {oldState: {…}, newState: {…}}
background.js:16 [AI Prompt Queue] [LoadState] State loaded from storage {oldState: {…}, newState: {…}}
background.js:16 [AI Prompt Queue] [LoadState] State loaded from storage {oldState: {…}, newState: {…}}
background.js:16 [AI Prompt Queue] [LoadState] State loaded from storage {oldState: {…}, newState: {…}}
background.js:16 [AI Prompt Queue] [LoadState] State loaded from storage {oldState: {…}, newState: {…}}
background.js:16 [AI Prompt Queue] [LoadState] State loaded from storage {oldState: {…}, newState: {…}}
background.js:16 [AI Prompt Queue] [LoadState] State loaded from storage {oldState: {…}, newState: {…}}
background.js:16 [AI Prompt Queue] [LoadState] State loaded from storage {oldState: {…}, newState: {…}}
background.js:16 [AI Prompt Queue] [LoadState] State loaded from storage {oldState: {…}, newState: {…}}
background.js:16 [AI Prompt Queue] [LoadState] State loaded from storage {oldState: {…}, newState: {…}}
background.js:16 [AI Prompt Queue] [LoadState] State loaded from storage {oldState: {…}, newState: {…}}
background.js:16 [AI Prompt Queue] [LoadState] State loaded from storage {oldState: {…}, newState: {…}}
background.js:16 [AI Prompt Queue] [LoadState] State loaded from storage {oldState: {…}, newState: {…}}
background.js:16 [AI Prompt Queue] [LoadState] State loaded from storage {oldState: {…}, newState: {…}}
background.js:16 [AI Prompt Queue] [LoadState] State loaded from storage {oldState: {…}, newState: {…}}
background.js:16 [AI Prompt Queue] [LoadState] State loaded from storage {oldState: {…}, newState: {…}}
background.js:16 [AI Prompt Queue] [LoadState] State loaded from storage {oldState: {…}, newState: {…}}
background.js:16 [AI Prompt Queue] [LoadState] State loaded from storage {oldState: {…}, newState: {…}}
background.js:16 [AI Prompt Queue] [LoadState] State loaded from storage {oldState: {…}, newState: {…}}
background.js:16 [AI Prompt Queue] [LoadState] State loaded from storage {oldState: {…}, newState: {…}}
background.js:16 [AI Prompt Queue] [LoadState] State loaded from storage {oldState: {…}, newState: {…}}
background.js:16 [AI Prompt Queue] [LoadState] State loaded from storage {oldState: {…}, newState: {…}}
background.js:16 [AI Prompt Queue] [LoadState] State loaded from storage {oldState: {…}, newState: {…}}
background.js:16 [AI Prompt Queue] [LoadState] State loaded from storage {oldState: {…}, newState: {…}}
background.js:16 [AI Prompt Queue] [LoadState] State loaded from storage {oldState: {…}, newState: {…}}
background.js:16 [AI Prompt Queue] [LoadState] State loaded from storage {oldState: {…}, newState: {…}}
background.js:16 [AI Prompt Queue] [LoadState] State loaded from storage {oldState: {…}, newState: {…}}
background.js:16 [AI Prompt Queue] [LoadState] State loaded from storage {oldState: {…}, newState: {…}}
background.js:16 [AI Prompt Queue] [LoadState] State loaded from storage {oldState: {…}, newState: {…}}
background.js:16 [AI Prompt Queue] [LoadState] State loaded from storage {oldState: {…}, newState: {…}}
background.js:16 [AI Prompt Queue] [LoadState] State loaded from storage {oldState: {…}, newState: {…}}
background.js:16 [AI Prompt Queue] [LoadState] State loaded from storage {oldState: {…}, newState: {…}}
background.js:16 [AI Prompt Queue] [LoadState] State loaded from storage {oldState: {…}, newState: {…}}
background.js:16 [AI Prompt Queue] [LoadState] State loaded from storage {oldState: {…}, newState: {…}}
background.js:16 [AI Prompt Queue] [LoadState] State loaded from storage {oldState: {…}, newState: {…}}
background.js:16 [AI Prompt Queue] [LoadState] State loaded from storage {oldState: {…}, newState: {…}}
background.js:16 [AI Prompt Queue] [LoadState] State loaded from storage {oldState: {…}, newState: {…}}
background.js:16 [AI Prompt Queue] [LoadState] State loaded from storage {oldState: {…}, newState: {…}}
background.js:16 [AI Prompt Queue] [LoadState] State loaded from storage {oldState: {…}, newState: {…}}
background.js:16 [AI Prompt Queue] [LoadState] State loaded from storage {oldState: {…}, newState: {…}}
background.js:16 [AI Prompt Queue] [LoadState] State loaded from storage {oldState: {…}, newState: {…}}
background.js:16 [AI Prompt Queue] [LoadState] State loaded from storage {oldState: {…}, newState: {…}}
background.js:16 [AI Prompt Queue] [LoadState] State loaded from storage {oldState: {…}, newState: {…}}
background.js:16 [AI Prompt Queue] [Health] Tick {running: true, processing: false, promptStartTime: 0, timeSinceActivity: 8911, timeSinceLastRecovery: 1774040541809, …}
background.js:16 [AI Prompt Queue] [LoadState] State loaded from storage {oldState: {…}, newState: {…}}
background.js:16 [AI Prompt Queue] [LoadState] State loaded from storage {oldState: {…}, newState: {…}}
background.js:16 [AI Prompt Queue] [LoadState] State loaded from storage {oldState: {…}, newState: {…}}
background.js:16 [AI Prompt Queue] [LoadState] State loaded from storage {oldState: {…}, newState: {…}}
background.js:16 [AI Prompt Queue] [LoadState] State loaded from storage {oldState: {…}, newState: {…}}
background.js:16 [AI Prompt Queue] [LoadState] State loaded from storage {oldState: {…}, newState: {…}}
background.js:16 [AI Prompt Queue] [LoadState] State loaded from storage {oldState: {…}, newState: {…}}
background.js:16 [AI Prompt Queue] [LoadState] State loaded from storage {oldState: {…}, newState: {…}}
background.js:16 [AI Prompt Queue] [LoadState] State loaded from storage {oldState: {…}, newState: {…}}
background.js:16 [AI Prompt Queue] [LoadState] State loaded from storage {oldState: {…}, newState: {…}}
background.js:16 [AI Prompt Queue] [LoadState] State loaded from storage {oldState: {…}, newState: {…}}
background.js:16 [AI Prompt Queue] [LoadState] State loaded from storage {oldState: {…}, newState: {…}}
background.js:16 [AI Prompt Queue] [LoadState] State loaded from storage {oldState: {…}, newState: {…}}
background.js:16 [AI Prompt Queue] [LoadState] State loaded from storage {oldState: {…}, newState: {…}}
background.js:16 [AI Prompt Queue] [LoadState] State loaded from storage {oldState: {…}, newState: {…}}
background.js:16 [AI Prompt Queue] [LoadState] State loaded from storage {oldState: {…}, newState: {…}}
background.js:16 [AI Prompt Queue] [LoadState] State loaded from storage {oldState: {…}, newState: {…}}
background.js:16 [AI Prompt Queue] [LoadState] State loaded from storage {oldState: {…}, newState: {…}}
background.js:16 [AI Prompt Queue] [LoadState] State loaded from storage {oldState: {…}, newState: {…}}
background.js:16 [AI Prompt Queue] [LoadState] State loaded from storage {oldState: {…}, newState: {…}}
background.js:16 [AI Prompt Queue] [LoadState] State loaded from storage {oldState: {…}, newState: {…}}
background.js:16 [AI Prompt Queue] [LoadState] State loaded from storage {oldState: {…}, newState: {…}}
background.js:16 [AI Prompt Queue] [LoadState] State loaded from storage {oldState: {…}, newState: {…}}
background.js:16 [AI Prompt Queue] [LoadState] State loaded from storage {oldState: {…}, newState: {…}}
background.js:16 [AI Prompt Queue] [LoadState] State loaded from storage {oldState: {…}, newState: {…}}
background.js:16 [AI Prompt Queue] [LoadState] State loaded from storage {oldState: {…}, newState: {…}}
background.js:16 [AI Prompt Queue] [LoadState] State loaded from storage {oldState: {…}, newState: {…}}
background.js:16 [AI Prompt Queue] [LoadState] State loaded from storage {oldState: {…}, newState: {…}}
background.js:16 [AI Prompt Queue] [LoadState] State loaded from storage {oldState: {…}, newState: {…}}
background.js:16 [AI Prompt Queue] [LoadState] State loaded from storage {oldState: {…}, newState: {…}}
background.js:16 [AI Prompt Queue] [LoadState] State loaded from storage {oldState: {…}, newState: {…}}
background.js:16 [AI Prompt Queue] [LoadState] State loaded from storage {oldState: {…}, newState: {…}}
background.js:16 [AI Prompt Queue] [LoadState] State loaded from storage {oldState: {…}, newState: {…}}
background.js:16 [AI Prompt Queue] [LoadState] State loaded from storage {oldState: {…}, newState: {…}}
background.js:16 [AI Prompt Queue] [LoadState] State loaded from storage {oldState: {…}, newState: {…}}
background.js:16 [AI Prompt Queue] [LoadState] State loaded from storage {oldState: {…}, newState: {…}}
background.js:16 [AI Prompt Queue] [LoadState] State loaded from storage {oldState: {…}, newState: {…}}
background.js:16 [AI Prompt Queue] [LoadState] State loaded from storage {oldState: {…}, newState: {…}}
background.js:16 [AI Prompt Queue] [LoadState] State loaded from storage {oldState: {…}, newState: {…}}
background.js:16 [AI Prompt Queue] [LoadState] State loaded from storage {oldState: {…}, newState: {…}}
background.js:16 [AI Prompt Queue] [LoadState] State loaded from storage {oldState: {…}, newState: {…}}
background.js:16 [AI Prompt Queue] [LoadState] State loaded from storage {oldState: {…}, newState: {…}}
background.js:16 [AI Prompt Queue] [LoadState] State loaded from storage {oldState: {…}, newState: {…}}
background.js:16 [AI Prompt Queue] [LoadState] State loaded from storage {oldState: {…}, newState: {…}}
background.js:16 [AI Prompt Queue] [LoadState] State loaded from storage {oldState: {…}, newState: {…}}
background.js:16 [AI Prompt Queue] [LoadState] State loaded from storage {oldState: {…}, newState: {…}}
background.js:16 [AI Prompt Queue] [LoadState] State loaded from storage {oldState: {…}, newState: {…}}
background.js:16 [AI Prompt Queue] [LoadState] State loaded from storage {oldState: {…}, newState: {…}}
background.js:16 [AI Prompt Queue] [LoadState] State loaded from storage {oldState: {…}, newState: {…}}
background.js:16 [AI Prompt Queue] [Health] Tick {running: true, processing: false, promptStartTime: 0, timeSinceActivity: 13909, timeSinceLastRecovery: 1774040546807, …}
background.js:16 [AI Prompt Queue] [LoadState] State loaded from storage {oldState: {…}, newState: {…}}
background.js:16 [AI Prompt Queue] [LoadState] State loaded from storage {oldState: {…}, newState: {…}}
background.js:16 [AI Prompt Queue] [LoadState] State loaded from storage {oldState: {…}, newState: {…}}
background.js:16 [AI Prompt Queue] [LoadState] State loaded from storage {oldState: {…}, newState: {…}}
background.js:16 [AI Prompt Queue] [LoadState] State loaded from storage {oldState: {…}, newState: {…}}
background.js:16 [AI Prompt Queue] [LoadState] State loaded from storage {oldState: {…}, newState: {…}}
background.js:16 [AI Prompt Queue] [LoadState] State loaded from storage {oldState: {…}, newState: {…}}
background.js:16 [AI Prompt Queue] [LoadState] State loaded from storage {oldState: {…}, newState: {…}}
background.js:16 [AI Prompt Queue] [LoadState] State loaded from storage {oldState: {…}, newState: {…}}
background.js:16 [AI Prompt Queue] [LoadState] State loaded from storage {oldState: {…}, newState: {…}}
background.js:16 [AI Prompt Queue] [LoadState] State loaded from storage {oldState: {…}, newState: {…}}
background.js:16 [AI Prompt Queue] [LoadState] State loaded from storage {oldState: {…}, newState: {…}}
background.js:16 [AI Prompt Queue] [LoadState] State loaded from storage {oldState: {…}, newState: {…}}
background.js:16 [AI Prompt Queue] [LoadState] State loaded from storage {oldState: {…}, newState: {…}}
background.js:16 [AI Prompt Queue] [LoadState] State loaded from storage {oldState: {…}, newState: {…}}
background.js:16 [AI Prompt Queue] [LoadState] State loaded from storage {oldState: {…}, newState: {…}}
background.js:16 [AI Prompt Queue] [LoadState] State loaded from storage {oldState: {…}, newState: {…}}
background.js:16 [AI Prompt Queue] [LoadState] State loaded from storage {oldState: {…}, newState: {…}}
background.js:16 [AI Prompt Queue] [LoadState] State loaded from storage {oldState: {…}, newState: {…}}
background.js:16 [AI Prompt Queue] [LoadState] State loaded from storage {oldState: {…}, newState: {…}}
background.js:16 [AI Prompt Queue] [LoadState] State loaded from storage {oldState: {…}, newState: {…}}
background.js:16 [AI Prompt Queue] [LoadState] State loaded from storage {oldState: {…}, newState: {…}}
background.js:16 [AI Prompt Queue] [LoadState] State loaded from storage {oldState: {…}, newState: {…}}
background.js:16 [AI Prompt Queue] [LoadState] State loaded from storage {oldState: {…}, newState: {…}}
background.js:16 [AI Prompt Queue] [LoadState] State loaded from storage {oldState: {…}, newState: {…}}
background.js:16 [AI Prompt Queue] [LoadState] State loaded from storage {oldState: {…}, newState: {…}}
background.js:16 [AI Prompt Queue] [LoadState] State loaded from storage {oldState: {…}, newState: {…}}
background.js:16 [AI Prompt Queue] [LoadState] State loaded from storage {oldState: {…}, newState: {…}}
background.js:16 [AI Prompt Queue] [LoadState] State loaded from storage {oldState: {…}, newState: {…}}
background.js:16 [AI Prompt Queue] [LoadState] State loaded from storage {oldState: {…}, newState: {…}}
background.js:16 [AI Prompt Queue] [LoadState] State loaded from storage {oldState: {…}, newState: {…}}
background.js:16 [AI Prompt Queue] [LoadState] State loaded from storage {oldState: {…}, newState: {…}}
background.js:16 [AI Prompt Queue] [LoadState] State loaded from storage {oldState: {…}, newState: {…}}
background.js:16 [AI Prompt Queue] [LoadState] State loaded from storage {oldState: {…}, newState: {…}}
background.js:16 [AI Prompt Queue] [LoadState] State loaded from storage {oldState: {…}, newState: {…}}
background.js:16 [AI Prompt Queue] [LoadState] State loaded from storage {oldState: {…}, newState: {…}}
background.js:16 [AI Prompt Queue] [LoadState] State loaded from storage {oldState: {…}, newState: {…}}
background.js:16 [AI Prompt Queue] [LoadState] State loaded from storage {oldState: {…}, newState: {…}}
background.js:16 [AI Prompt Queue] [LoadState] State loaded from storage {oldState: {…}, newState: {…}}
background.js:16 [AI Prompt Queue] [LoadState] State loaded from storage {oldState: {…}, newState: {…}}
background.js:16 [AI Prompt Queue] [LoadState] State loaded from storage {oldState: {…}, newState: {…}}
background.js:16 [AI Prompt Queue] [LoadState] State loaded from storage {oldState: {…}, newState: {…}}
background.js:16 [AI Prompt Queue] [LoadState] State loaded from storage {oldState: {…}, newState: {…}}
background.js:16 [AI Prompt Queue] [LoadState] State loaded from storage {oldState: {…}, newState: {…}}
background.js:16 [AI Prompt Queue] [LoadState] State loaded from storage {oldState: {…}, newState: {…}}
background.js:16 [AI Prompt Queue] [LoadState] State loaded from storage {oldState: {…}, newState: {…}}
background.js:16 [AI Prompt Queue] [Health] Tick {running: true, processing: false, promptStartTime: 0, timeSinceActivity: 18908, timeSinceLastRecovery: 1774040551806, …}
background.js:16 [AI Prompt Queue] [LoadState] State loaded from storage {oldState: {…}, newState: {…}}
background.js:16 [AI Prompt Queue] [LoadState] State loaded from storage {oldState: {…}, newState: {…}}
background.js:16 [AI Prompt Queue] [LoadState] State loaded from storage {oldState: {…}, newState: {…}}
background.js:16 [AI Prompt Queue] [LoadState] State loaded from storage {oldState: {…}, newState: {…}}
background.js:16 [AI Prompt Queue] [LoadState] State loaded from storage {oldState: {…}, newState: {…}}
background.js:16 [AI Prompt Queue] [LoadState] State loaded from storage {oldState: {…}, newState: {…}}
background.js:16 [AI Prompt Queue] [LoadState] State loaded from storage {oldState: {…}, newState: {…}}
background.js:16 [AI Prompt Queue] [LoadState] State loaded from storage {oldState: {…}, newState: {…}}
background.js:16 [AI Prompt Queue] [LoadState] State loaded from storage {oldState: {…}, newState: {…}}
background.js:16 [AI Prompt Queue] [LoadState] State loaded from storage {oldState: {…}, newState: {…}}
background.js:16 [AI Prompt Queue] [LoadState] State loaded from storage {oldState: {…}, newState: {…}}
background.js:16 [AI Prompt Queue] [LoadState] State loaded from storage {oldState: {…}, newState: {…}}
background.js:16 [AI Prompt Queue] [LoadState] State loaded from storage {oldState: {…}, newState: {…}}
background.js:16 [AI Prompt Queue] [LoadState] State loaded from storage {oldState: {…}, newState: {…}}
background.js:16 [AI Prompt Queue] [LoadState] State loaded from storage {oldState: {…}, newState: {…}}
background.js:16 [AI Prompt Queue] [LoadState] State loaded from storage {oldState: {…}, newState: {…}}
background.js:16 [AI Prompt Queue] [LoadState] State loaded from storage {oldState: {…}, newState: {…}}
background.js:16 [AI Prompt Queue] [LoadState] State loaded from storage {oldState: {…}, newState: {…}}
background.js:16 [AI Prompt Queue] [LoadState] State loaded from storage {oldState: {…}, newState: {…}}
background.js:16 [AI Prompt Queue] [LoadState] State loaded from storage {oldState: {…}, newState: {…}}
background.js:16 [AI Prompt Queue] [LoadState] State loaded from storage {oldState: {…}, newState: {…}}
background.js:16 [AI Prompt Queue] [LoadState] State loaded from storage {oldState: {…}, newState: {…}}
background.js:16 [AI Prompt Queue] [LoadState] State loaded from storage {oldState: {…}, newState: {…}}
background.js:16 [AI Prompt Queue] [LoadState] State loaded from storage {oldState: {…}, newState: {…}}
background.js:16 [AI Prompt Queue] [LoadState] State loaded from storage {oldState: {…}, newState: {…}}
background.js:16 [AI Prompt Queue] [LoadState] State loaded from storage {oldState: {…}, newState: {…}}
background.js:16 [AI Prompt Queue] [LoadState] State loaded from storage {oldState: {…}, newState: {…}}
background.js:16 [AI Prompt Queue] [LoadState] State loaded from storage {oldState: {…}, newState: {…}}
background.js:16 [AI Prompt Queue] [LoadState] State loaded from storage {oldState: {…}, newState: {…}}
background.js:16 [AI Prompt Queue] [LoadState] State loaded from storage {oldState: {…}, newState: {…}}
background.js:16 [AI Prompt Queue] [LoadState] State loaded from storage {oldState: {…}, newState: {…}}
background.js:16 [AI Prompt Queue] [LoadState] State loaded from storage {oldState: {…}, newState: {…}}
background.js:16 [AI Prompt Queue] [LoadState] State loaded from storage {oldState: {…}, newState: {…}}
background.js:16 [AI Prompt Queue] [LoadState] State loaded from storage {oldState: {…}, newState: {…}}
background.js:16 [AI Prompt Queue] [LoadState] State loaded from storage {oldState: {…}, newState: {…}}
background.js:16 [AI Prompt Queue] [LoadState] State loaded from storage {oldState: {…}, newState: {…}}
background.js:16 [AI Prompt Queue] [LoadState] State loaded from storage {oldState: {…}, newState: {…}}
background.js:16 [AI Prompt Queue] [LoadState] State loaded from storage {oldState: {…}, newState: {…}}
background.js:16 [AI Prompt Queue] [LoadState] State loaded from storage {oldState: {…}, newState: {…}}
background.js:16 [AI Prompt Queue] [LoadState] State loaded from storage {oldState: {…}, newState: {…}}
background.js:16 [AI Prompt Queue] [LoadState] State loaded from storage {oldState: {…}, newState: {…}}
background.js:16 [AI Prompt Queue] [LoadState] State loaded from storage {oldState: {…}, newState: {…}}
background.js:16 [AI Prompt Queue] [LoadState] State loaded from storage {oldState: {…}, newState: {…}}
background.js:16 [AI Prompt Queue] [LoadState] State loaded from storage {oldState: {…}, newState: {…}}
background.js:16 [AI Prompt Queue] [LoadState] State loaded from storage {oldState: {…}, newState: {…}}
background.js:16 [AI Prompt Queue] [LoadState] State loaded from storage {oldState: {…}, newState: {…}}
background.js:16 [AI Prompt Queue] [LoadState] State loaded from storage {oldState: {…}, newState: {…}}
background.js:16 [AI Prompt Queue] [LoadState] State loaded from storage {oldState: {…}, newState: {…}}
background.js:16 [AI Prompt Queue] [LoadState] State loaded from storage {oldState: {…}, newState: {…}}
background.js:16 [AI Prompt Queue] [Health] Tick {running: true, processing: false, promptStartTime: 0, timeSinceActivity: 23912, timeSinceLastRecovery: 1774040556810, …}
background.js:16 [AI Prompt Queue] [LoadState] State loaded from storage {oldState: {…}, newState: {…}}
background.js:16 [AI Prompt Queue] [LoadState] State loaded from storage {oldState: {…}, newState: {…}}
background.js:16 [AI Prompt Queue] [LoadState] State loaded from storage {oldState: {…}, newState: {…}}
background.js:16 [AI Prompt Queue] [LoadState] State loaded from storage {oldState: {…}, newState: {…}}
background.js:16 [AI Prompt Queue] [LoadState] State loaded from storage {oldState: {…}, newState: {…}}
background.js:16 [AI Prompt Queue] [LoadState] State loaded from storage {oldState: {…}, newState: {…}}
background.js:16 [AI Prompt Queue] [LoadState] State loaded from storage {oldState: {…}, newState: {…}}
background.js:16 [AI Prompt Queue] [LoadState] State loaded from storage {oldState: {…}, newState: {…}}
background.js:16 [AI Prompt Queue] [LoadState] State loaded from storage {oldState: {…}, newState: {…}}
background.js:16 [AI Prompt Queue] [LoadState] State loaded from storage {oldState: {…}, newState: {…}}
background.js:16 [AI Prompt Queue] [LoadState] State loaded from storage {oldState: {…}, newState: {…}}
background.js:16 [AI Prompt Queue] [LoadState] State loaded from storage {oldState: {…}, newState: {…}}
background.js:16 [AI Prompt Queue] [LoadState] State loaded from storage {oldState: {…}, newState: {…}}
background.js:16 [AI Prompt Queue] [LoadState] State loaded from storage {oldState: {…}, newState: {…}}
background.js:16 [AI Prompt Queue] [LoadState] State loaded from storage {oldState: {…}, newState: {…}}
background.js:16 [AI Prompt Queue] [LoadState] State loaded from storage {oldState: {…}, newState: {…}}
background.js:16 [AI Prompt Queue] [LoadState] State loaded from storage {oldState: {…}, newState: {…}}
background.js:16 [AI Prompt Queue] [LoadState] State loaded from storage {oldState: {…}, newState: {…}}
background.js:16 [AI Prompt Queue] [LoadState] State loaded from storage {oldState: {…}, newState: {…}}
background.js:16 [AI Prompt Queue] [LoadState] State loaded from storage {oldState: {…}, newState: {…}}
background.js:16 [AI Prompt Queue] [LoadState] State loaded from storage {oldState: {…}, newState: {…}}
background.js:16 [AI Prompt Queue] [LoadState] State loaded from storage {oldState: {…}, newState: {…}}
background.js:16 [AI Prompt Queue] [LoadState] State loaded from storage {oldState: {…}, newState: {…}}
background.js:16 [AI Prompt Queue] [LoadState] State loaded from storage {oldState: {…}, newState: {…}}
background.js:16 [AI Prompt Queue] [LoadState] State loaded from storage {oldState: {…}, newState: {…}}
background.js:16 [AI Prompt Queue] [LoadState] State loaded from storage {oldState: {…}, newState: {…}}
background.js:16 [AI Prompt Queue] [LoadState] State loaded from storage {oldState: {…}, newState: {…}}
background.js:16 [AI Prompt Queue] [LoadState] State loaded from storage {oldState: {…}, newState: {…}}
background.js:16 [AI Prompt Queue] [LoadState] State loaded from storage {oldState: {…}, newState: {…}}
background.js:16 [AI Prompt Queue] [LoadState] State loaded from storage {oldState: {…}, newState: {…}}
background.js:16 [AI Prompt Queue] [LoadState] State loaded from storage {oldState: {…}, newState: {…}}
background.js:16 [AI Prompt Queue] [LoadState] State loaded from storage {oldState: {…}, newState: {…}}
background.js:16 [AI Prompt Queue] [LoadState] State loaded from storage {oldState: {…}, newState: {…}}
background.js:16 [AI Prompt Queue] [LoadState] State loaded from storage {oldState: {…}, newState: {…}}
background.js:16 [AI Prompt Queue] [LoadState] State loaded from storage {oldState: {…}, newState: {…}}
background.js:16 [AI Prompt Queue] [LoadState] State loaded from storage {oldState: {…}, newState: {…}}
background.js:16 [AI Prompt Queue] [LoadState] State loaded from storage {oldState: {…}, newState: {…}}
background.js:16 [AI Prompt Queue] [LoadState] State loaded from storage {oldState: {…}, newState: {…}}
background.js:16 [AI Prompt Queue] [LoadState] State loaded from storage {oldState: {…}, newState: {…}}
background.js:16 [AI Prompt Queue] [LoadState] State loaded from storage {oldState: {…}, newState: {…}}
background.js:16 [AI Prompt Queue] [LoadState] State loaded from storage {oldState: {…}, newState: {…}}
background.js:16 [AI Prompt Queue] [LoadState] State loaded from storage {oldState: {…}, newState: {…}}
background.js:16 [AI Prompt Queue] [LoadState] State loaded from storage {oldState: {…}, newState: {…}}
background.js:16 [AI Prompt Queue] [LoadState] State loaded from storage {oldState: {…}, newState: {…}}
background.js:16 [AI Prompt Queue] [LoadState] State loaded from storage {oldState: {…}, newState: {…}}
background.js:16 [AI Prompt Queue] [LoadState] State loaded from storage {oldState: {…}, newState: {…}}
background.js:16 [AI Prompt Queue] [LoadState] State loaded from storage {oldState: {…}, newState: {…}}
background.js:16 [AI Prompt Queue] [LoadState] State loaded from storage {oldState: {…}, newState: {…}}
background.js:16 [AI Prompt Queue] [Health] Tick {running: true, processing: false, promptStartTime: 0, timeSinceActivity: 28904, timeSinceLastRecovery: 1774040561802, …}
background.js:16 [AI Prompt Queue] [LoadState] State loaded from storage {oldState: {…}, newState: {…}}
background.js:16 [AI Prompt Queue] [LoadState] State loaded from storage {oldState: {…}, newState: {…}}
background.js:16 [AI Prompt Queue] [LoadState] State loaded from storage {oldState: {…}, newState: {…}}
background.js:16 [AI Prompt Queue] [LoadState] State loaded from storage {oldState: {…}, newState: {…}}
background.js:16 [AI Prompt Queue] [LoadState] State loaded from storage {oldState: {…}, newState: {…}}
background.js:16 [AI Prompt Queue] [LoadState] State loaded from storage {oldState: {…}, newState: {…}}
background.js:16 [AI Prompt Queue] [LoadState] State loaded from storage {oldState: {…}, newState: {…}}
background.js:16 [AI Prompt Queue] [LoadState] State loaded from storage {oldState: {…}, newState: {…}}
background.js:16 [AI Prompt Queue] [LoadState] State loaded from storage {oldState: {…}, newState: {…}}
background.js:16 [AI Prompt Queue] [LoadState] State loaded from storage {oldState: {…}, newState: {…}}
background.js:16 [AI Prompt Queue] [LoadState] State loaded from storage {oldState: {…}, newState: {…}}
background.js:16 [AI Prompt Queue] [LoadState] State loaded from storage {oldState: {…}, newState: {…}}
background.js:16 [AI Prompt Queue] [LoadState] State loaded from storage {oldState: {…}, newState: {…}}
background.js:16 [AI Prompt Queue] [LoadState] State loaded from storage {oldState: {…}, newState: {…}}
background.js:16 [AI Prompt Queue] [LoadState] State loaded from storage {oldState: {…}, newState: {…}}
background.js:16 [AI Prompt Queue] [LoadState] State loaded from storage {oldState: {…}, newState: {…}}
background.js:16 [AI Prompt Queue] [LoadState] State loaded from storage {oldState: {…}, newState: {…}}
background.js:16 [AI Prompt Queue] [LoadState] State loaded from storage {oldState: {…}, newState: {…}}
background.js:16 [AI Prompt Queue] [LoadState] State loaded from storage {oldState: {…}, newState: {…}}
background.js:16 [AI Prompt Queue] [LoadState] State loaded from storage {oldState: {…}, newState: {…}}
background.js:16 [AI Prompt Queue] [LoadState] State loaded from storage {oldState: {…}, newState: {…}}
background.js:16 [AI Prompt Queue] [LoadState] State loaded from storage {oldState: {…}, newState: {…}}
background.js:16 [AI Prompt Queue] [LoadState] State loaded from storage {oldState: {…}, newState: {…}}
background.js:16 [AI Prompt Queue] [LoadState] State loaded from storage {oldState: {…}, newState: {…}}
background.js:16 [AI Prompt Queue] [LoadState] State loaded from storage {oldState: {…}, newState: {…}}
background.js:16 [AI Prompt Queue] [LoadState] State loaded from storage {oldState: {…}, newState: {…}}
background.js:16 [AI Prompt Queue] [LoadState] State loaded from storage {oldState: {…}, newState: {…}}
background.js:16 [AI Prompt Queue] [LoadState] State loaded from storage {oldState: {…}, newState: {…}}
background.js:16 [AI Prompt Queue] [LoadState] State loaded from storage {oldState: {…}, newState: {…}}
background.js:16 [AI Prompt Queue] [LoadState] State loaded from storage {oldState: {…}, newState: {…}}
background.js:16 [AI Prompt Queue] [LoadState] State loaded from storage {oldState: {…}, newState: {…}}
background.js:16 [AI Prompt Queue] [LoadState] State loaded from storage {oldState: {…}, newState: {…}}
background.js:16 [AI Prompt Queue] [LoadState] State loaded from storage {oldState: {…}, newState: {…}}
background.js:16 [AI Prompt Queue] [LoadState] State loaded from storage {oldState: {…}, newState: {…}}
background.js:16 [AI Prompt Queue] [LoadState] State loaded from storage {oldState: {…}, newState: {…}}
background.js:16 [AI Prompt Queue] [LoadState] State loaded from storage {oldState: {…}, newState: {…}}
background.js:16 [AI Prompt Queue] [LoadState] State loaded from storage {oldState: {…}, newState: {…}}
background.js:16 [AI Prompt Queue] [LoadState] State loaded from storage {oldState: {…}, newState: {…}}
background.js:16 [AI Prompt Queue] [LoadState] State loaded from storage {oldState: {…}, newState: {…}}
background.js:16 [AI Prompt Queue] [LoadState] State loaded from storage {oldState: {…}, newState: {…}}
background.js:16 [AI Prompt Queue] [LoadState] State loaded from storage {oldState: {…}, newState: {…}}
background.js:16 [AI Prompt Queue] [LoadState] State loaded from storage {oldState: {…}, newState: {…}}
background.js:16 [AI Prompt Queue] [LoadState] State loaded from storage {oldState: {…}, newState: {…}}
background.js:16 [AI Prompt Queue] [LoadState] State loaded from storage {oldState: {…}, newState: {…}}
background.js:16 [AI Prompt Queue] [LoadState] State loaded from storage {oldState: {…}, newState: {…}}
background.js:16 [AI Prompt Queue] [LoadState] State loaded from storage {oldState: {…}, newState: {…}}
background.js:16 [AI Prompt Queue] [LoadState] State loaded from storage {oldState: {…}, newState: {…}}
background.js:16 [AI Prompt Queue] [Health] Tick {running: true, processing: false, promptStartTime: 0, timeSinceActivity: 33904, timeSinceLastRecovery: 1774040566802, …}
background.js:16 [AI Prompt Queue] [LoadState] State loaded from storage {oldState: {…}, newState: {…}}
background.js:16 [AI Prompt Queue] [LoadState] State loaded from storage {oldState: {…}, newState: {…}}
background.js:16 [AI Prompt Queue] [LoadState] State loaded from storage {oldState: {…}, newState: {…}}
background.js:16 [AI Prompt Queue] [LoadState] State loaded from storage {oldState: {…}, newState: {…}}
background.js:16 [AI Prompt Queue] [LoadState] State loaded from storage {oldState: {…}, newState: {…}}
background.js:16 [AI Prompt Queue] [LoadState] State loaded from storage {oldState: {…}, newState: {…}}
background.js:16 [AI Prompt Queue] [LoadState] State loaded from storage {oldState: {…}, newState: {…}}
background.js:16 [AI Prompt Queue] [LoadState] State loaded from storage {oldState: {…}, newState: {…}}
background.js:16 [AI Prompt Queue] [LoadState] State loaded from storage {oldState: {…}, newState: {…}}
background.js:16 [AI Prompt Queue] [LoadState] State loaded from storage {oldState: {…}, newState: {…}}
background.js:16 [AI Prompt Queue] [LoadState] State loaded from storage {oldState: {…}, newState: {…}}
background.js:16 [AI Prompt Queue] [LoadState] State loaded from storage {oldState: {…}, newState: {…}}
background.js:16 [AI Prompt Queue] [LoadState] State loaded from storage {oldState: {…}, newState: {…}}
background.js:16 [AI Prompt Queue] [LoadState] State loaded from storage {oldState: {…}, newState: {…}}
background.js:16 [AI Prompt Queue] [LoadState] State loaded from storage {oldState: {…}, newState: {…}}
background.js:16 [AI Prompt Queue] [LoadState] State loaded from storage {oldState: {…}, newState: {…}}
background.js:16 [AI Prompt Queue] [LoadState] State loaded from storage {oldState: {…}, newState: {…}}
background.js:16 [AI Prompt Queue] [LoadState] State loaded from storage {oldState: {…}, newState: {…}}
background.js:16 [AI Prompt Queue] [LoadState] State loaded from storage {oldState: {…}, newState: {…}}
background.js:16 [AI Prompt Queue] [LoadState] State loaded from storage {oldState: {…}, newState: {…}}
background.js:16 [AI Prompt Queue] [LoadState] State loaded from storage {oldState: {…}, newState: {…}}
background.js:16 [AI Prompt Queue] [LoadState] State loaded from storage {oldState: {…}, newState: {…}}
background.js:16 [AI Prompt Queue] [LoadState] State loaded from storage {oldState: {…}, newState: {…}}
background.js:16 [AI Prompt Queue] [LoadState] State loaded from storage {oldState: {…}, newState: {…}}
background.js:16 [AI Prompt Queue] [LoadState] State loaded from storage {oldState: {…}, newState: {…}}
background.js:16 [AI Prompt Queue] [LoadState] State loaded from storage {oldState: {…}, newState: {…}}
background.js:16 [AI Prompt Queue] [LoadState] State loaded from storage {oldState: {…}, newState: {…}}
background.js:16 [AI Prompt Queue] [LoadState] State loaded from storage {oldState: {…}, newState: {…}}
background.js:16 [AI Prompt Queue] [LoadState] State loaded from storage {oldState: {…}, newState: {…}}
background.js:16 [AI Prompt Queue] [LoadState] State loaded from storage {oldState: {…}, newState: {…}}
background.js:16 [AI Prompt Queue] [LoadState] State loaded from storage {oldState: {…}, newState: {…}}
background.js:16 [AI Prompt Queue] [LoadState] State loaded from storage {oldState: {…}, newState: {…}}
background.js:16 [AI Prompt Queue] [LoadState] State loaded from storage {oldState: {…}, newState: {…}}
background.js:16 [AI Prompt Queue] [LoadState] State loaded from storage {oldState: {…}, newState: {…}}
background.js:16 [AI Prompt Queue] [LoadState] State loaded from storage {oldState: {…}, newState: {…}}
background.js:16 [AI Prompt Queue] [LoadState] State loaded from storage {oldState: {…}, newState: {…}}
background.js:16 [AI Prompt Queue] [LoadState] State loaded from storage {oldState: {…}, newState: {…}}
background.js:16 [AI Prompt Queue] [LoadState] State loaded from storage {oldState: {…}, newState: {…}}
background.js:16 [AI Prompt Queue] [LoadState] State loaded from storage {oldState: {…}, newState: {…}}
background.js:16 [AI Prompt Queue] [LoadState] State loaded from storage {oldState: {…}, newState: {…}}
background.js:16 [AI Prompt Queue] [LoadState] State loaded from storage {oldState: {…}, newState: {…}}
background.js:16 [AI Prompt Queue] [LoadState] State loaded from storage {oldState: {…}, newState: {…}}
background.js:16 [AI Prompt Queue] [LoadState] State loaded from storage {oldState: {…}, newState: {…}}
background.js:16 [AI Prompt Queue] [LoadState] State loaded from storage {oldState: {…}, newState: {…}}
background.js:16 [AI Prompt Queue] [LoadState] State loaded from storage {oldState: {…}, newState: {…}}
background.js:16 [AI Prompt Queue] [LoadState] State loaded from storage {oldState: {…}, newState: {…}}
background.js:16 [AI Prompt Queue] [LoadState] State loaded from storage {oldState: {…}, newState: {…}}
background.js:16 [AI Prompt Queue] [LoadState] State loaded from storage {oldState: {…}, newState: {…}}
background.js:16 [AI Prompt Queue] [Health] Tick {running: true, processing: false, promptStartTime: 0, timeSinceActivity: 38902, timeSinceLastRecovery: 1774040571800, …}
background.js:16 [AI Prompt Queue] [LoadState] State loaded from storage {oldState: {…}, newState: {…}}
background.js:16 [AI Prompt Queue] [LoadState] State loaded from storage {oldState: {…}, newState: {…}}
background.js:16 [AI Prompt Queue] [LoadState] State loaded from storage {oldState: {…}, newState: {…}}
background.js:16 [AI Prompt Queue] [LoadState] State loaded from storage {oldState: {…}, newState: {…}}
background.js:16 [AI Prompt Queue] [LoadState] State loaded from storage {oldState: {…}, newState: {…}}
background.js:16 [AI Prompt Queue] [LoadState] State loaded from storage {oldState: {…}, newState: {…}}
background.js:16 [AI Prompt Queue] [LoadState] State loaded from storage {oldState: {…}, newState: {…}}
background.js:16 [AI Prompt Queue] [LoadState] State loaded from storage {oldState: {…}, newState: {…}}
background.js:16 [AI Prompt Queue] [LoadState] State loaded from storage {oldState: {…}, newState: {…}}
background.js:16 [AI Prompt Queue] [LoadState] State loaded from storage {oldState: {…}, newState: {…}}
background.js:16 [AI Prompt Queue] [LoadState] State loaded from storage {oldState: {…}, newState: {…}}
background.js:16 [AI Prompt Queue] [LoadState] State loaded from storage {oldState: {…}, newState: {…}}
background.js:16 [AI Prompt Queue] [LoadState] State loaded from storage {oldState: {…}, newState: {…}}
background.js:16 [AI Prompt Queue] [LoadState] State loaded from storage {oldState: {…}, newState: {…}}
background.js:16 [AI Prompt Queue] [LoadState] State loaded from storage {oldState: {…}, newState: {…}}
background.js:16 [AI Prompt Queue] [LoadState] State loaded from storage {oldState: {…}, newState: {…}}
background.js:16 [AI Prompt Queue] [LoadState] State loaded from storage {oldState: {…}, newState: {…}}
background.js:16 [AI Prompt Queue] [LoadState] State loaded from storage {oldState: {…}, newState: {…}}
background.js:16 [AI Prompt Queue] [LoadState] State loaded from storage {oldState: {…}, newState: {…}}
background.js:16 [AI Prompt Queue] [LoadState] State loaded from storage {oldState: {…}, newState: {…}}
background.js:16 [AI Prompt Queue] [LoadState] State loaded from storage {oldState: {…}, newState: {…}}
background.js:16 [AI Prompt Queue] [LoadState] State loaded from storage {oldState: {…}, newState: {…}}
background.js:16 [AI Prompt Queue] [LoadState] State loaded from storage {oldState: {…}, newState: {…}}
background.js:16 [AI Prompt Queue] [LoadState] State loaded from storage {oldState: {…}, newState: {…}}
background.js:16 [AI Prompt Queue] [LoadState] State loaded from storage {oldState: {…}, newState: {…}}
background.js:16 [AI Prompt Queue] [LoadState] State loaded from storage {oldState: {…}, newState: {…}}
background.js:16 [AI Prompt Queue] [LoadState] State loaded from storage {oldState: {…}, newState: {…}}
background.js:16 [AI Prompt Queue] [LoadState] State loaded from storage {oldState: {…}, newState: {…}}
background.js:16 [AI Prompt Queue] [LoadState] State loaded from storage {oldState: {…}, newState: {…}}
background.js:16 [AI Prompt Queue] [LoadState] State loaded from storage {oldState: {…}, newState: {…}}
background.js:16 [AI Prompt Queue] [LoadState] State loaded from storage {oldState: {…}, newState: {…}}
background.js:16 [AI Prompt Queue] [LoadState] State loaded from storage {oldState: {…}, newState: {…}}
background.js:16 [AI Prompt Queue] [LoadState] State loaded from storage {oldState: {…}, newState: {…}}
background.js:16 [AI Prompt Queue] [LoadState] State loaded from storage {oldState: {…}, newState: {…}}
background.js:16 [AI Prompt Queue] [LoadState] State loaded from storage {oldState: {…}, newState: {…}}
background.js:16 [AI Prompt Queue] [LoadState] State loaded from storage {oldState: {…}, newState: {…}}
background.js:16 [AI Prompt Queue] [LoadState] State loaded from storage {oldState: {…}, newState: {…}}
background.js:16 [AI Prompt Queue] [LoadState] State loaded from storage {oldState: {…}, newState: {…}}
background.js:16 [AI Prompt Queue] [LoadState] State loaded from storage {oldState: {…}, newState: {…}}
background.js:16 [AI Prompt Queue] [LoadState] State loaded from storage {oldState: {…}, newState: {…}}
background.js:16 [AI Prompt Queue] [LoadState] State loaded from storage {oldState: {…}, newState: {…}}
background.js:16 [AI Prompt Queue] [LoadState] State loaded from storage {oldState: {…}, newState: {…}}
background.js:16 [AI Prompt Queue] [LoadState] State loaded from storage {oldState: {…}, newState: {…}}
background.js:16 [AI Prompt Queue] [LoadState] State loaded from storage {oldState: {…}, newState: {…}}
background.js:16 [AI Prompt Queue] [LoadState] State loaded from storage {oldState: {…}, newState: {…}}
background.js:16 [AI Prompt Queue] [LoadState] State loaded from storage {oldState: {…}, newState: {…}}
background.js:16 [AI Prompt Queue] [LoadState] State loaded from storage {oldState: {…}, newState: {…}}
background.js:16 [AI Prompt Queue] [LoadState] State loaded from storage {oldState: {…}, newState: {…}}
background.js:16 [AI Prompt Queue] [Health] Tick {running: true, processing: false, promptStartTime: 0, timeSinceActivity: 43899, timeSinceLastRecovery: 1774040576797, …}
background.js:16 [AI Prompt Queue] [LoadState] State loaded from storage {oldState: {…}, newState: {…}}
background.js:16 [AI Prompt Queue] [LoadState] State loaded from storage {oldState: {…}, newState: {…}}
background.js:16 [AI Prompt Queue] [LoadState] State loaded from storage {oldState: {…}, newState: {…}}
background.js:16 [AI Prompt Queue] [LoadState] State loaded from storage {oldState: {…}, newState: {…}}
background.js:16 [AI Prompt Queue] [LoadState] State loaded from storage {oldState: {…}, newState: {…}}
background.js:16 [AI Prompt Queue] [LoadState] State loaded from storage {oldState: {…}, newState: {…}}
background.js:16 [AI Prompt Queue] [LoadState] State loaded from storage {oldState: {…}, newState: {…}}
background.js:16 [AI Prompt Queue] [LoadState] State loaded from storage {oldState: {…}, newState: {…}}
background.js:16 [AI Prompt Queue] [LoadState] State loaded from storage {oldState: {…}, newState: {…}}
background.js:16 [AI Prompt Queue] [LoadState] State loaded from storage {oldState: {…}, newState: {…}}
background.js:16 [AI Prompt Queue] [LoadState] State loaded from storage {oldState: {…}, newState: {…}}
background.js:16 [AI Prompt Queue] [LoadState] State loaded from storage {oldState: {…}, newState: {…}}
background.js:16 [AI Prompt Queue] [LoadState] State loaded from storage {oldState: {…}, newState: {…}}
background.js:16 [AI Prompt Queue] [LoadState] State loaded from storage {oldState: {…}, newState: {…}}
background.js:16 [AI Prompt Queue] [LoadState] State loaded from storage {oldState: {…}, newState: {…}}
background.js:16 [AI Prompt Queue] [LoadState] State loaded from storage {oldState: {…}, newState: {…}}
background.js:16 [AI Prompt Queue] [LoadState] State loaded from storage {oldState: {…}, newState: {…}}
background.js:16 [AI Prompt Queue] [LoadState] State loaded from storage {oldState: {…}, newState: {…}}
background.js:16 [AI Prompt Queue] [LoadState] State loaded from storage {oldState: {…}, newState: {…}}
background.js:16 [AI Prompt Queue] [LoadState] State loaded from storage {oldState: {…}, newState: {…}}
background.js:16 [AI Prompt Queue] [LoadState] State loaded from storage {oldState: {…}, newState: {…}}
background.js:16 [AI Prompt Queue] [LoadState] State loaded from storage {oldState: {…}, newState: {…}}
background.js:16 [AI Prompt Queue] [LoadState] State loaded from storage {oldState: {…}, newState: {…}}
background.js:16 [AI Prompt Queue] [LoadState] State loaded from storage {oldState: {…}, newState: {…}}
background.js:16 [AI Prompt Queue] [LoadState] State loaded from storage {oldState: {…}, newState: {…}}
background.js:16 [AI Prompt Queue] [LoadState] State loaded from storage {oldState: {…}, newState: {…}}
background.js:16 [AI Prompt Queue] [LoadState] State loaded from storage {oldState: {…}, newState: {…}}
background.js:16 [AI Prompt Queue] [LoadState] State loaded from storage {oldState: {…}, newState: {…}}
background.js:16 [AI Prompt Queue] [LoadState] State loaded from storage {oldState: {…}, newState: {…}}
background.js:16 [AI Prompt Queue] [LoadState] State loaded from storage {oldState: {…}, newState: {…}}
background.js:16 [AI Prompt Queue] [LoadState] State loaded from storage {oldState: {…}, newState: {…}}
background.js:16 [AI Prompt Queue] [LoadState] State loaded from storage {oldState: {…}, newState: {…}}
background.js:16 [AI Prompt Queue] [LoadState] State loaded from storage {oldState: {…}, newState: {…}}
background.js:16 [AI Prompt Queue] [LoadState] State loaded from storage {oldState: {…}, newState: {…}}
background.js:16 [AI Prompt Queue] [LoadState] State loaded from storage {oldState: {…}, newState: {…}}
background.js:16 [AI Prompt Queue] [LoadState] State loaded from storage {oldState: {…}, newState: {…}}
background.js:16 [AI Prompt Queue] [LoadState] State loaded from storage {oldState: {…}, newState: {…}}
background.js:16 [AI Prompt Queue] [LoadState] State loaded from storage {oldState: {…}, newState: {…}}
background.js:16 [AI Prompt Queue] [LoadState] State loaded from storage {oldState: {…}, newState: {…}}
background.js:16 [AI Prompt Queue] [LoadState] State loaded from storage {oldState: {…}, newState: {…}}
background.js:16 [AI Prompt Queue] [LoadState] State loaded from storage {oldState: {…}, newState: {…}}
background.js:16 [AI Prompt Queue] [LoadState] State loaded from storage {oldState: {…}, newState: {…}}
background.js:16 [AI Prompt Queue] [LoadState] State loaded from storage {oldState: {…}, newState: {…}}
background.js:16 [AI Prompt Queue] [LoadState] State loaded from storage {oldState: {…}, newState: {…}}
background.js:16 [AI Prompt Queue] [LoadState] State loaded from storage {oldState: {…}, newState: {…}}
background.js:16 [AI Prompt Queue] [LoadState] State loaded from storage {oldState: {…}, newState: {…}}
background.js:16 [AI Prompt Queue] [LoadState] State loaded from storage {oldState: {…}, newState: {…}}
background.js:16 [AI Prompt Queue] [LoadState] State loaded from storage {oldState: {…}, newState: {…}}
background.js:16 [AI Prompt Queue] [Health] Tick {running: true, processing: false, promptStartTime: 0, timeSinceActivity: 48912, timeSinceLastRecovery: 1774040581810, …}
background.js:16 [AI Prompt Queue] [LoadState] State loaded from storage {oldState: {…}, newState: {…}}
background.js:16 [AI Prompt Queue] [LoadState] State loaded from storage {oldState: {…}, newState: {…}}
background.js:16 [AI Prompt Queue] [LoadState] State loaded from storage {oldState: {…}, newState: {…}}
background.js:16 [AI Prompt Queue] [LoadState] State loaded from storage {oldState: {…}, newState: {…}}
background.js:16 [AI Prompt Queue] [LoadState] State loaded from storage {oldState: {…}, newState: {…}}
background.js:16 [AI Prompt Queue] [LoadState] State loaded from storage {oldState: {…}, newState: {…}}
background.js:16 [AI Prompt Queue] [LoadState] State loaded from storage {oldState: {…}, newState: {…}}
background.js:16 [AI Prompt Queue] [LoadState] State loaded from storage {oldState: {…}, newState: {…}}
background.js:16 [AI Prompt Queue] [LoadState] State loaded from storage {oldState: {…}, newState: {…}}
background.js:16 [AI Prompt Queue] [LoadState] State loaded from storage {oldState: {…}, newState: {…}}
background.js:16 [AI Prompt Queue] [LoadState] State loaded from storage {oldState: {…}, newState: {…}}
background.js:16 [AI Prompt Queue] [LoadState] State loaded from storage {oldState: {…}, newState: {…}}
background.js:16 [AI Prompt Queue] [LoadState] State loaded from storage {oldState: {…}, newState: {…}}
background.js:16 [AI Prompt Queue] [LoadState] State loaded from storage {oldState: {…}, newState: {…}}
background.js:16 [AI Prompt Queue] [LoadState] State loaded from storage {oldState: {…}, newState: {…}}
background.js:16 [AI Prompt Queue] [LoadState] State loaded from storage {oldState: {…}, newState: {…}}
background.js:16 [AI Prompt Queue] [LoadState] State loaded from storage {oldState: {…}, newState: {…}}
background.js:16 [AI Prompt Queue] [LoadState] State loaded from storage {oldState: {…}, newState: {…}}
background.js:16 [AI Prompt Queue] [LoadState] State loaded from storage {oldState: {…}, newState: {…}}
background.js:16 [AI Prompt Queue] [LoadState] State loaded from storage {oldState: {…}, newState: {…}}
background.js:16 [AI Prompt Queue] [LoadState] State loaded from storage {oldState: {…}, newState: {…}}
background.js:16 [AI Prompt Queue] [LoadState] State loaded from storage {oldState: {…}, newState: {…}}
background.js:16 [AI Prompt Queue] [LoadState] State loaded from storage {oldState: {…}, newState: {…}}
background.js:16 [AI Prompt Queue] [LoadState] State loaded from storage {oldState: {…}, newState: {…}}
background.js:16 [AI Prompt Queue] [LoadState] State loaded from storage {oldState: {…}, newState: {…}}
background.js:16 [AI Prompt Queue] [LoadState] State loaded from storage {oldState: {…}, newState: {…}}
background.js:16 [AI Prompt Queue] [LoadState] State loaded from storage {oldState: {…}, newState: {…}}
background.js:16 [AI Prompt Queue] [LoadState] State loaded from storage {oldState: {…}, newState: {…}}
background.js:16 [AI Prompt Queue] [LoadState] State loaded from storage {oldState: {…}, newState: {…}}
background.js:16 [AI Prompt Queue] [LoadState] State loaded from storage {oldState: {…}, newState: {…}}
background.js:16 [AI Prompt Queue] [LoadState] State loaded from storage {oldState: {…}, newState: {…}}
background.js:16 [AI Prompt Queue] [LoadState] State loaded from storage {oldState: {…}, newState: {…}}
background.js:16 [AI Prompt Queue] [LoadState] State loaded from storage {oldState: {…}, newState: {…}}
background.js:16 [AI Prompt Queue] [LoadState] State loaded from storage {oldState: {…}, newState: {…}}
background.js:16 [AI Prompt Queue] [LoadState] State loaded from storage {oldState: {…}, newState: {…}}
background.js:16 [AI Prompt Queue] [LoadState] State loaded from storage {oldState: {…}, newState: {…}}
background.js:16 [AI Prompt Queue] [LoadState] State loaded from storage {oldState: {…}, newState: {…}}
background.js:16 [AI Prompt Queue] [LoadState] State loaded from storage {oldState: {…}, newState: {…}}
background.js:16 [AI Prompt Queue] [LoadState] State loaded from storage {oldState: {…}, newState: {…}}
background.js:16 [AI Prompt Queue] [LoadState] State loaded from storage {oldState: {…}, newState: {…}}
background.js:16 [AI Prompt Queue] [LoadState] State loaded from storage {oldState: {…}, newState: {…}}
background.js:16 [AI Prompt Queue] [LoadState] State loaded from storage {oldState: {…}, newState: {…}}
background.js:16 [AI Prompt Queue] [LoadState] State loaded from storage {oldState: {…}, newState: {…}}
background.js:16 [AI Prompt Queue] [LoadState] State loaded from storage {oldState: {…}, newState: {…}}
background.js:16 [AI Prompt Queue] [LoadState] State loaded from storage {oldState: {…}, newState: {…}}
background.js:16 [AI Prompt Queue] [LoadState] State loaded from storage {oldState: {…}, newState: {…}}
background.js:16 [AI Prompt Queue] [LoadState] State loaded from storage {oldState: {…}, newState: {…}}
background.js:16 [AI Prompt Queue] [LoadState] State loaded from storage {oldState: {…}, newState: {…}}
background.js:16 [AI Prompt Queue] [LoadState] State loaded from storage {oldState: {…}, newState: {…}}
background.js:16 [AI Prompt Queue] [Health] Tick {running: true, processing: false, promptStartTime: 0, timeSinceActivity: 53911, timeSinceLastRecovery: 1774040586809, …}
background.js:16 [AI Prompt Queue] [LoadState] State loaded from storage {oldState: {…}, newState: {…}}
background.js:16 [AI Prompt Queue] [LoadState] State loaded from storage {oldState: {…}, newState: {…}}
background.js:16 [AI Prompt Queue] [LoadState] State loaded from storage {oldState: {…}, newState: {…}}
background.js:16 [AI Prompt Queue] [LoadState] State loaded from storage {oldState: {…}, newState: {…}}
background.js:16 [AI Prompt Queue] [LoadState] State loaded from storage {oldState: {…}, newState: {…}}
background.js:16 [AI Prompt Queue] [LoadState] State loaded from storage {oldState: {…}, newState: {…}}
background.js:16 [AI Prompt Queue] [LoadState] State loaded from storage {oldState: {…}, newState: {…}}
background.js:16 [AI Prompt Queue] [LoadState] State loaded from storage {oldState: {…}, newState: {…}}
background.js:16 [AI Prompt Queue] [LoadState] State loaded from storage {oldState: {…}, newState: {…}}
background.js:16 [AI Prompt Queue] [LoadState] State loaded from storage {oldState: {…}, newState: {…}}
background.js:16 [AI Prompt Queue] [LoadState] State loaded from storage {oldState: {…}, newState: {…}}
background.js:16 [AI Prompt Queue] [LoadState] State loaded from storage {oldState: {…}, newState: {…}}
background.js:16 [AI Prompt Queue] [LoadState] State loaded from storage {oldState: {…}, newState: {…}}
background.js:16 [AI Prompt Queue] [LoadState] State loaded from storage {oldState: {…}, newState: {…}}
background.js:16 [AI Prompt Queue] [LoadState] State loaded from storage {oldState: {…}, newState: {…}}
background.js:16 [AI Prompt Queue] [LoadState] State loaded from storage {oldState: {…}, newState: {…}}
background.js:16 [AI Prompt Queue] [LoadState] State loaded from storage {oldState: {…}, newState: {…}}
background.js:16 [AI Prompt Queue] [LoadState] State loaded from storage {oldState: {…}, newState: {…}}
background.js:16 [AI Prompt Queue] [LoadState] State loaded from storage {oldState: {…}, newState: {…}}
background.js:16 [AI Prompt Queue] [LoadState] State loaded from storage {oldState: {…}, newState: {…}}
background.js:16 [AI Prompt Queue] [LoadState] State loaded from storage {oldState: {…}, newState: {…}}
background.js:16 [AI Prompt Queue] [LoadState] State loaded from storage {oldState: {…}, newState: {…}}
background.js:16 [AI Prompt Queue] [LoadState] State loaded from storage {oldState: {…}, newState: {…}}
background.js:16 [AI Prompt Queue] [LoadState] State loaded from storage {oldState: {…}, newState: {…}}
background.js:16 [AI Prompt Queue] [LoadState] State loaded from storage {oldState: {…}, newState: {…}}
background.js:16 [AI Prompt Queue] [LoadState] State loaded from storage {oldState: {…}, newState: {…}}
background.js:16 [AI Prompt Queue] [LoadState] State loaded from storage {oldState: {…}, newState: {…}}
background.js:16 [AI Prompt Queue] [LoadState] State loaded from storage {oldState: {…}, newState: {…}}
background.js:16 [AI Prompt Queue] [LoadState] State loaded from storage {oldState: {…}, newState: {…}}
background.js:16 [AI Prompt Queue] [LoadState] State loaded from storage {oldState: {…}, newState: {…}}
background.js:16 [AI Prompt Queue] [LoadState] State loaded from storage {oldState: {…}, newState: {…}}
background.js:16 [AI Prompt Queue] [LoadState] State loaded from storage {oldState: {…}, newState: {…}}
background.js:16 [AI Prompt Queue] [LoadState] State loaded from storage {oldState: {…}, newState: {…}}
background.js:16 [AI Prompt Queue] [LoadState] State loaded from storage {oldState: {…}, newState: {…}}
background.js:16 [AI Prompt Queue] [LoadState] State loaded from storage {oldState: {…}, newState: {…}}
background.js:16 [AI Prompt Queue] [LoadState] State loaded from storage {oldState: {…}, newState: {…}}
background.js:16 [AI Prompt Queue] [LoadState] State loaded from storage {oldState: {…}, newState: {…}}
background.js:16 [AI Prompt Queue] [LoadState] State loaded from storage {oldState: {…}, newState: {…}}
background.js:16 [AI Prompt Queue] [LoadState] State loaded from storage {oldState: {…}, newState: {…}}
background.js:16 [AI Prompt Queue] [LoadState] State loaded from storage {oldState: {…}, newState: {…}}
background.js:16 [AI Prompt Queue] [LoadState] State loaded from storage {oldState: {…}, newState: {…}}
background.js:16 [AI Prompt Queue] [LoadState] State loaded from storage {oldState: {…}, newState: {…}}
background.js:16 [AI Prompt Queue] [LoadState] State loaded from storage {oldState: {…}, newState: {…}}
background.js:16 [AI Prompt Queue] [LoadState] State loaded from storage {oldState: {…}, newState: {…}}
background.js:16 [AI Prompt Queue] [LoadState] State loaded from storage {oldState: {…}, newState: {…}}
background.js:16 [AI Prompt Queue] [LoadState] State loaded from storage {oldState: {…}, newState: {…}}
background.js:16 [AI Prompt Queue] [LoadState] State loaded from storage {oldState: {…}, newState: {…}}
background.js:16 [AI Prompt Queue] [Health] Tick {running: true, processing: false, promptStartTime: 0, timeSinceActivity: 58909, timeSinceLastRecovery: 1774040591807, …}
background.js:16 [AI Prompt Queue] [LoadState] State loaded from storage {oldState: {…}, newState: {…}}
background.js:16 [AI Prompt Queue] [LoadState] State loaded from storage {oldState: {…}, newState: {…}}
background.js:16 [AI Prompt Queue] [LoadState] State loaded from storage {oldState: {…}, newState: {…}}
background.js:16 [AI Prompt Queue] [LoadState] State loaded from storage {oldState: {…}, newState: {…}}
background.js:16 [AI Prompt Queue] [LoadState] State loaded from storage {oldState: {…}, newState: {…}}
background.js:16 [AI Prompt Queue] [LoadState] State loaded from storage {oldState: {…}, newState: {…}}
background.js:16 [AI Prompt Queue] [LoadState] State loaded from storage {oldState: {…}, newState: {…}}
background.js:16 [AI Prompt Queue] [LoadState] State loaded from storage {oldState: {…}, newState: {…}}
background.js:16 [AI Prompt Queue] [LoadState] State loaded from storage {oldState: {…}, newState: {…}}
background.js:16 [AI Prompt Queue] [LoadState] State loaded from storage {oldState: {…}, newState: {…}}
background.js:16 [AI Prompt Queue] [LoadState] State loaded from storage {oldState: {…}, newState: {…}}
background.js:16 [AI Prompt Queue] [LoadState] State loaded from storage {oldState: {…}, newState: {…}}
background.js:16 [AI Prompt Queue] [LoadState] State loaded from storage {oldState: {…}, newState: {…}}
background.js:16 [AI Prompt Queue] [LoadState] State loaded from storage {oldState: {…}, newState: {…}}
background.js:16 [AI Prompt Queue] [LoadState] State loaded from storage {oldState: {…}, newState: {…}}
background.js:16 [AI Prompt Queue] [LoadState] State loaded from storage {oldState: {…}, newState: {…}}
background.js:16 [AI Prompt Queue] [LoadState] State loaded from storage {oldState: {…}, newState: {…}}
background.js:16 [AI Prompt Queue] [LoadState] State loaded from storage {oldState: {…}, newState: {…}}
background.js:16 [AI Prompt Queue] [LoadState] State loaded from storage {oldState: {…}, newState: {…}}
background.js:16 [AI Prompt Queue] [LoadState] State loaded from storage {oldState: {…}, newState: {…}}
background.js:16 [AI Prompt Queue] [LoadState] State loaded from storage {oldState: {…}, newState: {…}}
background.js:16 [AI Prompt Queue] [LoadState] State loaded from storage {oldState: {…}, newState: {…}}
background.js:16 [AI Prompt Queue] [LoadState] State loaded from storage {oldState: {…}, newState: {…}}
background.js:16 [AI Prompt Queue] [LoadState] State loaded from storage {oldState: {…}, newState: {…}}
background.js:16 [AI Prompt Queue] [LoadState] State loaded from storage {oldState: {…}, newState: {…}}
background.js:16 [AI Prompt Queue] [LoadState] State loaded from storage {oldState: {…}, newState: {…}}
background.js:16 [AI Prompt Queue] [LoadState] State loaded from storage {oldState: {…}, newState: {…}}
background.js:16 [AI Prompt Queue] [LoadState] State loaded from storage {oldState: {…}, newState: {…}}
background.js:16 [AI Prompt Queue] [LoadState] State loaded from storage {oldState: {…}, newState: {…}}
background.js:16 [AI Prompt Queue] [LoadState] State loaded from storage {oldState: {…}, newState: {…}}
background.js:16 [AI Prompt Queue] [LoadState] State loaded from storage {oldState: {…}, newState: {…}}
background.js:16 [AI Prompt Queue] [LoadState] State loaded from storage {oldState: {…}, newState: {…}}
background.js:16 [AI Prompt Queue] [LoadState] State loaded from storage {oldState: {…}, newState: {…}}
background.js:16 [AI Prompt Queue] [LoadState] State loaded from storage {oldState: {…}, newState: {…}}
background.js:16 [AI Prompt Queue] [LoadState] State loaded from storage {oldState: {…}, newState: {…}}
background.js:16 [AI Prompt Queue] [LoadState] State loaded from storage {oldState: {…}, newState: {…}}
background.js:16 [AI Prompt Queue] [LoadState] State loaded from storage {oldState: {…}, newState: {…}}
background.js:16 [AI Prompt Queue] [LoadState] State loaded from storage {oldState: {…}, newState: {…}}
background.js:16 [AI Prompt Queue] [LoadState] State loaded from storage {oldState: {…}, newState: {…}}
background.js:16 [AI Prompt Queue] [LoadState] State loaded from storage {oldState: {…}, newState: {…}}
background.js:16 [AI Prompt Queue] [LoadState] State loaded from storage {oldState: {…}, newState: {…}}
background.js:16 [AI Prompt Queue] [LoadState] State loaded from storage {oldState: {…}, newState: {…}}
background.js:16 [AI Prompt Queue] [LoadState] State loaded from storage {oldState: {…}, newState: {…}}
background.js:16 [AI Prompt Queue] [LoadState] State loaded from storage {oldState: {…}, newState: {…}}
background.js:16 [AI Prompt Queue] [LoadState] State loaded from storage {oldState: {…}, newState: {…}}
background.js:16 [AI Prompt Queue] [LoadState] State loaded from storage {oldState: {…}, newState: {…}}
background.js:16 [AI Prompt Queue] [LoadState] State loaded from storage {oldState: {…}, newState: {…}}
background.js:16 [AI Prompt Queue] [LoadState] State loaded from storage {oldState: {…}, newState: {…}}
background.js:16 [AI Prompt Queue] [LoadState] State loaded from storage {oldState: {…}, newState: {…}}
background.js:16 [AI Prompt Queue] [Health] Tick {running: true, processing: false, promptStartTime: 0, timeSinceActivity: 63906, timeSinceLastRecovery: 1774040596804, …}
background.js:16 [AI Prompt Queue] [LoadState] State loaded from storage {oldState: {…}, newState: {…}}
background.js:16 [AI Prompt Queue] [LoadState] State loaded from storage {oldState: {…}, newState: {…}}
background.js:16 [AI Prompt Queue] [LoadState] State loaded from storage {oldState: {…}, newState: {…}}
background.js:16 [AI Prompt Queue] [LoadState] State loaded from storage {oldState: {…}, newState: {…}}
background.js:16 [AI Prompt Queue] [LoadState] State loaded from storage {oldState: {…}, newState: {…}}
background.js:16 [AI Prompt Queue] [LoadState] State loaded from storage {oldState: {…}, newState: {…}}
background.js:16 [AI Prompt Queue] [LoadState] State loaded from storage {oldState: {…}, newState: {…}}
background.js:16 [AI Prompt Queue] [LoadState] State loaded from storage {oldState: {…}, newState: {…}}
background.js:16 [AI Prompt Queue] [LoadState] State loaded from storage {oldState: {…}, newState: {…}}
background.js:16 [AI Prompt Queue] [LoadState] State loaded from storage {oldState: {…}, newState: {…}}
background.js:16 [AI Prompt Queue] [LoadState] State loaded from storage {oldState: {…}, newState: {…}}
background.js:16 [AI Prompt Queue] [LoadState] State loaded from storage {oldState: {…}, newState: {…}}
background.js:16 [AI Prompt Queue] [LoadState] State loaded from storage {oldState: {…}, newState: {…}}
background.js:16 [AI Prompt Queue] [LoadState] State loaded from storage {oldState: {…}, newState: {…}}
background.js:16 [AI Prompt Queue] [LoadState] State loaded from storage {oldState: {…}, newState: {…}}
background.js:16 [AI Prompt Queue] [LoadState] State loaded from storage {oldState: {…}, newState: {…}}
background.js:16 [AI Prompt Queue] [LoadState] State loaded from storage {oldState: {…}, newState: {…}}
background.js:16 [AI Prompt Queue] [LoadState] State loaded from storage {oldState: {…}, newState: {…}}
background.js:16 [AI Prompt Queue] [LoadState] State loaded from storage {oldState: {…}, newState: {…}}
background.js:16 [AI Prompt Queue] [LoadState] State loaded from storage {oldState: {…}, newState: {…}}
background.js:16 [AI Prompt Queue] [LoadState] State loaded from storage {oldState: {…}, newState: {…}}
background.js:16 [AI Prompt Queue] [LoadState] State loaded from storage {oldState: {…}, newState: {…}}
background.js:16 [AI Prompt Queue] [LoadState] State loaded from storage {oldState: {…}, newState: {…}}
background.js:16 [AI Prompt Queue] [LoadState] State loaded from storage {oldState: {…}, newState: {…}}
background.js:16 [AI Prompt Queue] [LoadState] State loaded from storage {oldState: {…}, newState: {…}}
background.js:16 [AI Prompt Queue] [LoadState] State loaded from storage {oldState: {…}, newState: {…}}
background.js:16 [AI Prompt Queue] [LoadState] State loaded from storage {oldState: {…}, newState: {…}}
background.js:16 [AI Prompt Queue] [LoadState] State loaded from storage {oldState: {…}, newState: {…}}
background.js:16 [AI Prompt Queue] [LoadState] State loaded from storage {oldState: {…}, newState: {…}}
background.js:16 [AI Prompt Queue] [LoadState] State loaded from storage {oldState: {…}, newState: {…}}
background.js:16 [AI Prompt Queue] [LoadState] State loaded from storage {oldState: {…}, newState: {…}}
background.js:16 [AI Prompt Queue] [LoadState] State loaded from storage {oldState: {…}, newState: {…}}
background.js:16 [AI Prompt Queue] [LoadState] State loaded from storage {oldState: {…}, newState: {…}}
background.js:16 [AI Prompt Queue] [LoadState] State loaded from storage {oldState: {…}, newState: {…}}
background.js:16 [AI Prompt Queue] [LoadState] State loaded from storage {oldState: {…}, newState: {…}}
background.js:16 [AI Prompt Queue] [LoadState] State loaded from storage {oldState: {…}, newState: {…}}
background.js:16 [AI Prompt Queue] [LoadState] State loaded from storage {oldState: {…}, newState: {…}}
background.js:16 [AI Prompt Queue] [LoadState] State loaded from storage {oldState: {…}, newState: {…}}
background.js:16 [AI Prompt Queue] [LoadState] State loaded from storage {oldState: {…}, newState: {…}}
background.js:16 [AI Prompt Queue] [LoadState] State loaded from storage {oldState: {…}, newState: {…}}
background.js:16 [AI Prompt Queue] [LoadState] State loaded from storage {oldState: {…}, newState: {…}}
background.js:16 [AI Prompt Queue] [LoadState] State loaded from storage {oldState: {…}, newState: {…}}
background.js:16 [AI Prompt Queue] [LoadState] State loaded from storage {oldState: {…}, newState: {…}}
background.js:16 [AI Prompt Queue] [LoadState] State loaded from storage {oldState: {…}, newState: {…}}
background.js:16 [AI Prompt Queue] [LoadState] State loaded from storage {oldState: {…}, newState: {…}}
background.js:16 [AI Prompt Queue] [LoadState] State loaded from storage {oldState: {…}, newState: {…}}
background.js:16 [AI Prompt Queue] [LoadState] State loaded from storage {oldState: {…}, newState: {…}}
background.js:16 [AI Prompt Queue] [LoadState] State loaded from storage {oldState: {…}, newState: {…}}
background.js:16 [AI Prompt Queue] [Health] Tick {running: true, processing: false, promptStartTime: 0, timeSinceActivity: 68903, timeSinceLastRecovery: 1774040601801, …}
background.js:16 [AI Prompt Queue] [LoadState] State loaded from storage {oldState: {…}, newState: {…}}
background.js:16 [AI Prompt Queue] [LoadState] State loaded from storage {oldState: {…}, newState: {…}}
background.js:16 [AI Prompt Queue] [LoadState] State loaded from storage {oldState: {…}, newState: {…}}
background.js:16 [AI Prompt Queue] [LoadState] State loaded from storage {oldState: {…}, newState: {…}}
background.js:16 [AI Prompt Queue] [LoadState] State loaded from storage {oldState: {…}, newState: {…}}
background.js:16 [AI Prompt Queue] [LoadState] State loaded from storage {oldState: {…}, newState: {…}}
background.js:16 [AI Prompt Queue] [LoadState] State loaded from storage {oldState: {…}, newState: {…}}
background.js:16 [AI Prompt Queue] [LoadState] State loaded from storage {oldState: {…}, newState: {…}}
background.js:16 [AI Prompt Queue] [LoadState] State loaded from storage {oldState: {…}, newState: {…}}
background.js:16 [AI Prompt Queue] [LoadState] State loaded from storage {oldState: {…}, newState: {…}}
background.js:16 [AI Prompt Queue] [LoadState] State loaded from storage {oldState: {…}, newState: {…}}
background.js:16 [AI Prompt Queue] [LoadState] State loaded from storage {oldState: {…}, newState: {…}}
background.js:16 [AI Prompt Queue] [LoadState] State loaded from storage {oldState: {…}, newState: {…}}
background.js:16 [AI Prompt Queue] [LoadState] State loaded from storage {oldState: {…}, newState: {…}}
background.js:16 [AI Prompt Queue] [LoadState] State loaded from storage {oldState: {…}, newState: {…}}
background.js:16 [AI Prompt Queue] [LoadState] State loaded from storage {oldState: {…}, newState: {…}}
background.js:16 [AI Prompt Queue] [LoadState] State loaded from storage {oldState: {…}, newState: {…}}
background.js:16 [AI Prompt Queue] [LoadState] State loaded from storage {oldState: {…}, newState: {…}}
background.js:16 [AI Prompt Queue] [LoadState] State loaded from storage {oldState: {…}, newState: {…}}
background.js:16 [AI Prompt Queue] [LoadState] State loaded from storage {oldState: {…}, newState: {…}}
background.js:16 [AI Prompt Queue] [LoadState] State loaded from storage {oldState: {…}, newState: {…}}
background.js:16 [AI Prompt Queue] [LoadState] State loaded from storage {oldState: {…}, newState: {…}}
background.js:16 [AI Prompt Queue] [LoadState] State loaded from storage {oldState: {…}, newState: {…}}
background.js:16 [AI Prompt Queue] [LoadState] State loaded from storage {oldState: {…}, newState: {…}}
background.js:16 [AI Prompt Queue] [LoadState] State loaded from storage {oldState: {…}, newState: {…}}
background.js:16 [AI Prompt Queue] [LoadState] State loaded from storage {oldState: {…}, newState: {…}}
background.js:16 [AI Prompt Queue] [LoadState] State loaded from storage {oldState: {…}, newState: {…}}
background.js:16 [AI Prompt Queue] [LoadState] State loaded from storage {oldState: {…}, newState: {…}}
background.js:16 [AI Prompt Queue] [LoadState] State loaded from storage {oldState: {…}, newState: {…}}
background.js:16 [AI Prompt Queue] [LoadState] State loaded from storage {oldState: {…}, newState: {…}}
background.js:16 [AI Prompt Queue] [LoadState] State loaded from storage {oldState: {…}, newState: {…}}
background.js:16 [AI Prompt Queue] [LoadState] State loaded from storage {oldState: {…}, newState: {…}}
background.js:16 [AI Prompt Queue] [LoadState] State loaded from storage {oldState: {…}, newState: {…}}
background.js:16 [AI Prompt Queue] [LoadState] State loaded from storage {oldState: {…}, newState: {…}}
background.js:16 [AI Prompt Queue] [LoadState] State loaded from storage {oldState: {…}, newState: {…}}
background.js:16 [AI Prompt Queue] [LoadState] State loaded from storage {oldState: {…}, newState: {…}}
background.js:16 [AI Prompt Queue] [LoadState] State loaded from storage {oldState: {…}, newState: {…}}
background.js:16 [AI Prompt Queue] [LoadState] State loaded from storage {oldState: {…}, newState: {…}}
background.js:16 [AI Prompt Queue] [LoadState] State loaded from storage {oldState: {…}, newState: {…}}
background.js:16 [AI Prompt Queue] [LoadState] State loaded from storage {oldState: {…}, newState: {…}}
background.js:16 [AI Prompt Queue] [LoadState] State loaded from storage {oldState: {…}, newState: {…}}
background.js:16 [AI Prompt Queue] [LoadState] State loaded from storage {oldState: {…}, newState: {…}}
background.js:16 [AI Prompt Queue] [LoadState] State loaded from storage {oldState: {…}, newState: {…}}
background.js:16 [AI Prompt Queue] [LoadState] State loaded from storage {oldState: {…}, newState: {…}}
background.js:16 [AI Prompt Queue] [LoadState] State loaded from storage {oldState: {…}, newState: {…}}
background.js:16 [AI Prompt Queue] [LoadState] State loaded from storage {oldState: {…}, newState: {…}}
background.js:16 [AI Prompt Queue] [LoadState] State loaded from storage {oldState: {…}, newState: {…}}
background.js:16 [AI Prompt Queue] [LoadState] State loaded from storage {oldState: {…}, newState: {…}}
background.js:16 [AI Prompt Queue] [LoadState] State loaded from storage {oldState: {…}, newState: {…}}
background.js:16 [AI Prompt Queue] [Health] Tick {running: true, processing: false, promptStartTime: 0, timeSinceActivity: 73902, timeSinceLastRecovery: 1774040606800, …}
background.js:16 [AI Prompt Queue] [LoadState] State loaded from storage {oldState: {…}, newState: {…}}
background.js:16 [AI Prompt Queue] [LoadState] State loaded from storage {oldState: {…}, newState: {…}}
background.js:16 [AI Prompt Queue] [LoadState] State loaded from storage {oldState: {…}, newState: {…}}
background.js:16 [AI Prompt Queue] [LoadState] State loaded from storage {oldState: {…}, newState: {…}}
background.js:16 [AI Prompt Queue] [LoadState] State loaded from storage {oldState: {…}, newState: {…}}
background.js:16 [AI Prompt Queue] [LoadState] State loaded from storage {oldState: {…}, newState: {…}}
background.js:16 [AI Prompt Queue] [LoadState] State loaded from storage {oldState: {…}, newState: {…}}
background.js:16 [AI Prompt Queue] [LoadState] State loaded from storage {oldState: {…}, newState: {…}}
background.js:16 [AI Prompt Queue] [LoadState] State loaded from storage {oldState: {…}, newState: {…}}
background.js:16 [AI Prompt Queue] [LoadState] State loaded from storage {oldState: {…}, newState: {…}}
background.js:16 [AI Prompt Queue] [LoadState] State loaded from storage {oldState: {…}, newState: {…}}
background.js:16 [AI Prompt Queue] [LoadState] State loaded from storage {oldState: {…}, newState: {…}}
background.js:16 [AI Prompt Queue] [LoadState] State loaded from storage {oldState: {…}, newState: {…}}
background.js:16 [AI Prompt Queue] [LoadState] State loaded from storage {oldState: {…}, newState: {…}}
background.js:16 [AI Prompt Queue] [LoadState] State loaded from storage {oldState: {…}, newState: {…}}
background.js:16 [AI Prompt Queue] [LoadState] State loaded from storage {oldState: {…}, newState: {…}}
background.js:16 [AI Prompt Queue] [LoadState] State loaded from storage {oldState: {…}, newState: {…}}
background.js:16 [AI Prompt Queue] [LoadState] State loaded from storage {oldState: {…}, newState: {…}}
background.js:16 [AI Prompt Queue] [LoadState] State loaded from storage {oldState: {…}, newState: {…}}
background.js:16 [AI Prompt Queue] [LoadState] State loaded from storage {oldState: {…}, newState: {…}}
background.js:16 [AI Prompt Queue] [LoadState] State loaded from storage {oldState: {…}, newState: {…}}
background.js:16 [AI Prompt Queue] [LoadState] State loaded from storage {oldState: {…}, newState: {…}}
background.js:16 [AI Prompt Queue] [LoadState] State loaded from storage {oldState: {…}, newState: {…}}
background.js:16 [AI Prompt Queue] [LoadState] State loaded from storage {oldState: {…}, newState: {…}}
background.js:16 [AI Prompt Queue] [LoadState] State loaded from storage {oldState: {…}, newState: {…}}
background.js:16 [AI Prompt Queue] [LoadState] State loaded from storage {oldState: {…}, newState: {…}}
background.js:16 [AI Prompt Queue] [LoadState] State loaded from storage {oldState: {…}, newState: {…}}
background.js:16 [AI Prompt Queue] [LoadState] State loaded from storage {oldState: {…}, newState: {…}}
background.js:16 [AI Prompt Queue] [LoadState] State loaded from storage {oldState: {…}, newState: {…}}
background.js:16 [AI Prompt Queue] [LoadState] State loaded from storage {oldState: {…}, newState: {…}}
background.js:16 [AI Prompt Queue] [LoadState] State loaded from storage {oldState: {…}, newState: {…}}
background.js:16 [AI Prompt Queue] [LoadState] State loaded from storage {oldState: {…}, newState: {…}}
background.js:16 [AI Prompt Queue] [LoadState] State loaded from storage {oldState: {…}, newState: {…}}
background.js:16 [AI Prompt Queue] [LoadState] State loaded from storage {oldState: {…}, newState: {…}}
background.js:16 [AI Prompt Queue] [LoadState] State loaded from storage {oldState: {…}, newState: {…}}
background.js:16 [AI Prompt Queue] [LoadState] State loaded from storage {oldState: {…}, newState: {…}}
background.js:16 [AI Prompt Queue] [LoadState] State loaded from storage {oldState: {…}, newState: {…}}
background.js:16 [AI Prompt Queue] [LoadState] State loaded from storage {oldState: {…}, newState: {…}}
background.js:16 [AI Prompt Queue] [LoadState] State loaded from storage {oldState: {…}, newState: {…}}
background.js:16 [AI Prompt Queue] [LoadState] State loaded from storage {oldState: {…}, newState: {…}}
background.js:16 [AI Prompt Queue] [LoadState] State loaded from storage {oldState: {…}, newState: {…}}
background.js:16 [AI Prompt Queue] [LoadState] State loaded from storage {oldState: {…}, newState: {…}}
background.js:16 [AI Prompt Queue] [LoadState] State loaded from storage {oldState: {…}, newState: {…}}
background.js:16 [AI Prompt Queue] [LoadState] State loaded from storage {oldState: {…}, newState: {…}}
background.js:16 [AI Prompt Queue] [LoadState] State loaded from storage {oldState: {…}, newState: {…}}
background.js:16 [AI Prompt Queue] [LoadState] State loaded from storage {oldState: {…}, newState: {…}}
background.js:16 [AI Prompt Queue] [LoadState] State loaded from storage {oldState: {…}, newState: {…}}
background.js:16 [AI Prompt Queue] [LoadState] State loaded from storage {oldState: {…}, newState: {…}}
background.js:16 [AI Prompt Queue] [Health] Tick {running: true, processing: false, promptStartTime: 0, timeSinceActivity: 78899, timeSinceLastRecovery: 1774040611797, …}
background.js:16 [AI Prompt Queue] [LoadState] State loaded from storage {oldState: {…}, newState: {…}}
background.js:16 [AI Prompt Queue] [LoadState] State loaded from storage {oldState: {…}, newState: {…}}
background.js:16 [AI Prompt Queue] [LoadState] State loaded from storage {oldState: {…}, newState: {…}}
background.js:16 [AI Prompt Queue] [LoadState] State loaded from storage {oldState: {…}, newState: {…}}
background.js:16 [AI Prompt Queue] [LoadState] State loaded from storage {oldState: {…}, newState: {…}}
background.js:16 [AI Prompt Queue] [LoadState] State loaded from storage {oldState: {…}, newState: {…}}
background.js:16 [AI Prompt Queue] [LoadState] State loaded from storage {oldState: {…}, newState: {…}}
background.js:16 [AI Prompt Queue] [LoadState] State loaded from storage {oldState: {…}, newState: {…}}
background.js:16 [AI Prompt Queue] [LoadState] State loaded from storage {oldState: {…}, newState: {…}}
background.js:16 [AI Prompt Queue] [LoadState] State loaded from storage {oldState: {…}, newState: {…}}
background.js:16 [AI Prompt Queue] [LoadState] State loaded from storage {oldState: {…}, newState: {…}}
background.js:16 [AI Prompt Queue] [LoadState] State loaded from storage {oldState: {…}, newState: {…}}
background.js:16 [AI Prompt Queue] [LoadState] State loaded from storage {oldState: {…}, newState: {…}}
background.js:16 [AI Prompt Queue] [LoadState] State loaded from storage {oldState: {…}, newState: {…}}
background.js:16 [AI Prompt Queue] [LoadState] State loaded from storage {oldState: {…}, newState: {…}}
background.js:16 [AI Prompt Queue] [LoadState] State loaded from storage {oldState: {…}, newState: {…}}
background.js:16 [AI Prompt Queue] [LoadState] State loaded from storage {oldState: {…}, newState: {…}}
background.js:16 [AI Prompt Queue] [LoadState] State loaded from storage {oldState: {…}, newState: {…}}
background.js:16 [AI Prompt Queue] [LoadState] State loaded from storage {oldState: {…}, newState: {…}}
background.js:16 [AI Prompt Queue] [LoadState] State loaded from storage {oldState: {…}, newState: {…}}
background.js:16 [AI Prompt Queue] [LoadState] State loaded from storage {oldState: {…}, newState: {…}}
background.js:16 [AI Prompt Queue] [LoadState] State loaded from storage {oldState: {…}, newState: {…}}
background.js:16 [AI Prompt Queue] [LoadState] State loaded from storage {oldState: {…}, newState: {…}}
background.js:16 [AI Prompt Queue] [LoadState] State loaded from storage {oldState: {…}, newState: {…}}
background.js:16 [AI Prompt Queue] [LoadState] State loaded from storage {oldState: {…}, newState: {…}}
background.js:16 [AI Prompt Queue] [LoadState] State loaded from storage {oldState: {…}, newState: {…}}
background.js:16 [AI Prompt Queue] [LoadState] State loaded from storage {oldState: {…}, newState: {…}}
background.js:16 [AI Prompt Queue] [LoadState] State loaded from storage {oldState: {…}, newState: {…}}
background.js:16 [AI Prompt Queue] [LoadState] State loaded from storage {oldState: {…}, newState: {…}}
background.js:16 [AI Prompt Queue] [LoadState] State loaded from storage {oldState: {…}, newState: {…}}
background.js:16 [AI Prompt Queue] [LoadState] State loaded from storage {oldState: {…}, newState: {…}}
background.js:16 [AI Prompt Queue] [LoadState] State loaded from storage {oldState: {…}, newState: {…}}
background.js:16 [AI Prompt Queue] [LoadState] State loaded from storage {oldState: {…}, newState: {…}}
background.js:16 [AI Prompt Queue] [LoadState] State loaded from storage {oldState: {…}, newState: {…}}
background.js:16 [AI Prompt Queue] [LoadState] State loaded from storage {oldState: {…}, newState: {…}}
background.js:16 [AI Prompt Queue] [LoadState] State loaded from storage {oldState: {…}, newState: {…}}
background.js:16 [AI Prompt Queue] [LoadState] State loaded from storage {oldState: {…}, newState: {…}}
background.js:16 [AI Prompt Queue] [LoadState] State loaded from storage {oldState: {…}, newState: {…}}
background.js:16 [AI Prompt Queue] [LoadState] State loaded from storage {oldState: {…}, newState: {…}}
background.js:16 [AI Prompt Queue] [LoadState] State loaded from storage {oldState: {…}, newState: {…}}
background.js:16 [AI Prompt Queue] [LoadState] State loaded from storage {oldState: {…}, newState: {…}}
background.js:16 [AI Prompt Queue] [LoadState] State loaded from storage {oldState: {…}, newState: {…}}
background.js:16 [AI Prompt Queue] [LoadState] State loaded from storage {oldState: {…}, newState: {…}}
background.js:16 [AI Prompt Queue] [LoadState] State loaded from storage {oldState: {…}, newState: {…}}
background.js:16 [AI Prompt Queue] [LoadState] State loaded from storage {oldState: {…}, newState: {…}}
background.js:16 [AI Prompt Queue] [LoadState] State loaded from storage {oldState: {…}, newState: {…}}
background.js:16 [AI Prompt Queue] [LoadState] State loaded from storage {oldState: {…}, newState: {…}}
background.js:16 [AI Prompt Queue] [LoadState] State loaded from storage {oldState: {…}, newState: {…}}
background.js:16 [AI Prompt Queue] [Health] Tick {running: true, processing: false, promptStartTime: 0, timeSinceActivity: 83900, timeSinceLastRecovery: 1774040616798, …}
background.js:16 [AI Prompt Queue] [LoadState] State loaded from storage {oldState: {…}, newState: {…}}
background.js:16 [AI Prompt Queue] [LoadState] State loaded from storage {oldState: {…}, newState: {…}}
background.js:16 [AI Prompt Queue] [LoadState] State loaded from storage {oldState: {…}, newState: {…}}
background.js:16 [AI Prompt Queue] [LoadState] State loaded from storage {oldState: {…}, newState: {…}}
background.js:16 [AI Prompt Queue] [LoadState] State loaded from storage {oldState: {…}, newState: {…}}
background.js:16 [AI Prompt Queue] [LoadState] State loaded from storage {oldState: {…}, newState: {…}}
background.js:16 [AI Prompt Queue] [LoadState] State loaded from storage {oldState: {…}, newState: {…}}
background.js:16 [AI Prompt Queue] [LoadState] State loaded from storage {oldState: {…}, newState: {…}}
background.js:16 [AI Prompt Queue] [LoadState] State loaded from storage {oldState: {…}, newState: {…}}
background.js:16 [AI Prompt Queue] [LoadState] State loaded from storage {oldState: {…}, newState: {…}}
background.js:16 [AI Prompt Queue] [LoadState] State loaded from storage {oldState: {…}, newState: {…}}
background.js:16 [AI Prompt Queue] [LoadState] State loaded from storage {oldState: {…}, newState: {…}}
background.js:16 [AI Prompt Queue] [LoadState] State loaded from storage {oldState: {…}, newState: {…}}
background.js:16 [AI Prompt Queue] [LoadState] State loaded from storage {oldState: {…}, newState: {…}}
background.js:16 [AI Prompt Queue] [LoadState] State loaded from storage {oldState: {…}, newState: {…}}
background.js:16 [AI Prompt Queue] [LoadState] State loaded from storage {oldState: {…}, newState: {…}}
background.js:16 [AI Prompt Queue] [LoadState] State loaded from storage {oldState: {…}, newState: {…}}
background.js:16 [AI Prompt Queue] [LoadState] State loaded from storage {oldState: {…}, newState: {…}}
background.js:16 [AI Prompt Queue] [LoadState] State loaded from storage {oldState: {…}, newState: {…}}
background.js:16 [AI Prompt Queue] [LoadState] State loaded from storage {oldState: {…}, newState: {…}}
background.js:16 [AI Prompt Queue] [LoadState] State loaded from storage {oldState: {…}, newState: {…}}
background.js:16 [AI Prompt Queue] [LoadState] State loaded from storage {oldState: {…}, newState: {…}}
background.js:16 [AI Prompt Queue] [LoadState] State loaded from storage {oldState: {…}, newState: {…}}
background.js:16 [AI Prompt Queue] [LoadState] State loaded from storage {oldState: {…}, newState: {…}}
background.js:16 [AI Prompt Queue] [LoadState] State loaded from storage {oldState: {…}, newState: {…}}
background.js:16 [AI Prompt Queue] [LoadState] State loaded from storage {oldState: {…}, newState: {…}}
background.js:16 [AI Prompt Queue] [LoadState] State loaded from storage {oldState: {…}, newState: {…}}
background.js:16 [AI Prompt Queue] [LoadState] State loaded from storage {oldState: {…}, newState: {…}}
background.js:16 [AI Prompt Queue] [LoadState] State loaded from storage {oldState: {…}, newState: {…}}
background.js:16 [AI Prompt Queue] [LoadState] State loaded from storage {oldState: {…}, newState: {…}}
background.js:16 [AI Prompt Queue] [LoadState] State loaded from storage {oldState: {…}, newState: {…}}
background.js:16 [AI Prompt Queue] [LoadState] State loaded from storage {oldState: {…}, newState: {…}}
background.js:16 [AI Prompt Queue] [LoadState] State loaded from storage {oldState: {…}, newState: {…}}
background.js:16 [AI Prompt Queue] [LoadState] State loaded from storage {oldState: {…}, newState: {…}}
background.js:16 [AI Prompt Queue] [LoadState] State loaded from storage {oldState: {…}, newState: {…}}
background.js:16 [AI Prompt Queue] [LoadState] State loaded from storage {oldState: {…}, newState: {…}}
background.js:16 [AI Prompt Queue] [LoadState] State loaded from storage {oldState: {…}, newState: {…}}
background.js:16 [AI Prompt Queue] [LoadState] State loaded from storage {oldState: {…}, newState: {…}}
background.js:16 [AI Prompt Queue] [LoadState] State loaded from storage {oldState: {…}, newState: {…}}
background.js:16 [AI Prompt Queue] [LoadState] State loaded from storage {oldState: {…}, newState: {…}}
background.js:16 [AI Prompt Queue] [LoadState] State loaded from storage {oldState: {…}, newState: {…}}
background.js:16 [AI Prompt Queue] [LoadState] State loaded from storage {oldState: {…}, newState: {…}}
background.js:16 [AI Prompt Queue] [LoadState] State loaded from storage {oldState: {…}, newState: {…}}
background.js:16 [AI Prompt Queue] [LoadState] State loaded from storage {oldState: {…}, newState: {…}}
background.js:16 [AI Prompt Queue] [LoadState] State loaded from storage {oldState: {…}, newState: {…}}
background.js:16 [AI Prompt Queue] [LoadState] State loaded from storage {oldState: {…}, newState: {…}}
background.js:16 [AI Prompt Queue] [LoadState] State loaded from storage {oldState: {…}, newState: {…}}
background.js:16 [AI Prompt Queue] [Health] Tick {running: true, processing: false, promptStartTime: 0, timeSinceActivity: 88901, timeSinceLastRecovery: 1774040621799, …}
background.js:16 [AI Prompt Queue] [LoadState] State loaded from storage {oldState: {…}, newState: {…}}
background.js:16 [AI Prompt Queue] [LoadState] State loaded from storage {oldState: {…}, newState: {…}}
background.js:16 [AI Prompt Queue] [LoadState] State loaded from storage {oldState: {…}, newState: {…}}
background.js:16 [AI Prompt Queue] [LoadState] State loaded from storage {oldState: {…}, newState: {…}}
background.js:16 [AI Prompt Queue] [LoadState] State loaded from storage {oldState: {…}, newState: {…}}
background.js:16 [AI Prompt Queue] [LoadState] State loaded from storage {oldState: {…}, newState: {…}}
background.js:16 [AI Prompt Queue] [LoadState] State loaded from storage {oldState: {…}, newState: {…}}
background.js:16 [AI Prompt Queue] [LoadState] State loaded from storage {oldState: {…}, newState: {…}}
background.js:16 [AI Prompt Queue] [LoadState] State loaded from storage {oldState: {…}, newState: {…}}
background.js:16 [AI Prompt Queue] [LoadState] State loaded from storage {oldState: {…}, newState: {…}}
background.js:16 [AI Prompt Queue] [LoadState] State loaded from storage {oldState: {…}, newState: {…}}
background.js:16 [AI Prompt Queue] [LoadState] State loaded from storage {oldState: {…}, newState: {…}}
background.js:16 [AI Prompt Queue] [LoadState] State loaded from storage {oldState: {…}, newState: {…}}
background.js:16 [AI Prompt Queue] [LoadState] State loaded from storage {oldState: {…}, newState: {…}}
background.js:16 [AI Prompt Queue] [LoadState] State loaded from storage {oldState: {…}, newState: {…}}
background.js:16 [AI Prompt Queue] [LoadState] State loaded from storage {oldState: {…}, newState: {…}}
background.js:16 [AI Prompt Queue] [LoadState] State loaded from storage {oldState: {…}, newState: {…}}
background.js:16 [AI Prompt Queue] [LoadState] State loaded from storage {oldState: {…}, newState: {…}}
background.js:16 [AI Prompt Queue] [LoadState] State loaded from storage {oldState: {…}, newState: {…}}
background.js:16 [AI Prompt Queue] [LoadState] State loaded from storage {oldState: {…}, newState: {…}}
background.js:16 [AI Prompt Queue] [LoadState] State loaded from storage {oldState: {…}, newState: {…}}
background.js:16 [AI Prompt Queue] [LoadState] State loaded from storage {oldState: {…}, newState: {…}}
background.js:16 [AI Prompt Queue] [LoadState] State loaded from storage {oldState: {…}, newState: {…}}
background.js:16 [AI Prompt Queue] [LoadState] State loaded from storage {oldState: {…}, newState: {…}}
background.js:16 [AI Prompt Queue] [LoadState] State loaded from storage {oldState: {…}, newState: {…}}
background.js:16 [AI Prompt Queue] [LoadState] State loaded from storage {oldState: {…}, newState: {…}}
background.js:16 [AI Prompt Queue] [LoadState] State loaded from storage {oldState: {…}, newState: {…}}
background.js:16 [AI Prompt Queue] [LoadState] State loaded from storage {oldState: {…}, newState: {…}}
background.js:16 [AI Prompt Queue] [LoadState] State loaded from storage {oldState: {…}, newState: {…}}
background.js:16 [AI Prompt Queue] [LoadState] State loaded from storage {oldState: {…}, newState: {…}}
background.js:16 [AI Prompt Queue] [LoadState] State loaded from storage {oldState: {…}, newState: {…}}
background.js:16 [AI Prompt Queue] [LoadState] State loaded from storage {oldState: {…}, newState: {…}}
background.js:16 [AI Prompt Queue] [LoadState] State loaded from storage {oldState: {…}, newState: {…}}
background.js:16 [AI Prompt Queue] [LoadState] State loaded from storage {oldState: {…}, newState: {…}}
background.js:16 [AI Prompt Queue] [LoadState] State loaded from storage {oldState: {…}, newState: {…}}
background.js:16 [AI Prompt Queue] [LoadState] State loaded from storage {oldState: {…}, newState: {…}}
background.js:16 [AI Prompt Queue] [LoadState] State loaded from storage {oldState: {…}, newState: {…}}
background.js:16 [AI Prompt Queue] [LoadState] State loaded from storage {oldState: {…}, newState: {…}}
background.js:16 [AI Prompt Queue] [LoadState] State loaded from storage {oldState: {…}, newState: {…}}
background.js:16 [AI Prompt Queue] [LoadState] State loaded from storage {oldState: {…}, newState: {…}}
background.js:16 [AI Prompt Queue] [LoadState] State loaded from storage {oldState: {…}, newState: {…}}
background.js:16 [AI Prompt Queue] [LoadState] State loaded from storage {oldState: {…}, newState: {…}}
background.js:16 [AI Prompt Queue] [LoadState] State loaded from storage {oldState: {…}, newState: {…}}
background.js:16 [AI Prompt Queue] [LoadState] State loaded from storage {oldState: {…}, newState: {…}}
background.js:16 [AI Prompt Queue] [LoadState] State loaded from storage {oldState: {…}, newState: {…}}
background.js:16 [AI Prompt Queue] [LoadState] State loaded from storage {oldState: {…}, newState: {…}}
background.js:16 [AI Prompt Queue] [LoadState] State loaded from storage {oldState: {…}, newState: {…}}
background.js:16 [AI Prompt Queue] [LoadState] State loaded from storage {oldState: {…}, newState: {…}}
background.js:16 [AI Prompt Queue] [LoadState] State loaded from storage {oldState: {…}, newState: {…}}
background.js:16 [AI Prompt Queue] [Health] Tick {running: true, processing: false, promptStartTime: 0, timeSinceActivity: 93904, timeSinceLastRecovery: 1774040626802, …}
background.js:16 [AI Prompt Queue] [LoadState] State loaded from storage {oldState: {…}, newState: {…}}
background.js:16 [AI Prompt Queue] [LoadState] State loaded from storage {oldState: {…}, newState: {…}}
background.js:16 [AI Prompt Queue] [LoadState] State loaded from storage {oldState: {…}, newState: {…}}
background.js:16 [AI Prompt Queue] [LoadState] State loaded from storage {oldState: {…}, newState: {…}}
background.js:16 [AI Prompt Queue] [LoadState] State loaded from storage {oldState: {…}, newState: {…}}
background.js:16 [AI Prompt Queue] [LoadState] State loaded from storage {oldState: {…}, newState: {…}}
background.js:16 [AI Prompt Queue] [LoadState] State loaded from storage {oldState: {…}, newState: {…}}
background.js:16 [AI Prompt Queue] [LoadState] State loaded from storage {oldState: {…}, newState: {…}}
background.js:16 [AI Prompt Queue] [LoadState] State loaded from storage {oldState: {…}, newState: {…}}
background.js:16 [AI Prompt Queue] [LoadState] State loaded from storage {oldState: {…}, newState: {…}}
background.js:16 [AI Prompt Queue] [LoadState] State loaded from storage {oldState: {…}, newState: {…}}
background.js:16 [AI Prompt Queue] [LoadState] State loaded from storage {oldState: {…}, newState: {…}}
background.js:16 [AI Prompt Queue] [LoadState] State loaded from storage {oldState: {…}, newState: {…}}
background.js:16 [AI Prompt Queue] [LoadState] State loaded from storage {oldState: {…}, newState: {…}}
background.js:16 [AI Prompt Queue] [LoadState] State loaded from storage {oldState: {…}, newState: {…}}
background.js:16 [AI Prompt Queue] [LoadState] State loaded from storage {oldState: {…}, newState: {…}}
background.js:16 [AI Prompt Queue] [LoadState] State loaded from storage {oldState: {…}, newState: {…}}
background.js:16 [AI Prompt Queue] [LoadState] State loaded from storage {oldState: {…}, newState: {…}}
background.js:16 [AI Prompt Queue] [LoadState] State loaded from storage {oldState: {…}, newState: {…}}
background.js:16 [AI Prompt Queue] [LoadState] State loaded from storage {oldState: {…}, newState: {…}}
background.js:16 [AI Prompt Queue] [LoadState] State loaded from storage {oldState: {…}, newState: {…}}
background.js:16 [AI Prompt Queue] [LoadState] State loaded from storage {oldState: {…}, newState: {…}}
background.js:16 [AI Prompt Queue] [LoadState] State loaded from storage {oldState: {…}, newState: {…}}
background.js:16 [AI Prompt Queue] [LoadState] State loaded from storage {oldState: {…}, newState: {…}}
background.js:16 [AI Prompt Queue] [LoadState] State loaded from storage {oldState: {…}, newState: {…}}
background.js:16 [AI Prompt Queue] [LoadState] State loaded from storage {oldState: {…}, newState: {…}}
background.js:16 [AI Prompt Queue] [LoadState] State loaded from storage {oldState: {…}, newState: {…}}
background.js:16 [AI Prompt Queue] [LoadState] State loaded from storage {oldState: {…}, newState: {…}}
background.js:16 [AI Prompt Queue] [LoadState] State loaded from storage {oldState: {…}, newState: {…}}
background.js:16 [AI Prompt Queue] [LoadState] State loaded from storage {oldState: {…}, newState: {…}}
background.js:16 [AI Prompt Queue] [LoadState] State loaded from storage {oldState: {…}, newState: {…}}
background.js:16 [AI Prompt Queue] [LoadState] State loaded from storage {oldState: {…}, newState: {…}}
background.js:16 [AI Prompt Queue] [LoadState] State loaded from storage {oldState: {…}, newState: {…}}
background.js:16 [AI Prompt Queue] [LoadState] State loaded from storage {oldState: {…}, newState: {…}}
background.js:16 [AI Prompt Queue] [LoadState] State loaded from storage {oldState: {…}, newState: {…}}
background.js:16 [AI Prompt Queue] [LoadState] State loaded from storage {oldState: {…}, newState: {…}}
background.js:16 [AI Prompt Queue] [LoadState] State loaded from storage {oldState: {…}, newState: {…}}
background.js:16 [AI Prompt Queue] [LoadState] State loaded from storage {oldState: {…}, newState: {…}}
background.js:16 [AI Prompt Queue] [LoadState] State loaded from storage {oldState: {…}, newState: {…}}
background.js:16 [AI Prompt Queue] [LoadState] State loaded from storage {oldState: {…}, newState: {…}}
background.js:16 [AI Prompt Queue] [LoadState] State loaded from storage {oldState: {…}, newState: {…}}
background.js:16 [AI Prompt Queue] [LoadState] State loaded from storage {oldState: {…}, newState: {…}}
background.js:16 [AI Prompt Queue] [LoadState] State loaded from storage {oldState: {…}, newState: {…}}
background.js:16 [AI Prompt Queue] [LoadState] State loaded from storage {oldState: {…}, newState: {…}}
background.js:16 [AI Prompt Queue] [LoadState] State loaded from storage {oldState: {…}, newState: {…}}
background.js:16 [AI Prompt Queue] [LoadState] State loaded from storage {oldState: {…}, newState: {…}}
background.js:16 [AI Prompt Queue] [LoadState] State loaded from storage {oldState: {…}, newState: {…}}
background.js:16 [AI Prompt Queue] [LoadState] State loaded from storage {oldState: {…}, newState: {…}}
background.js:16 [AI Prompt Queue] [Health] Tick {running: true, processing: false, promptStartTime: 0, timeSinceActivity: 98906, timeSinceLastRecovery: 1774040631804, …}
background.js:16 [AI Prompt Queue] [LoadState] State loaded from storage {oldState: {…}, newState: {…}}
background.js:16 [AI Prompt Queue] [LoadState] State loaded from storage {oldState: {…}, newState: {…}}
background.js:16 [AI Prompt Queue] [LoadState] State loaded from storage {oldState: {…}, newState: {…}}
background.js:16 [AI Prompt Queue] [LoadState] State loaded from storage {oldState: {…}, newState: {…}}
background.js:16 [AI Prompt Queue] [LoadState] State loaded from storage {oldState: {…}, newState: {…}}
background.js:16 [AI Prompt Queue] [LoadState] State loaded from storage {oldState: {…}, newState: {…}}
background.js:16 [AI Prompt Queue] [LoadState] State loaded from storage {oldState: {…}, newState: {…}}
background.js:16 [AI Prompt Queue] [LoadState] State loaded from storage {oldState: {…}, newState: {…}}
background.js:16 [AI Prompt Queue] [LoadState] State loaded from storage {oldState: {…}, newState: {…}}
background.js:16 [AI Prompt Queue] [LoadState] State loaded from storage {oldState: {…}, newState: {…}}
background.js:16 [AI Prompt Queue] [LoadState] State loaded from storage {oldState: {…}, newState: {…}}
background.js:16 [AI Prompt Queue] [LoadState] State loaded from storage {oldState: {…}, newState: {…}}
background.js:16 [AI Prompt Queue] [LoadState] State loaded from storage {oldState: {…}, newState: {…}}
background.js:16 [AI Prompt Queue] [LoadState] State loaded from storage {oldState: {…}, newState: {…}}
background.js:16 [AI Prompt Queue] [LoadState] State loaded from storage {oldState: {…}, newState: {…}}
background.js:16 [AI Prompt Queue] [LoadState] State loaded from storage {oldState: {…}, newState: {…}}
background.js:16 [AI Prompt Queue] [LoadState] State loaded from storage {oldState: {…}, newState: {…}}
background.js:16 [AI Prompt Queue] [LoadState] State loaded from storage {oldState: {…}, newState: {…}}
background.js:16 [AI Prompt Queue] [LoadState] State loaded from storage {oldState: {…}, newState: {…}}
background.js:16 [AI Prompt Queue] [LoadState] State loaded from storage {oldState: {…}, newState: {…}}
background.js:16 [AI Prompt Queue] [LoadState] State loaded from storage {oldState: {…}, newState: {…}}
background.js:16 [AI Prompt Queue] [LoadState] State loaded from storage {oldState: {…}, newState: {…}}
background.js:16 [AI Prompt Queue] [LoadState] State loaded from storage {oldState: {…}, newState: {…}}
background.js:16 [AI Prompt Queue] [LoadState] State loaded from storage {oldState: {…}, newState: {…}}
background.js:16 [AI Prompt Queue] [LoadState] State loaded from storage {oldState: {…}, newState: {…}}
background.js:16 [AI Prompt Queue] [LoadState] State loaded from storage {oldState: {…}, newState: {…}}
background.js:16 [AI Prompt Queue] [LoadState] State loaded from storage {oldState: {…}, newState: {…}}
background.js:16 [AI Prompt Queue] [LoadState] State loaded from storage {oldState: {…}, newState: {…}}
background.js:16 [AI Prompt Queue] [LoadState] State loaded from storage {oldState: {…}, newState: {…}}
background.js:16 [AI Prompt Queue] [LoadState] State loaded from storage {oldState: {…}, newState: {…}}
background.js:16 [AI Prompt Queue] [LoadState] State loaded from storage {oldState: {…}, newState: {…}}
background.js:16 [AI Prompt Queue] [LoadState] State loaded from storage {oldState: {…}, newState: {…}}
background.js:16 [AI Prompt Queue] [LoadState] State loaded from storage {oldState: {…}, newState: {…}}
background.js:16 [AI Prompt Queue] [LoadState] State loaded from storage {oldState: {…}, newState: {…}}
background.js:16 [AI Prompt Queue] [LoadState] State loaded from storage {oldState: {…}, newState: {…}}
background.js:16 [AI Prompt Queue] [LoadState] State loaded from storage {oldState: {…}, newState: {…}}
background.js:16 [AI Prompt Queue] [LoadState] State loaded from storage {oldState: {…}, newState: {…}}
background.js:16 [AI Prompt Queue] [LoadState] State loaded from storage {oldState: {…}, newState: {…}}
background.js:16 [AI Prompt Queue] [LoadState] State loaded from storage {oldState: {…}, newState: {…}}
background.js:16 [AI Prompt Queue] [LoadState] State loaded from storage {oldState: {…}, newState: {…}}
background.js:16 [AI Prompt Queue] [LoadState] State loaded from storage {oldState: {…}, newState: {…}}
background.js:16 [AI Prompt Queue] [LoadState] State loaded from storage {oldState: {…}, newState: {…}}
background.js:16 [AI Prompt Queue] [LoadState] State loaded from storage {oldState: {…}, newState: {…}}
background.js:16 [AI Prompt Queue] [LoadState] State loaded from storage {oldState: {…}, newState: {…}}
background.js:16 [AI Prompt Queue] [LoadState] State loaded from storage {oldState: {…}, newState: {…}}
background.js:16 [AI Prompt Queue] [LoadState] State loaded from storage {oldState: {…}, newState: {…}}
background.js:16 [AI Prompt Queue] [LoadState] State loaded from storage {oldState: {…}, newState: {…}}
background.js:16 [AI Prompt Queue] [LoadState] State loaded from storage {oldState: {…}, newState: {…}}
background.js:16 [AI Prompt Queue] [Health] Tick {running: true, processing: false, promptStartTime: 0, timeSinceActivity: 103901, timeSinceLastRecovery: 1774040636799, …}
background.js:16 [AI Prompt Queue] [LoadState] State loaded from storage {oldState: {…}, newState: {…}}
background.js:16 [AI Prompt Queue] [LoadState] State loaded from storage {oldState: {…}, newState: {…}}
background.js:16 [AI Prompt Queue] [LoadState] State loaded from storage {oldState: {…}, newState: {…}}
background.js:16 [AI Prompt Queue] [LoadState] State loaded from storage {oldState: {…}, newState: {…}}
background.js:16 [AI Prompt Queue] [LoadState] State loaded from storage {oldState: {…}, newState: {…}}
background.js:16 [AI Prompt Queue] [LoadState] State loaded from storage {oldState: {…}, newState: {…}}
background.js:16 [AI Prompt Queue] [LoadState] State loaded from storage {oldState: {…}, newState: {…}}
background.js:16 [AI Prompt Queue] [LoadState] State loaded from storage {oldState: {…}, newState: {…}}
background.js:16 [AI Prompt Queue] [LoadState] State loaded from storage {oldState: {…}, newState: {…}}
background.js:16 [AI Prompt Queue] [LoadState] State loaded from storage {oldState: {…}, newState: {…}}
background.js:16 [AI Prompt Queue] [LoadState] State loaded from storage {oldState: {…}, newState: {…}}
background.js:16 [AI Prompt Queue] [LoadState] State loaded from storage {oldState: {…}, newState: {…}}
background.js:16 [AI Prompt Queue] [LoadState] State loaded from storage {oldState: {…}, newState: {…}}
background.js:16 [AI Prompt Queue] [LoadState] State loaded from storage {oldState: {…}, newState: {…}}
background.js:16 [AI Prompt Queue] [LoadState] State loaded from storage {oldState: {…}, newState: {…}}
background.js:16 [AI Prompt Queue] [LoadState] State loaded from storage {oldState: {…}, newState: {…}}
background.js:16 [AI Prompt Queue] [LoadState] State loaded from storage {oldState: {…}, newState: {…}}
background.js:16 [AI Prompt Queue] [LoadState] State loaded from storage {oldState: {…}, newState: {…}}
background.js:16 [AI Prompt Queue] [LoadState] State loaded from storage {oldState: {…}, newState: {…}}
background.js:16 [AI Prompt Queue] [LoadState] State loaded from storage {oldState: {…}, newState: {…}}
background.js:16 [AI Prompt Queue] [LoadState] State loaded from storage {oldState: {…}, newState: {…}}
background.js:16 [AI Prompt Queue] [LoadState] State loaded from storage {oldState: {…}, newState: {…}}
background.js:16 [AI Prompt Queue] [LoadState] State loaded from storage {oldState: {…}, newState: {…}}
background.js:16 [AI Prompt Queue] [LoadState] State loaded from storage {oldState: {…}, newState: {…}}
background.js:16 [AI Prompt Queue] [LoadState] State loaded from storage {oldState: {…}, newState: {…}}
background.js:16 [AI Prompt Queue] [LoadState] State loaded from storage {oldState: {…}, newState: {…}}
background.js:16 [AI Prompt Queue] [LoadState] State loaded from storage {oldState: {…}, newState: {…}}
background.js:16 [AI Prompt Queue] [LoadState] State loaded from storage {oldState: {…}, newState: {…}}
background.js:16 [AI Prompt Queue] [LoadState] State loaded from storage {oldState: {…}, newState: {…}}
background.js:16 [AI Prompt Queue] [LoadState] State loaded from storage {oldState: {…}, newState: {…}}
background.js:16 [AI Prompt Queue] [LoadState] State loaded from storage {oldState: {…}, newState: {…}}
background.js:16 [AI Prompt Queue] [LoadState] State loaded from storage {oldState: {…}, newState: {…}}
background.js:16 [AI Prompt Queue] [LoadState] State loaded from storage {oldState: {…}, newState: {…}}
background.js:16 [AI Prompt Queue] [LoadState] State loaded from storage {oldState: {…}, newState: {…}}
background.js:16 [AI Prompt Queue] [LoadState] State loaded from storage {oldState: {…}, newState: {…}}
background.js:16 [AI Prompt Queue] [LoadState] State loaded from storage {oldState: {…}, newState: {…}}
background.js:16 [AI Prompt Queue] [LoadState] State loaded from storage {oldState: {…}, newState: {…}}
background.js:16 [AI Prompt Queue] [LoadState] State loaded from storage {oldState: {…}, newState: {…}}
background.js:16 [AI Prompt Queue] [LoadState] State loaded from storage {oldState: {…}, newState: {…}}
background.js:16 [AI Prompt Queue] [LoadState] State loaded from storage {oldState: {…}, newState: {…}}
background.js:16 [AI Prompt Queue] [LoadState] State loaded from storage {oldState: {…}, newState: {…}}
background.js:16 [AI Prompt Queue] [LoadState] State loaded from storage {oldState: {…}, newState: {…}}
background.js:16 [AI Prompt Queue] [LoadState] State loaded from storage {oldState: {…}, newState: {…}}
background.js:16 [AI Prompt Queue] [LoadState] State loaded from storage {oldState: {…}, newState: {…}}
background.js:16 [AI Prompt Queue] [LoadState] State loaded from storage {oldState: {…}, newState: {…}}
background.js:16 [AI Prompt Queue] [LoadState] State loaded from storage {oldState: {…}, newState: {…}}
background.js:16 [AI Prompt Queue] [LoadState] State loaded from storage {oldState: {…}, newState: {…}}
background.js:16 [AI Prompt Queue] [LoadState] State loaded from storage {oldState: {…}, newState: {…}}
background.js:16 [AI Prompt Queue] [LoadState] State loaded from storage {oldState: {…}, newState: {…}}
background.js:16 [AI Prompt Queue] [Health] Tick {running: true, processing: false, promptStartTime: 0, timeSinceActivity: 108903, timeSinceLastRecovery: 1774040641801, …}
background.js:16 [AI Prompt Queue] [LoadState] State loaded from storage {oldState: {…}, newState: {…}}
background.js:16 [AI Prompt Queue] [LoadState] State loaded from storage {oldState: {…}, newState: {…}}
background.js:16 [AI Prompt Queue] [LoadState] State loaded from storage {oldState: {…}, newState: {…}}
background.js:16 [AI Prompt Queue] [LoadState] State loaded from storage {oldState: {…}, newState: {…}}
background.js:16 [AI Prompt Queue] [LoadState] State loaded from storage {oldState: {…}, newState: {…}}
background.js:16 [AI Prompt Queue] [LoadState] State loaded from storage {oldState: {…}, newState: {…}}
background.js:16 [AI Prompt Queue] [LoadState] State loaded from storage {oldState: {…}, newState: {…}}
background.js:16 [AI Prompt Queue] [LoadState] State loaded from storage {oldState: {…}, newState: {…}}
background.js:16 [AI Prompt Queue] [LoadState] State loaded from storage {oldState: {…}, newState: {…}}
background.js:16 [AI Prompt Queue] [LoadState] State loaded from storage {oldState: {…}, newState: {…}}
background.js:16 [AI Prompt Queue] [LoadState] State loaded from storage {oldState: {…}, newState: {…}}
background.js:16 [AI Prompt Queue] [LoadState] State loaded from storage {oldState: {…}, newState: {…}}
background.js:16 [AI Prompt Queue] [LoadState] State loaded from storage {oldState: {…}, newState: {…}}
background.js:16 [AI Prompt Queue] [LoadState] State loaded from storage {oldState: {…}, newState: {…}}
background.js:16 [AI Prompt Queue] [LoadState] State loaded from storage {oldState: {…}, newState: {…}}
background.js:16 [AI Prompt Queue] [LoadState] State loaded from storage {oldState: {…}, newState: {…}}
background.js:16 [AI Prompt Queue] [LoadState] State loaded from storage {oldState: {…}, newState: {…}}
background.js:16 [AI Prompt Queue] [LoadState] State loaded from storage {oldState: {…}, newState: {…}}
background.js:16 [AI Prompt Queue] [LoadState] State loaded from storage {oldState: {…}, newState: {…}}
background.js:16 [AI Prompt Queue] [LoadState] State loaded from storage {oldState: {…}, newState: {…}}
background.js:16 [AI Prompt Queue] [LoadState] State loaded from storage {oldState: {…}, newState: {…}}
background.js:16 [AI Prompt Queue] [LoadState] State loaded from storage {oldState: {…}, newState: {…}}
background.js:16 [AI Prompt Queue] [LoadState] State loaded from storage {oldState: {…}, newState: {…}}
background.js:16 [AI Prompt Queue] [LoadState] State loaded from storage {oldState: {…}, newState: {…}}
background.js:16 [AI Prompt Queue] [LoadState] State loaded from storage {oldState: {…}, newState: {…}}
background.js:16 [AI Prompt Queue] [LoadState] State loaded from storage {oldState: {…}, newState: {…}}
background.js:16 [AI Prompt Queue] [LoadState] State loaded from storage {oldState: {…}, newState: {…}}
background.js:16 [AI Prompt Queue] [LoadState] State loaded from storage {oldState: {…}, newState: {…}}
background.js:16 [AI Prompt Queue] [LoadState] State loaded from storage {oldState: {…}, newState: {…}}
background.js:16 [AI Prompt Queue] [LoadState] State loaded from storage {oldState: {…}, newState: {…}}
background.js:16 [AI Prompt Queue] [LoadState] State loaded from storage {oldState: {…}, newState: {…}}
background.js:16 [AI Prompt Queue] [LoadState] State loaded from storage {oldState: {…}, newState: {…}}
background.js:16 [AI Prompt Queue] [LoadState] State loaded from storage {oldState: {…}, newState: {…}}
background.js:16 [AI Prompt Queue] [LoadState] State loaded from storage {oldState: {…}, newState: {…}}
background.js:16 [AI Prompt Queue] [LoadState] State loaded from storage {oldState: {…}, newState: {…}}
background.js:16 [AI Prompt Queue] [LoadState] State loaded from storage {oldState: {…}, newState: {…}}
background.js:16 [AI Prompt Queue] [LoadState] State loaded from storage {oldState: {…}, newState: {…}}
background.js:16 [AI Prompt Queue] [LoadState] State loaded from storage {oldState: {…}, newState: {…}}
background.js:16 [AI Prompt Queue] [LoadState] State loaded from storage {oldState: {…}, newState: {…}}
background.js:16 [AI Prompt Queue] [LoadState] State loaded from storage {oldState: {…}, newState: {…}}
background.js:16 [AI Prompt Queue] [LoadState] State loaded from storage {oldState: {…}, newState: {…}}
background.js:16 [AI Prompt Queue] [LoadState] State loaded from storage {oldState: {…}, newState: {…}}
background.js:16 [AI Prompt Queue] [LoadState] State loaded from storage {oldState: {…}, newState: {…}}
background.js:16 [AI Prompt Queue] [LoadState] State loaded from storage {oldState: {…}, newState: {…}}
background.js:16 [AI Prompt Queue] [LoadState] State loaded from storage {oldState: {…}, newState: {…}}
background.js:16 [AI Prompt Queue] [LoadState] State loaded from storage {oldState: {…}, newState: {…}}
background.js:16 [AI Prompt Queue] [LoadState] State loaded from storage {oldState: {…}, newState: {…}}
background.js:16 [AI Prompt Queue] [LoadState] State loaded from storage {oldState: {…}, newState: {…}}
background.js:16 [AI Prompt Queue] [Health] Tick {running: true, processing: false, promptStartTime: 0, timeSinceActivity: 113900, timeSinceLastRecovery: 1774040646798, …}
background.js:16 [AI Prompt Queue] [LoadState] State loaded from storage {oldState: {…}, newState: {…}}
background.js:16 [AI Prompt Queue] [LoadState] State loaded from storage {oldState: {…}, newState: {…}}
background.js:16 [AI Prompt Queue] [LoadState] State loaded from storage {oldState: {…}, newState: {…}}
background.js:16 [AI Prompt Queue] [LoadState] State loaded from storage {oldState: {…}, newState: {…}}
background.js:16 [AI Prompt Queue] [LoadState] State loaded from storage {oldState: {…}, newState: {…}}
background.js:16 [AI Prompt Queue] [LoadState] State loaded from storage {oldState: {…}, newState: {…}}
background.js:16 [AI Prompt Queue] [LoadState] State loaded from storage {oldState: {…}, newState: {…}}
background.js:16 [AI Prompt Queue] [LoadState] State loaded from storage {oldState: {…}, newState: {…}}
background.js:16 [AI Prompt Queue] [LoadState] State loaded from storage {oldState: {…}, newState: {…}}
background.js:16 [AI Prompt Queue] [LoadState] State loaded from storage {oldState: {…}, newState: {…}}
background.js:16 [AI Prompt Queue] [LoadState] State loaded from storage {oldState: {…}, newState: {…}}
background.js:16 [AI Prompt Queue] [LoadState] State loaded from storage {oldState: {…}, newState: {…}}
background.js:16 [AI Prompt Queue] [LoadState] State loaded from storage {oldState: {…}, newState: {…}}
background.js:16 [AI Prompt Queue] [LoadState] State loaded from storage {oldState: {…}, newState: {…}}
background.js:16 [AI Prompt Queue] [LoadState] State loaded from storage {oldState: {…}, newState: {…}}
background.js:16 [AI Prompt Queue] [LoadState] State loaded from storage {oldState: {…}, newState: {…}}
background.js:16 [AI Prompt Queue] [LoadState] State loaded from storage {oldState: {…}, newState: {…}}
background.js:16 [AI Prompt Queue] [LoadState] State loaded from storage {oldState: {…}, newState: {…}}
background.js:16 [AI Prompt Queue] [LoadState] State loaded from storage {oldState: {…}, newState: {…}}
background.js:16 [AI Prompt Queue] [LoadState] State loaded from storage {oldState: {…}, newState: {…}}
background.js:16 [AI Prompt Queue] [LoadState] State loaded from storage {oldState: {…}, newState: {…}}
background.js:16 [AI Prompt Queue] [LoadState] State loaded from storage {oldState: {…}, newState: {…}}
background.js:16 [AI Prompt Queue] [LoadState] State loaded from storage {oldState: {…}, newState: {…}}
background.js:16 [AI Prompt Queue] [LoadState] State loaded from storage {oldState: {…}, newState: {…}}
background.js:16 [AI Prompt Queue] [LoadState] State loaded from storage {oldState: {…}, newState: {…}}
background.js:16 [AI Prompt Queue] [LoadState] State loaded from storage {oldState: {…}, newState: {…}}
background.js:16 [AI Prompt Queue] [LoadState] State loaded from storage {oldState: {…}, newState: {…}}
background.js:16 [AI Prompt Queue] [LoadState] State loaded from storage {oldState: {…}, newState: {…}}
background.js:16 [AI Prompt Queue] [LoadState] State loaded from storage {oldState: {…}, newState: {…}}
background.js:16 [AI Prompt Queue] [LoadState] State loaded from storage {oldState: {…}, newState: {…}}
background.js:16 [AI Prompt Queue] [LoadState] State loaded from storage {oldState: {…}, newState: {…}}
background.js:16 [AI Prompt Queue] [LoadState] State loaded from storage {oldState: {…}, newState: {…}}
background.js:16 [AI Prompt Queue] [LoadState] State loaded from storage {oldState: {…}, newState: {…}}
background.js:16 [AI Prompt Queue] [LoadState] State loaded from storage {oldState: {…}, newState: {…}}
background.js:16 [AI Prompt Queue] [LoadState] State loaded from storage {oldState: {…}, newState: {…}}
background.js:16 [AI Prompt Queue] [LoadState] State loaded from storage {oldState: {…}, newState: {…}}
background.js:16 [AI Prompt Queue] [LoadState] State loaded from storage {oldState: {…}, newState: {…}}
background.js:16 [AI Prompt Queue] [LoadState] State loaded from storage {oldState: {…}, newState: {…}}
background.js:16 [AI Prompt Queue] [LoadState] State loaded from storage {oldState: {…}, newState: {…}}
background.js:16 [AI Prompt Queue] [LoadState] State loaded from storage {oldState: {…}, newState: {…}}
background.js:16 [AI Prompt Queue] [LoadState] State loaded from storage {oldState: {…}, newState: {…}}
background.js:16 [AI Prompt Queue] [LoadState] State loaded from storage {oldState: {…}, newState: {…}}
background.js:16 [AI Prompt Queue] [LoadState] State loaded from storage {oldState: {…}, newState: {…}}
background.js:16 [AI Prompt Queue] [LoadState] State loaded from storage {oldState: {…}, newState: {…}}
background.js:16 [AI Prompt Queue] [LoadState] State loaded from storage {oldState: {…}, newState: {…}}
background.js:16 [AI Prompt Queue] [LoadState] State loaded from storage {oldState: {…}, newState: {…}}
background.js:16 [AI Prompt Queue] [LoadState] State loaded from storage {oldState: {…}, newState: {…}}
background.js:16 [AI Prompt Queue] [Health] Tick {running: true, processing: false, promptStartTime: 0, timeSinceActivity: 118898, timeSinceLastRecovery: 1774040651796, …}
background.js:16 [AI Prompt Queue] [LoadState] State loaded from storage {oldState: {…}, newState: {…}}
background.js:16 [AI Prompt Queue] [LoadState] State loaded from storage {oldState: {…}, newState: {…}}
background.js:16 [AI Prompt Queue] [LoadState] State loaded from storage {oldState: {…}, newState: {…}}
background.js:16 [AI Prompt Queue] [LoadState] State loaded from storage {oldState: {…}, newState: {…}}
background.js:16 [AI Prompt Queue] [LoadState] State loaded from storage {oldState: {…}, newState: {…}}
background.js:16 [AI Prompt Queue] [LoadState] State loaded from storage {oldState: {…}, newState: {…}}
background.js:16 [AI Prompt Queue] [LoadState] State loaded from storage {oldState: {…}, newState: {…}}
background.js:16 [AI Prompt Queue] [LoadState] State loaded from storage {oldState: {…}, newState: {…}}
background.js:16 [AI Prompt Queue] [LoadState] State loaded from storage {oldState: {…}, newState: {…}}
background.js:16 [AI Prompt Queue] [LoadState] State loaded from storage {oldState: {…}, newState: {…}}
background.js:16 [AI Prompt Queue] [LoadState] State loaded from storage {oldState: {…}, newState: {…}}
background.js:16 [AI Prompt Queue] [Parallel] Worker readiness wait timed out {workerId: 'worker_1774040393502_4_c0cyol', maxWaitMs: 120000, waitedMs: 120068, workerStatus: 'queued', workerTabId: null, …}
(anonymous) @ background.js:16
waitForParallelWorkerReady @ background.js:1289
await in waitForParallelWorkerReady
runParallelDispatchLoop @ background.js:1391
setTimeout
(anonymous) @ background.js:1300
waitForParallelWorkerReady @ background.js:1300
background.js:16 [AI Prompt Queue] [Parallel] Worker failed {workerId: 'worker_1774040393502_4_c0cyol', workerIndex: 4, tabId: null, nextPromptIndex: 0, error: 'Timed out waiting for worker tab readiness', …}
(anonymous) @ background.js:16
finalizeParallelWorker @ background.js:1143
await in finalizeParallelWorker
markParallelWorkerFailed @ background.js:1157
runParallelDispatchLoop @ background.js:1395
setTimeout
(anonymous) @ background.js:1300
waitForParallelWorkerReady @ background.js:1300
background.js:16 [AI Prompt Queue] [LoadState] State loaded from storage {oldState: {…}, newState: {…}}
background.js:16 [AI Prompt Queue] [BuildMessageText] Applying prompt wrappers {prependEnabled: false, appendEnabled: false, appendEffective: false, prependLength: 34, appendLength: 9783, …}
background.js:16 [AI Prompt Queue] [Parallel] Built prompt payload {workerId: 'worker_1774040393502_5_focexy', promptIndex: 0, baseLength: 9819, finalLength: 9819}
background.js:16 [AI Prompt Queue] [Parallel] Activating worker tab {workerId: 'worker_1774040393502_5_focexy', tabId: 1967666209, windowId: 1967664210, currentlyActive: false, status: 'complete'}
background.js:16 [AI Prompt Queue] [LoadState] State loaded from storage {oldState: {…}, newState: {…}}
background.js:16 [AI Prompt Queue] [LoadState] State loaded from storage {oldState: {…}, newState: {…}}
background.js:16 [AI Prompt Queue] [LoadState] State loaded from storage {oldState: {…}, newState: {…}}
background.js:16 [AI Prompt Queue] [Parallel] Worker tab activated {workerId: 'worker_1774040393502_5_focexy', tabId: 1967666209, active: true, status: 'complete', url: 'https://chatgpt.com/g/g-69b7571f69348191bb3bddf38799a52c-plab-2-feedback-v11'}
background.js:16 [AI Prompt Queue] [SendToContent] Sending message to content {tabId: 1967666209, messageType: 'SEND_PROMPT'}
background.js:16 [AI Prompt Queue] [SendToContent] Response received from content {tabId: 1967666209, messageType: 'SEND_PROMPT', response: {…}}
background.js:16 [AI Prompt Queue] [LoadState] State loaded from storage {oldState: {…}, newState: {…}}
background.js:16 [AI Prompt Queue] [LoadState] State loaded from storage {oldState: {…}, newState: {…}}
background.js:16 [AI Prompt Queue] [LoadState] State loaded from storage {oldState: {…}, newState: {…}}
background.js:16 [AI Prompt Queue] [LoadState] State loaded from storage {oldState: {…}, newState: {…}}
background.js:16 [AI Prompt Queue] [LoadState] State loaded from storage {oldState: {…}, newState: {…}}
background.js:16 [AI Prompt Queue] [LoadState] State loaded from storage {oldState: {…}, newState: {…}}
background.js:16 [AI Prompt Queue] [LoadState] State loaded from storage {oldState: {…}, newState: {…}}
background.js:16 [AI Prompt Queue] [LoadState] State loaded from storage {oldState: {…}, newState: {…}}
background.js:16 [AI Prompt Queue] [LoadState] State loaded from storage {oldState: {…}, newState: {…}}
background.js:16 [AI Prompt Queue] [LoadState] State loaded from storage {oldState: {…}, newState: {…}}
background.js:16 [AI Prompt Queue] [LoadState] State loaded from storage {oldState: {…}, newState: {…}}
background.js:16 [AI Prompt Queue] [LoadState] State loaded from storage {oldState: {…}, newState: {…}}
background.js:16 [AI Prompt Queue] [LoadState] State loaded from storage {oldState: {…}, newState: {…}}
background.js:16 [AI Prompt Queue] [LoadState] State loaded from storage {oldState: {…}, newState: {…}}
background.js:16 [AI Prompt Queue] [LoadState] State loaded from storage {oldState: {…}, newState: {…}}
background.js:16 [AI Prompt Queue] [LoadState] State loaded from storage {oldState: {…}, newState: {…}}
background.js:16 [AI Prompt Queue] [LoadState] State loaded from storage {oldState: {…}, newState: {…}}
background.js:16 [AI Prompt Queue] [LoadState] State loaded from storage {oldState: {…}, newState: {…}}
background.js:16 [AI Prompt Queue] [LoadState] State loaded from storage {oldState: {…}, newState: {…}}
background.js:16 [AI Prompt Queue] [LoadState] State loaded from storage {oldState: {…}, newState: {…}}
background.js:16 [AI Prompt Queue] [LoadState] State loaded from storage {oldState: {…}, newState: {…}}
background.js:16 [AI Prompt Queue] [LoadState] State loaded from storage {oldState: {…}, newState: {…}}
background.js:16 [AI Prompt Queue] [LoadState] State loaded from storage {oldState: {…}, newState: {…}}
background.js:16 [AI Prompt Queue] [LoadState] State loaded from storage {oldState: {…}, newState: {…}}
background.js:16 [AI Prompt Queue] [LoadState] State loaded from storage {oldState: {…}, newState: {…}}
background.js:16 [AI Prompt Queue] [LoadState] State loaded from storage {oldState: {…}, newState: {…}}
background.js:16 [AI Prompt Queue] [LoadState] State loaded from storage {oldState: {…}, newState: {…}}
background.js:16 [AI Prompt Queue] [LoadState] State loaded from storage {oldState: {…}, newState: {…}}
background.js:16 [AI Prompt Queue] [LoadState] State loaded from storage {oldState: {…}, newState: {…}}
background.js:16 [AI Prompt Queue] [LoadState] State loaded from storage {oldState: {…}, newState: {…}}
background.js:16 [AI Prompt Queue] [LoadState] State loaded from storage {oldState: {…}, newState: {…}}
background.js:16 [AI Prompt Queue] [LoadState] State loaded from storage {oldState: {…}, newState: {…}}
background.js:16 [AI Prompt Queue] [LoadState] State loaded from storage {oldState: {…}, newState: {…}}
background.js:16 [AI Prompt Queue] [Health] Tick {running: true, processing: false, promptStartTime: 0, timeSinceActivity: 3807, timeSinceLastRecovery: 1774040656796, …}
background.js:16 [AI Prompt Queue] [LoadState] State loaded from storage {oldState: {…}, newState: {…}}
background.js:16 [AI Prompt Queue] [LoadState] State loaded from storage {oldState: {…}, newState: {…}}
background.js:16 [AI Prompt Queue] [LoadState] State loaded from storage {oldState: {…}, newState: {…}}
background.js:16 [AI Prompt Queue] [LoadState] State loaded from storage {oldState: {…}, newState: {…}}
background.js:16 [AI Prompt Queue] [LoadState] State loaded from storage {oldState: {…}, newState: {…}}
background.js:16 [AI Prompt Queue] [LoadState] State loaded from storage {oldState: {…}, newState: {…}}
background.js:16 [AI Prompt Queue] [LoadState] State loaded from storage {oldState: {…}, newState: {…}}
background.js:16 [AI Prompt Queue] [LoadState] State loaded from storage {oldState: {…}, newState: {…}}
background.js:16 [AI Prompt Queue] [LoadState] State loaded from storage {oldState: {…}, newState: {…}}
background.js:16 [AI Prompt Queue] [LoadState] State loaded from storage {oldState: {…}, newState: {…}}
background.js:16 [AI Prompt Queue] [LoadState] State loaded from storage {oldState: {…}, newState: {…}}
background.js:16 [AI Prompt Queue] [LoadState] State loaded from storage {oldState: {…}, newState: {…}}
background.js:16 [AI Prompt Queue] [LoadState] State loaded from storage {oldState: {…}, newState: {…}}
background.js:16 [AI Prompt Queue] [LoadState] State loaded from storage {oldState: {…}, newState: {…}}
background.js:16 [AI Prompt Queue] [LoadState] State loaded from storage {oldState: {…}, newState: {…}}
background.js:16 [AI Prompt Queue] [LoadState] State loaded from storage {oldState: {…}, newState: {…}}
background.js:16 [AI Prompt Queue] [LoadState] State loaded from storage {oldState: {…}, newState: {…}}
background.js:16 [AI Prompt Queue] [LoadState] State loaded from storage {oldState: {…}, newState: {…}}
background.js:16 [AI Prompt Queue] [LoadState] State loaded from storage {oldState: {…}, newState: {…}}
background.js:16 [AI Prompt Queue] [LoadState] State loaded from storage {oldState: {…}, newState: {…}}
background.js:16 [AI Prompt Queue] [LoadState] State loaded from storage {oldState: {…}, newState: {…}}
background.js:16 [AI Prompt Queue] [LoadState] State loaded from storage {oldState: {…}, newState: {…}}
background.js:16 [AI Prompt Queue] [LoadState] State loaded from storage {oldState: {…}, newState: {…}}
background.js:16 [AI Prompt Queue] [LoadState] State loaded from storage {oldState: {…}, newState: {…}}
background.js:16 [AI Prompt Queue] [LoadState] State loaded from storage {oldState: {…}, newState: {…}}
background.js:16 [AI Prompt Queue] [LoadState] State loaded from storage {oldState: {…}, newState: {…}}
background.js:16 [AI Prompt Queue] [PromptSubmitted][Parallel] Submission confirmed {promptId: 'parallel_1774040652988_5_0_ieuaot', workerId: 'worker_1774040393502_5_focexy', promptIndex: 0, reason: 'stream-start-detected'}
background.js:16 [AI Prompt Queue] [BuildMessageText] Applying prompt wrappers {prependEnabled: false, appendEnabled: false, appendEffective: false, prependLength: 34, appendLength: 9783, …}
background.js:16 [AI Prompt Queue] [Parallel] Built prompt payload {workerId: 'worker_1774040393502_6_p241oa', promptIndex: 0, baseLength: 9819, finalLength: 9819}
background.js:16 [AI Prompt Queue] [Parallel] Activating worker tab {workerId: 'worker_1774040393502_6_p241oa', tabId: 1967666212, windowId: 1967664210, currentlyActive: false, status: 'complete'}
background.js:16 [AI Prompt Queue] [LoadState] State loaded from storage {oldState: {…}, newState: {…}}
background.js:16 [AI Prompt Queue] [LoadState] State loaded from storage {oldState: {…}, newState: {…}}
background.js:16 [AI Prompt Queue] [LoadState] State loaded from storage {oldState: {…}, newState: {…}}
background.js:16 [AI Prompt Queue] [Parallel] Worker tab activated {workerId: 'worker_1774040393502_6_p241oa', tabId: 1967666212, active: true, status: 'complete', url: 'https://chatgpt.com/g/g-69b7571f69348191bb3bddf38799a52c-plab-2-feedback-v11'}
background.js:16 [AI Prompt Queue] [SendToContent] Sending message to content {tabId: 1967666212, messageType: 'SEND_PROMPT'}
background.js:16 [AI Prompt Queue] [SendToContent] Response received from content {tabId: 1967666212, messageType: 'SEND_PROMPT', response: {…}}
background.js:16 [AI Prompt Queue] [LoadState] State loaded from storage {oldState: {…}, newState: {…}}
background.js:16 [AI Prompt Queue] [LoadState] State loaded from storage {oldState: {…}, newState: {…}}
background.js:16 [AI Prompt Queue] [LoadState] State loaded from storage {oldState: {…}, newState: {…}}
background.js:16 [AI Prompt Queue] [LoadState] State loaded from storage {oldState: {…}, newState: {…}}
background.js:16 [AI Prompt Queue] [LoadState] State loaded from storage {oldState: {…}, newState: {…}}
background.js:16 [AI Prompt Queue] [LoadState] State loaded from storage {oldState: {…}, newState: {…}}
background.js:16 [AI Prompt Queue] [LoadState] State loaded from storage {oldState: {…}, newState: {…}}
background.js:16 [AI Prompt Queue] [LoadState] State loaded from storage {oldState: {…}, newState: {…}}
background.js:16 [AI Prompt Queue] [LoadState] State loaded from storage {oldState: {…}, newState: {…}}
background.js:16 [AI Prompt Queue] [LoadState] State loaded from storage {oldState: {…}, newState: {…}}
background.js:16 [AI Prompt Queue] [LoadState] State loaded from storage {oldState: {…}, newState: {…}}
background.js:16 [AI Prompt Queue] [LoadState] State loaded from storage {oldState: {…}, newState: {…}}
background.js:16 [AI Prompt Queue] [LoadState] State loaded from storage {oldState: {…}, newState: {…}}
background.js:16 [AI Prompt Queue] [LoadState] State loaded from storage {oldState: {…}, newState: {…}}
background.js:16 [AI Prompt Queue] [LoadState] State loaded from storage {oldState: {…}, newState: {…}}
background.js:16 [AI Prompt Queue] [LoadState] State loaded from storage {oldState: {…}, newState: {…}}
background.js:16 [AI Prompt Queue] [LoadState] State loaded from storage {oldState: {…}, newState: {…}}
background.js:16 [AI Prompt Queue] [LoadState] State loaded from storage {oldState: {…}, newState: {…}}
background.js:16 [AI Prompt Queue] [LoadState] State loaded from storage {oldState: {…}, newState: {…}}
background.js:16 [AI Prompt Queue] [Health] Tick {running: true, processing: false, promptStartTime: 0, timeSinceActivity: 2315, timeSinceLastRecovery: 1774040661796, …}
background.js:16 [AI Prompt Queue] [LoadState] State loaded from storage {oldState: {…}, newState: {…}}
background.js:16 [AI Prompt Queue] [LoadState] State loaded from storage {oldState: {…}, newState: {…}}
background.js:16 [AI Prompt Queue] [LoadState] State loaded from storage {oldState: {…}, newState: {…}}
background.js:16 [AI Prompt Queue] [LoadState] State loaded from storage {oldState: {…}, newState: {…}}
background.js:16 [AI Prompt Queue] [LoadState] State loaded from storage {oldState: {…}, newState: {…}}
background.js:16 [AI Prompt Queue] [LoadState] State loaded from storage {oldState: {…}, newState: {…}}
background.js:16 [AI Prompt Queue] [LoadState] State loaded from storage {oldState: {…}, newState: {…}}
background.js:16 [AI Prompt Queue] [LoadState] State loaded from storage {oldState: {…}, newState: {…}}
background.js:16 [AI Prompt Queue] [LoadState] State loaded from storage {oldState: {…}, newState: {…}}
background.js:16 [AI Prompt Queue] [LoadState] State loaded from storage {oldState: {…}, newState: {…}}
background.js:16 [AI Prompt Queue] [LoadState] State loaded from storage {oldState: {…}, newState: {…}}
background.js:16 [AI Prompt Queue] [LoadState] State loaded from storage {oldState: {…}, newState: {…}}
background.js:16 [AI Prompt Queue] [LoadState] State loaded from storage {oldState: {…}, newState: {…}}
background.js:16 [AI Prompt Queue] [LoadState] State loaded from storage {oldState: {…}, newState: {…}}
background.js:16 [AI Prompt Queue] [LoadState] State loaded from storage {oldState: {…}, newState: {…}}
background.js:16 [AI Prompt Queue] [LoadState] State loaded from storage {oldState: {…}, newState: {…}}
background.js:16 [AI Prompt Queue] [LoadState] State loaded from storage {oldState: {…}, newState: {…}}
background.js:16 [AI Prompt Queue] [LoadState] State loaded from storage {oldState: {…}, newState: {…}}
background.js:16 [AI Prompt Queue] [LoadState] State loaded from storage {oldState: {…}, newState: {…}}
background.js:16 [AI Prompt Queue] [LoadState] State loaded from storage {oldState: {…}, newState: {…}}
background.js:16 [AI Prompt Queue] [LoadState] State loaded from storage {oldState: {…}, newState: {…}}
background.js:16 [AI Prompt Queue] [LoadState] State loaded from storage {oldState: {…}, newState: {…}}
background.js:16 [AI Prompt Queue] [LoadState] State loaded from storage {oldState: {…}, newState: {…}}
background.js:16 [AI Prompt Queue] [LoadState] State loaded from storage {oldState: {…}, newState: {…}}
background.js:16 [AI Prompt Queue] [LoadState] State loaded from storage {oldState: {…}, newState: {…}}
background.js:16 [AI Prompt Queue] [LoadState] State loaded from storage {oldState: {…}, newState: {…}}
background.js:16 [AI Prompt Queue] [LoadState] State loaded from storage {oldState: {…}, newState: {…}}
background.js:16 [AI Prompt Queue] [LoadState] State loaded from storage {oldState: {…}, newState: {…}}
background.js:16 [AI Prompt Queue] [LoadState] State loaded from storage {oldState: {…}, newState: {…}}
background.js:16 [AI Prompt Queue] [LoadState] State loaded from storage {oldState: {…}, newState: {…}}
background.js:16 [AI Prompt Queue] [LoadState] State loaded from storage {oldState: {…}, newState: {…}}
background.js:16 [AI Prompt Queue] [LoadState] State loaded from storage {oldState: {…}, newState: {…}}
background.js:16 [AI Prompt Queue] [LoadState] State loaded from storage {oldState: {…}, newState: {…}}
background.js:16 [AI Prompt Queue] [LoadState] State loaded from storage {oldState: {…}, newState: {…}}
background.js:16 [AI Prompt Queue] [LoadState] State loaded from storage {oldState: {…}, newState: {…}}
background.js:16 [AI Prompt Queue] [LoadState] State loaded from storage {oldState: {…}, newState: {…}}
background.js:16 [AI Prompt Queue] [LoadState] State loaded from storage {oldState: {…}, newState: {…}}
background.js:16 [AI Prompt Queue] [LoadState] State loaded from storage {oldState: {…}, newState: {…}}
background.js:16 [AI Prompt Queue] [PromptSubmitted][Parallel] Submission confirmed {promptId: 'parallel_1774040659481_6_0_o85vzs', workerId: 'worker_1774040393502_6_p241oa', promptIndex: 0, reason: 'stream-start-detected'}
background.js:16 [AI Prompt Queue] [LoadState] State loaded from storage {oldState: {…}, newState: {…}}
background.js:16 [AI Prompt Queue] [BuildMessageText] Applying prompt wrappers {prependEnabled: false, appendEnabled: false, appendEffective: false, prependLength: 34, appendLength: 9783, …}
background.js:16 [AI Prompt Queue] [Parallel] Built prompt payload {workerId: 'worker_1774040393502_7_scuc43', promptIndex: 0, baseLength: 9819, finalLength: 9819}
background.js:16 [AI Prompt Queue] [Parallel] Activating worker tab {workerId: 'worker_1774040393502_7_scuc43', tabId: 1967666215, windowId: 1967664210, currentlyActive: false, status: 'complete'}
background.js:16 [AI Prompt Queue] [LoadState] State loaded from storage {oldState: {…}, newState: {…}}
background.js:16 [AI Prompt Queue] [LoadState] State loaded from storage {oldState: {…}, newState: {…}}
background.js:16 [AI Prompt Queue] [LoadState] State loaded from storage {oldState: {…}, newState: {…}}
background.js:16 [AI Prompt Queue] [Parallel] Worker tab activated {workerId: 'worker_1774040393502_7_scuc43', tabId: 1967666215, active: true, status: 'complete', url: 'https://chatgpt.com/g/g-69b7571f69348191bb3bddf38799a52c-plab-2-feedback-v11'}
background.js:16 [AI Prompt Queue] [SendToContent] Sending message to content {tabId: 1967666215, messageType: 'SEND_PROMPT'}
background.js:16 [AI Prompt Queue] [SendToContent] Response received from content {tabId: 1967666215, messageType: 'SEND_PROMPT', response: {…}}
background.js:16 [AI Prompt Queue] [LoadState] State loaded from storage {oldState: {…}, newState: {…}}
background.js:16 [AI Prompt Queue] [LoadState] State loaded from storage {oldState: {…}, newState: {…}}
background.js:16 [AI Prompt Queue] [LoadState] State loaded from storage {oldState: {…}, newState: {…}}
background.js:16 [AI Prompt Queue] [LoadState] State loaded from storage {oldState: {…}, newState: {…}}
background.js:16 [AI Prompt Queue] [LoadState] State loaded from storage {oldState: {…}, newState: {…}}
background.js:16 [AI Prompt Queue] [LoadState] State loaded from storage {oldState: {…}, newState: {…}}
background.js:16 [AI Prompt Queue] [LoadState] State loaded from storage {oldState: {…}, newState: {…}}
background.js:16 [AI Prompt Queue] [Health] Tick {running: true, processing: false, promptStartTime: 0, timeSinceActivity: 1028, timeSinceLastRecovery: 1774040666796, …}
background.js:16 [AI Prompt Queue] [LoadState] State loaded from storage {oldState: {…}, newState: {…}}
background.js:16 [AI Prompt Queue] [LoadState] State loaded from storage {oldState: {…}, newState: {…}}
background.js:16 [AI Prompt Queue] [LoadState] State loaded from storage {oldState: {…}, newState: {…}}
background.js:16 [AI Prompt Queue] [LoadState] State loaded from storage {oldState: {…}, newState: {…}}
background.js:16 [AI Prompt Queue] [LoadState] State loaded from storage {oldState: {…}, newState: {…}}
background.js:16 [AI Prompt Queue] [LoadState] State loaded from storage {oldState: {…}, newState: {…}}
background.js:16 [AI Prompt Queue] [LoadState] State loaded from storage {oldState: {…}, newState: {…}}
background.js:16 [AI Prompt Queue] [LoadState] State loaded from storage {oldState: {…}, newState: {…}}
background.js:16 [AI Prompt Queue] [LoadState] State loaded from storage {oldState: {…}, newState: {…}}
background.js:16 [AI Prompt Queue] [LoadState] State loaded from storage {oldState: {…}, newState: {…}}
background.js:16 [AI Prompt Queue] [LoadState] State loaded from storage {oldState: {…}, newState: {…}}
background.js:16 [AI Prompt Queue] [LoadState] State loaded from storage {oldState: {…}, newState: {…}}
background.js:16 [AI Prompt Queue] [LoadState] State loaded from storage {oldState: {…}, newState: {…}}
background.js:16 [AI Prompt Queue] [LoadState] State loaded from storage {oldState: {…}, newState: {…}}
background.js:16 [AI Prompt Queue] [LoadState] State loaded from storage {oldState: {…}, newState: {…}}
background.js:16 [AI Prompt Queue] [LoadState] State loaded from storage {oldState: {…}, newState: {…}}
background.js:16 [AI Prompt Queue] [LoadState] State loaded from storage {oldState: {…}, newState: {…}}
background.js:16 [AI Prompt Queue] [LoadState] State loaded from storage {oldState: {…}, newState: {…}}
background.js:16 [AI Prompt Queue] [LoadState] State loaded from storage {oldState: {…}, newState: {…}}
background.js:16 [AI Prompt Queue] [LoadState] State loaded from storage {oldState: {…}, newState: {…}}
background.js:16 [AI Prompt Queue] [LoadState] State loaded from storage {oldState: {…}, newState: {…}}
background.js:16 [AI Prompt Queue] [LoadState] State loaded from storage {oldState: {…}, newState: {…}}
background.js:16 [AI Prompt Queue] [LoadState] State loaded from storage {oldState: {…}, newState: {…}}
background.js:16 [AI Prompt Queue] [LoadState] State loaded from storage {oldState: {…}, newState: {…}}
background.js:16 [AI Prompt Queue] [LoadState] State loaded from storage {oldState: {…}, newState: {…}}
background.js:16 [AI Prompt Queue] [LoadState] State loaded from storage {oldState: {…}, newState: {…}}
background.js:16 [AI Prompt Queue] [LoadState] State loaded from storage {oldState: {…}, newState: {…}}
background.js:16 [AI Prompt Queue] [LoadState] State loaded from storage {oldState: {…}, newState: {…}}
background.js:16 [AI Prompt Queue] [LoadState] State loaded from storage {oldState: {…}, newState: {…}}
background.js:16 [AI Prompt Queue] [LoadState] State loaded from storage {oldState: {…}, newState: {…}}
background.js:16 [AI Prompt Queue] [LoadState] State loaded from storage {oldState: {…}, newState: {…}}
background.js:16 [AI Prompt Queue] [LoadState] State loaded from storage {oldState: {…}, newState: {…}}
background.js:16 [AI Prompt Queue] [LoadState] State loaded from storage {oldState: {…}, newState: {…}}
background.js:16 [AI Prompt Queue] [LoadState] State loaded from storage {oldState: {…}, newState: {…}}
background.js:16 [AI Prompt Queue] [LoadState] State loaded from storage {oldState: {…}, newState: {…}}
background.js:16 [AI Prompt Queue] [LoadState] State loaded from storage {oldState: {…}, newState: {…}}
background.js:16 [AI Prompt Queue] [LoadState] State loaded from storage {oldState: {…}, newState: {…}}
background.js:16 [AI Prompt Queue] [LoadState] State loaded from storage {oldState: {…}, newState: {…}}
background.js:16 [AI Prompt Queue] [LoadState] State loaded from storage {oldState: {…}, newState: {…}}
background.js:16 [AI Prompt Queue] [LoadState] State loaded from storage {oldState: {…}, newState: {…}}
background.js:16 [AI Prompt Queue] [LoadState] State loaded from storage {oldState: {…}, newState: {…}}
background.js:16 [AI Prompt Queue] [LoadState] State loaded from storage {oldState: {…}, newState: {…}}
background.js:16 [AI Prompt Queue] [LoadState] State loaded from storage {oldState: {…}, newState: {…}}
background.js:16 [AI Prompt Queue] [LoadState] State loaded from storage {oldState: {…}, newState: {…}}
background.js:16 [AI Prompt Queue] [Health] Tick {running: true, processing: false, promptStartTime: 0, timeSinceActivity: 6033, timeSinceLastRecovery: 1774040671801, …}
background.js:16 [AI Prompt Queue] [LoadState] State loaded from storage {oldState: {…}, newState: {…}}
background.js:16 [AI Prompt Queue] [LoadState] State loaded from storage {oldState: {…}, newState: {…}}
background.js:16 [AI Prompt Queue] [LoadState] State loaded from storage {oldState: {…}, newState: {…}}
background.js:16 [AI Prompt Queue] [LoadState] State loaded from storage {oldState: {…}, newState: {…}}
background.js:16 [AI Prompt Queue] [PromptSubmitted][Parallel] Submission confirmed {promptId: 'parallel_1774040665768_7_0_o9x9xp', workerId: 'worker_1774040393502_7_scuc43', promptIndex: 0, reason: 'stream-start-detected'}
background.js:16 [AI Prompt Queue] [LoadState] State loaded from storage {oldState: {…}, newState: {…}}
background.js:16 [AI Prompt Queue] [LoadState] State loaded from storage {oldState: {…}, newState: {…}}
background.js:16 [AI Prompt Queue] [LoadState] State loaded from storage {oldState: {…}, newState: {…}}
background.js:16 [AI Prompt Queue] [LoadState] State loaded from storage {oldState: {…}, newState: {…}}
background.js:16 [AI Prompt Queue] [LoadState] State loaded from storage {oldState: {…}, newState: {…}}
background.js:16 [AI Prompt Queue] [LoadState] State loaded from storage {oldState: {…}, newState: {…}}
background.js:16 [AI Prompt Queue] [LoadState] State loaded from storage {oldState: {…}, newState: {…}}
background.js:16 [AI Prompt Queue] [LoadState] State loaded from storage {oldState: {…}, newState: {…}}
background.js:16 [AI Prompt Queue] [LoadState] State loaded from storage {oldState: {…}, newState: {…}}
background.js:16 [AI Prompt Queue] [LoadState] State loaded from storage {oldState: {…}, newState: {…}}
background.js:16 [AI Prompt Queue] [LoadState] State loaded from storage {oldState: {…}, newState: {…}}
background.js:16 [AI Prompt Queue] [LoadState] State loaded from storage {oldState: {…}, newState: {…}}
background.js:16 [AI Prompt Queue] [LoadState] State loaded from storage {oldState: {…}, newState: {…}}
background.js:16 [AI Prompt Queue] [LoadState] State loaded from storage {oldState: {…}, newState: {…}}
background.js:16 [AI Prompt Queue] [LoadState] State loaded from storage {oldState: {…}, newState: {…}}
background.js:16 [AI Prompt Queue] [LoadState] State loaded from storage {oldState: {…}, newState: {…}}
background.js:16 [AI Prompt Queue] [LoadState] State loaded from storage {oldState: {…}, newState: {…}}
background.js:16 [AI Prompt Queue] [LoadState] State loaded from storage {oldState: {…}, newState: {…}}
background.js:16 [AI Prompt Queue] [LoadState] State loaded from storage {oldState: {…}, newState: {…}}
background.js:16 [AI Prompt Queue] [LoadState] State loaded from storage {oldState: {…}, newState: {…}}
background.js:16 [AI Prompt Queue] [LoadState] State loaded from storage {oldState: {…}, newState: {…}}
background.js:16 [AI Prompt Queue] [LoadState] State loaded from storage {oldState: {…}, newState: {…}}
background.js:16 [AI Prompt Queue] [LoadState] State loaded from storage {oldState: {…}, newState: {…}}
background.js:16 [AI Prompt Queue] [LoadState] State loaded from storage {oldState: {…}, newState: {…}}
background.js:16 [AI Prompt Queue] [LoadState] State loaded from storage {oldState: {…}, newState: {…}}
background.js:16 [AI Prompt Queue] [LoadState] State loaded from storage {oldState: {…}, newState: {…}}
background.js:16 [AI Prompt Queue] [LoadState] State loaded from storage {oldState: {…}, newState: {…}}
background.js:16 [AI Prompt Queue] [LoadState] State loaded from storage {oldState: {…}, newState: {…}}
background.js:16 [AI Prompt Queue] [LoadState] State loaded from storage {oldState: {…}, newState: {…}}
background.js:16 [AI Prompt Queue] [LoadState] State loaded from storage {oldState: {…}, newState: {…}}
background.js:16 [AI Prompt Queue] [LoadState] State loaded from storage {oldState: {…}, newState: {…}}
background.js:16 [AI Prompt Queue] [LoadState] State loaded from storage {oldState: {…}, newState: {…}}
background.js:16 [AI Prompt Queue] [LoadState] State loaded from storage {oldState: {…}, newState: {…}}
background.js:16 [AI Prompt Queue] [LoadState] State loaded from storage {oldState: {…}, newState: {…}}
background.js:16 [AI Prompt Queue] [LoadState] State loaded from storage {oldState: {…}, newState: {…}}
background.js:16 [AI Prompt Queue] [LoadState] State loaded from storage {oldState: {…}, newState: {…}}
background.js:16 [AI Prompt Queue] [LoadState] State loaded from storage {oldState: {…}, newState: {…}}
background.js:16 [AI Prompt Queue] [LoadState] State loaded from storage {oldState: {…}, newState: {…}}
background.js:16 [AI Prompt Queue] [Health] Tick {running: true, processing: false, promptStartTime: 0, timeSinceActivity: 4687, timeSinceLastRecovery: 1774040676799, …}
background.js:16 [AI Prompt Queue] [LoadState] State loaded from storage {oldState: {…}, newState: {…}}
background.js:16 [AI Prompt Queue] [LoadState] State loaded from storage {oldState: {…}, newState: {…}}
background.js:16 [AI Prompt Queue] [LoadState] State loaded from storage {oldState: {…}, newState: {…}}
background.js:16 [AI Prompt Queue] [LoadState] State loaded from storage {oldState: {…}, newState: {…}}
background.js:16 [AI Prompt Queue] [LoadState] State loaded from storage {oldState: {…}, newState: {…}}
background.js:16 [AI Prompt Queue] [LoadState] State loaded from storage {oldState: {…}, newState: {…}}
background.js:16 [AI Prompt Queue] [LoadState] State loaded from storage {oldState: {…}, newState: {…}}
background.js:16 [AI Prompt Queue] [LoadState] State loaded from storage {oldState: {…}, newState: {…}}
background.js:16 [AI Prompt Queue] [LoadState] State loaded from storage {oldState: {…}, newState: {…}}
background.js:16 [AI Prompt Queue] [LoadState] State loaded from storage {oldState: {…}, newState: {…}}
background.js:16 [AI Prompt Queue] [LoadState] State loaded from storage {oldState: {…}, newState: {…}}
background.js:16 [AI Prompt Queue] [LoadState] State loaded from storage {oldState: {…}, newState: {…}}
background.js:16 [AI Prompt Queue] [LoadState] State loaded from storage {oldState: {…}, newState: {…}}
background.js:16 [AI Prompt Queue] [LoadState] State loaded from storage {oldState: {…}, newState: {…}}
background.js:16 [AI Prompt Queue] [LoadState] State loaded from storage {oldState: {…}, newState: {…}}
background.js:16 [AI Prompt Queue] [LoadState] State loaded from storage {oldState: {…}, newState: {…}}
background.js:16 [AI Prompt Queue] [LoadState] State loaded from storage {oldState: {…}, newState: {…}}
background.js:16 [AI Prompt Queue] [LoadState] State loaded from storage {oldState: {…}, newState: {…}}
background.js:16 [AI Prompt Queue] [LoadState] State loaded from storage {oldState: {…}, newState: {…}}
background.js:16 [AI Prompt Queue] [LoadState] State loaded from storage {oldState: {…}, newState: {…}}
background.js:16 [AI Prompt Queue] [LoadState] State loaded from storage {oldState: {…}, newState: {…}}
background.js:16 [AI Prompt Queue] [LoadState] State loaded from storage {oldState: {…}, newState: {…}}
background.js:16 [AI Prompt Queue] [LoadState] State loaded from storage {oldState: {…}, newState: {…}}
background.js:16 [AI Prompt Queue] [LoadState] State loaded from storage {oldState: {…}, newState: {…}}
background.js:16 [AI Prompt Queue] [LoadState] State loaded from storage {oldState: {…}, newState: {…}}
background.js:16 [AI Prompt Queue] [LoadState] State loaded from storage {oldState: {…}, newState: {…}}
background.js:16 [AI Prompt Queue] [LoadState] State loaded from storage {oldState: {…}, newState: {…}}
background.js:16 [AI Prompt Queue] [LoadState] State loaded from storage {oldState: {…}, newState: {…}}
background.js:16 [AI Prompt Queue] [LoadState] State loaded from storage {oldState: {…}, newState: {…}}
background.js:16 [AI Prompt Queue] [LoadState] State loaded from storage {oldState: {…}, newState: {…}}
background.js:16 [AI Prompt Queue] [LoadState] State loaded from storage {oldState: {…}, newState: {…}}
background.js:16 [AI Prompt Queue] [LoadState] State loaded from storage {oldState: {…}, newState: {…}}
background.js:16 [AI Prompt Queue] [LoadState] State loaded from storage {oldState: {…}, newState: {…}}
background.js:16 [AI Prompt Queue] [LoadState] State loaded from storage {oldState: {…}, newState: {…}}
background.js:16 [AI Prompt Queue] [LoadState] State loaded from storage {oldState: {…}, newState: {…}}
background.js:16 [AI Prompt Queue] [LoadState] State loaded from storage {oldState: {…}, newState: {…}}
background.js:16 [AI Prompt Queue] [LoadState] State loaded from storage {oldState: {…}, newState: {…}}
background.js:16 [AI Prompt Queue] [LoadState] State loaded from storage {oldState: {…}, newState: {…}}
background.js:16 [AI Prompt Queue] [LoadState] State loaded from storage {oldState: {…}, newState: {…}}
background.js:16 [AI Prompt Queue] [LoadState] State loaded from storage {oldState: {…}, newState: {…}}
background.js:16 [AI Prompt Queue] [LoadState] State loaded from storage {oldState: {…}, newState: {…}}
background.js:16 [AI Prompt Queue] [LoadState] State loaded from storage {oldState: {…}, newState: {…}}
background.js:16 [AI Prompt Queue] [Health] Tick {running: true, processing: false, promptStartTime: 0, timeSinceActivity: 9686, timeSinceLastRecovery: 1774040681798, …}
background.js:16 [AI Prompt Queue] [LoadState] State loaded from storage {oldState: {…}, newState: {…}}
background.js:16 [AI Prompt Queue] [LoadState] State loaded from storage {oldState: {…}, newState: {…}}
background.js:16 [AI Prompt Queue] [LoadState] State loaded from storage {oldState: {…}, newState: {…}}
background.js:16 [AI Prompt Queue] [LoadState] State loaded from storage {oldState: {…}, newState: {…}}
background.js:16 [AI Prompt Queue] [LoadState] State loaded from storage {oldState: {…}, newState: {…}}
background.js:16 [AI Prompt Queue] [LoadState] State loaded from storage {oldState: {…}, newState: {…}}
background.js:16 [AI Prompt Queue] [LoadState] State loaded from storage {oldState: {…}, newState: {…}}
background.js:16 [AI Prompt Queue] [LoadState] State loaded from storage {oldState: {…}, newState: {…}}
background.js:16 [AI Prompt Queue] [LoadState] State loaded from storage {oldState: {…}, newState: {…}}
background.js:16 [AI Prompt Queue] [LoadState] State loaded from storage {oldState: {…}, newState: {…}}
background.js:16 [AI Prompt Queue] [LoadState] State loaded from storage {oldState: {…}, newState: {…}}
background.js:16 [AI Prompt Queue] [LoadState] State loaded from storage {oldState: {…}, newState: {…}}
background.js:16 [AI Prompt Queue] [LoadState] State loaded from storage {oldState: {…}, newState: {…}}
background.js:16 [AI Prompt Queue] [LoadState] State loaded from storage {oldState: {…}, newState: {…}}
background.js:16 [AI Prompt Queue] [LoadState] State loaded from storage {oldState: {…}, newState: {…}}
background.js:16 [AI Prompt Queue] [LoadState] State loaded from storage {oldState: {…}, newState: {…}}
background.js:16 [AI Prompt Queue] [LoadState] State loaded from storage {oldState: {…}, newState: {…}}
background.js:16 [AI Prompt Queue] [LoadState] State loaded from storage {oldState: {…}, newState: {…}}
background.js:16 [AI Prompt Queue] [LoadState] State loaded from storage {oldState: {…}, newState: {…}}
background.js:16 [AI Prompt Queue] [LoadState] State loaded from storage {oldState: {…}, newState: {…}}
background.js:16 [AI Prompt Queue] [LoadState] State loaded from storage {oldState: {…}, newState: {…}}
background.js:16 [AI Prompt Queue] [LoadState] State loaded from storage {oldState: {…}, newState: {…}}
background.js:16 [AI Prompt Queue] [LoadState] State loaded from storage {oldState: {…}, newState: {…}}
background.js:16 [AI Prompt Queue] [LoadState] State loaded from storage {oldState: {…}, newState: {…}}
background.js:16 [AI Prompt Queue] [LoadState] State loaded from storage {oldState: {…}, newState: {…}}
background.js:16 [AI Prompt Queue] [LoadState] State loaded from storage {oldState: {…}, newState: {…}}
background.js:16 [AI Prompt Queue] [LoadState] State loaded from storage {oldState: {…}, newState: {…}}
background.js:16 [AI Prompt Queue] [LoadState] State loaded from storage {oldState: {…}, newState: {…}}
background.js:16 [AI Prompt Queue] [LoadState] State loaded from storage {oldState: {…}, newState: {…}}
background.js:16 [AI Prompt Queue] [LoadState] State loaded from storage {oldState: {…}, newState: {…}}
background.js:16 [AI Prompt Queue] [LoadState] State loaded from storage {oldState: {…}, newState: {…}}
background.js:16 [AI Prompt Queue] [LoadState] State loaded from storage {oldState: {…}, newState: {…}}
background.js:16 [AI Prompt Queue] [LoadState] State loaded from storage {oldState: {…}, newState: {…}}
background.js:16 [AI Prompt Queue] [LoadState] State loaded from storage {oldState: {…}, newState: {…}}
background.js:16 [AI Prompt Queue] [LoadState] State loaded from storage {oldState: {…}, newState: {…}}
background.js:16 [AI Prompt Queue] [LoadState] State loaded from storage {oldState: {…}, newState: {…}}
background.js:16 [AI Prompt Queue] [LoadState] State loaded from storage {oldState: {…}, newState: {…}}
background.js:16 [AI Prompt Queue] [LoadState] State loaded from storage {oldState: {…}, newState: {…}}
background.js:16 [AI Prompt Queue] [LoadState] State loaded from storage {oldState: {…}, newState: {…}}
background.js:16 [AI Prompt Queue] [LoadState] State loaded from storage {oldState: {…}, newState: {…}}
background.js:16 [AI Prompt Queue] [LoadState] State loaded from storage {oldState: {…}, newState: {…}}
background.js:16 [AI Prompt Queue] [LoadState] State loaded from storage {oldState: {…}, newState: {…}}
background.js:16 [AI Prompt Queue] [LoadState] State loaded from storage {oldState: {…}, newState: {…}}
background.js:16 [AI Prompt Queue] [LoadState] State loaded from storage {oldState: {…}, newState: {…}}
background.js:16 [AI Prompt Queue] [LoadState] State loaded from storage {oldState: {…}, newState: {…}}
background.js:16 [AI Prompt Queue] [LoadState] State loaded from storage {oldState: {…}, newState: {…}}
background.js:16 [AI Prompt Queue] [LoadState] State loaded from storage {oldState: {…}, newState: {…}}
background.js:16 [AI Prompt Queue] [Health] Tick {running: true, processing: false, promptStartTime: 0, timeSinceActivity: 14687, timeSinceLastRecovery: 1774040686799, …}
background.js:16 [AI Prompt Queue] [LoadState] State loaded from storage {oldState: {…}, newState: {…}}
background.js:16 [AI Prompt Queue] [LoadState] State loaded from storage {oldState: {…}, newState: {…}}
background.js:16 [AI Prompt Queue] [LoadState] State loaded from storage {oldState: {…}, newState: {…}}
background.js:16 [AI Prompt Queue] [LoadState] State loaded from storage {oldState: {…}, newState: {…}}
background.js:16 [AI Prompt Queue] [LoadState] State loaded from storage {oldState: {…}, newState: {…}}
background.js:16 [AI Prompt Queue] [LoadState] State loaded from storage {oldState: {…}, newState: {…}}
background.js:16 [AI Prompt Queue] [LoadState] State loaded from storage {oldState: {…}, newState: {…}}
background.js:16 [AI Prompt Queue] [LoadState] State loaded from storage {oldState: {…}, newState: {…}}
background.js:16 [AI Prompt Queue] [LoadState] State loaded from storage {oldState: {…}, newState: {…}}
background.js:16 [AI Prompt Queue] [LoadState] State loaded from storage {oldState: {…}, newState: {…}}
background.js:16 [AI Prompt Queue] [LoadState] State loaded from storage {oldState: {…}, newState: {…}}
background.js:16 [AI Prompt Queue] [LoadState] State loaded from storage {oldState: {…}, newState: {…}}
background.js:16 [AI Prompt Queue] [LoadState] State loaded from storage {oldState: {…}, newState: {…}}
background.js:16 [AI Prompt Queue] [LoadState] State loaded from storage {oldState: {…}, newState: {…}}
background.js:16 [AI Prompt Queue] [LoadState] State loaded from storage {oldState: {…}, newState: {…}}
background.js:16 [AI Prompt Queue] [LoadState] State loaded from storage {oldState: {…}, newState: {…}}
background.js:16 [AI Prompt Queue] [LoadState] State loaded from storage {oldState: {…}, newState: {…}}
background.js:16 [AI Prompt Queue] [LoadState] State loaded from storage {oldState: {…}, newState: {…}}
background.js:16 [AI Prompt Queue] [LoadState] State loaded from storage {oldState: {…}, newState: {…}}
background.js:16 [AI Prompt Queue] [LoadState] State loaded from storage {oldState: {…}, newState: {…}}
background.js:16 [AI Prompt Queue] [LoadState] State loaded from storage {oldState: {…}, newState: {…}}
background.js:16 [AI Prompt Queue] [LoadState] State loaded from storage {oldState: {…}, newState: {…}}
background.js:16 [AI Prompt Queue] [LoadState] State loaded from storage {oldState: {…}, newState: {…}}
background.js:16 [AI Prompt Queue] [LoadState] State loaded from storage {oldState: {…}, newState: {…}}
background.js:16 [AI Prompt Queue] [LoadState] State loaded from storage {oldState: {…}, newState: {…}}
background.js:16 [AI Prompt Queue] [LoadState] State loaded from storage {oldState: {…}, newState: {…}}
background.js:16 [AI Prompt Queue] [LoadState] State loaded from storage {oldState: {…}, newState: {…}}
background.js:16 [AI Prompt Queue] [LoadState] State loaded from storage {oldState: {…}, newState: {…}}
background.js:16 [AI Prompt Queue] [LoadState] State loaded from storage {oldState: {…}, newState: {…}}
background.js:16 [AI Prompt Queue] [LoadState] State loaded from storage {oldState: {…}, newState: {…}}
background.js:16 [AI Prompt Queue] [LoadState] State loaded from storage {oldState: {…}, newState: {…}}
background.js:16 [AI Prompt Queue] [LoadState] State loaded from storage {oldState: {…}, newState: {…}}
background.js:16 [AI Prompt Queue] [LoadState] State loaded from storage {oldState: {…}, newState: {…}}
background.js:16 [AI Prompt Queue] [LoadState] State loaded from storage {oldState: {…}, newState: {…}}
background.js:16 [AI Prompt Queue] [LoadState] State loaded from storage {oldState: {…}, newState: {…}}
background.js:16 [AI Prompt Queue] [LoadState] State loaded from storage {oldState: {…}, newState: {…}}
background.js:16 [AI Prompt Queue] [LoadState] State loaded from storage {oldState: {…}, newState: {…}}
background.js:16 [AI Prompt Queue] [LoadState] State loaded from storage {oldState: {…}, newState: {…}}
background.js:16 [AI Prompt Queue] [LoadState] State loaded from storage {oldState: {…}, newState: {…}}
background.js:16 [AI Prompt Queue] [LoadState] State loaded from storage {oldState: {…}, newState: {…}}
background.js:16 [AI Prompt Queue] [LoadState] State loaded from storage {oldState: {…}, newState: {…}}
background.js:16 [AI Prompt Queue] [LoadState] State loaded from storage {oldState: {…}, newState: {…}}
background.js:16 [AI Prompt Queue] [LoadState] State loaded from storage {oldState: {…}, newState: {…}}
background.js:16 [AI Prompt Queue] [LoadState] State loaded from storage {oldState: {…}, newState: {…}}
background.js:16 [AI Prompt Queue] [LoadState] State loaded from storage {oldState: {…}, newState: {…}}
background.js:16 [AI Prompt Queue] [LoadState] State loaded from storage {oldState: {…}, newState: {…}}
background.js:16 [AI Prompt Queue] [LoadState] State loaded from storage {oldState: {…}, newState: {…}}
background.js:16 [AI Prompt Queue] [LoadState] State loaded from storage {oldState: {…}, newState: {…}}
background.js:16 [AI Prompt Queue] [Health] Tick {running: true, processing: false, promptStartTime: 0, timeSinceActivity: 19685, timeSinceLastRecovery: 1774040691797, …}
background.js:16 [AI Prompt Queue] [LoadState] State loaded from storage {oldState: {…}, newState: {…}}
background.js:16 [AI Prompt Queue] [LoadState] State loaded from storage {oldState: {…}, newState: {…}}
background.js:16 [AI Prompt Queue] [LoadState] State loaded from storage {oldState: {…}, newState: {…}}
background.js:16 [AI Prompt Queue] [LoadState] State loaded from storage {oldState: {…}, newState: {…}}
background.js:16 [AI Prompt Queue] [LoadState] State loaded from storage {oldState: {…}, newState: {…}}
background.js:16 [AI Prompt Queue] [LoadState] State loaded from storage {oldState: {…}, newState: {…}}
background.js:16 [AI Prompt Queue] [LoadState] State loaded from storage {oldState: {…}, newState: {…}}
background.js:16 [AI Prompt Queue] [LoadState] State loaded from storage {oldState: {…}, newState: {…}}
background.js:16 [AI Prompt Queue] [LoadState] State loaded from storage {oldState: {…}, newState: {…}}
background.js:16 [AI Prompt Queue] [LoadState] State loaded from storage {oldState: {…}, newState: {…}}
background.js:16 [AI Prompt Queue] [LoadState] State loaded from storage {oldState: {…}, newState: {…}}
background.js:16 [AI Prompt Queue] [LoadState] State loaded from storage {oldState: {…}, newState: {…}}
background.js:16 [AI Prompt Queue] [LoadState] State loaded from storage {oldState: {…}, newState: {…}}
background.js:16 [AI Prompt Queue] [LoadState] State loaded from storage {oldState: {…}, newState: {…}}
background.js:16 [AI Prompt Queue] [LoadState] State loaded from storage {oldState: {…}, newState: {…}}
background.js:16 [AI Prompt Queue] [LoadState] State loaded from storage {oldState: {…}, newState: {…}}
background.js:16 [AI Prompt Queue] [LoadState] State loaded from storage {oldState: {…}, newState: {…}}
background.js:16 [AI Prompt Queue] [LoadState] State loaded from storage {oldState: {…}, newState: {…}}
background.js:16 [AI Prompt Queue] [LoadState] State loaded from storage {oldState: {…}, newState: {…}}
background.js:16 [AI Prompt Queue] [LoadState] State loaded from storage {oldState: {…}, newState: {…}}
background.js:16 [AI Prompt Queue] [LoadState] State loaded from storage {oldState: {…}, newState: {…}}
background.js:16 [AI Prompt Queue] [LoadState] State loaded from storage {oldState: {…}, newState: {…}}
background.js:16 [AI Prompt Queue] [LoadState] State loaded from storage {oldState: {…}, newState: {…}}
background.js:16 [AI Prompt Queue] [LoadState] State loaded from storage {oldState: {…}, newState: {…}}
background.js:16 [AI Prompt Queue] [LoadState] State loaded from storage {oldState: {…}, newState: {…}}
background.js:16 [AI Prompt Queue] [LoadState] State loaded from storage {oldState: {…}, newState: {…}}
background.js:16 [AI Prompt Queue] [LoadState] State loaded from storage {oldState: {…}, newState: {…}}
background.js:16 [AI Prompt Queue] [LoadState] State loaded from storage {oldState: {…}, newState: {…}}
background.js:16 [AI Prompt Queue] [LoadState] State loaded from storage {oldState: {…}, newState: {…}}
background.js:16 [AI Prompt Queue] [LoadState] State loaded from storage {oldState: {…}, newState: {…}}
background.js:16 [AI Prompt Queue] [LoadState] State loaded from storage {oldState: {…}, newState: {…}}
background.js:16 [AI Prompt Queue] [LoadState] State loaded from storage {oldState: {…}, newState: {…}}
background.js:16 [AI Prompt Queue] [LoadState] State loaded from storage {oldState: {…}, newState: {…}}
background.js:16 [AI Prompt Queue] [LoadState] State loaded from storage {oldState: {…}, newState: {…}}
background.js:16 [AI Prompt Queue] [LoadState] State loaded from storage {oldState: {…}, newState: {…}}
background.js:16 [AI Prompt Queue] [LoadState] State loaded from storage {oldState: {…}, newState: {…}}
background.js:16 [AI Prompt Queue] [LoadState] State loaded from storage {oldState: {…}, newState: {…}}
background.js:16 [AI Prompt Queue] [LoadState] State loaded from storage {oldState: {…}, newState: {…}}
background.js:16 [AI Prompt Queue] [LoadState] State loaded from storage {oldState: {…}, newState: {…}}
background.js:16 [AI Prompt Queue] [LoadState] State loaded from storage {oldState: {…}, newState: {…}}
background.js:16 [AI Prompt Queue] [LoadState] State loaded from storage {oldState: {…}, newState: {…}}
background.js:16 [AI Prompt Queue] [LoadState] State loaded from storage {oldState: {…}, newState: {…}}
background.js:16 [AI Prompt Queue] [LoadState] State loaded from storage {oldState: {…}, newState: {…}}
background.js:16 [AI Prompt Queue] [LoadState] State loaded from storage {oldState: {…}, newState: {…}}
background.js:16 [AI Prompt Queue] [LoadState] State loaded from storage {oldState: {…}, newState: {…}}
background.js:16 [AI Prompt Queue] [LoadState] State loaded from storage {oldState: {…}, newState: {…}}
background.js:16 [AI Prompt Queue] [LoadState] State loaded from storage {oldState: {…}, newState: {…}}
background.js:16 [AI Prompt Queue] [Health] Tick {running: true, processing: false, promptStartTime: 0, timeSinceActivity: 24684, timeSinceLastRecovery: 1774040696796, …}
background.js:16 [AI Prompt Queue] [LoadState] State loaded from storage {oldState: {…}, newState: {…}}
background.js:16 [AI Prompt Queue] [LoadState] State loaded from storage {oldState: {…}, newState: {…}}
background.js:16 [AI Prompt Queue] [LoadState] State loaded from storage {oldState: {…}, newState: {…}}
background.js:16 [AI Prompt Queue] [LoadState] State loaded from storage {oldState: {…}, newState: {…}}
background.js:16 [AI Prompt Queue] [LoadState] State loaded from storage {oldState: {…}, newState: {…}}
background.js:16 [AI Prompt Queue] [LoadState] State loaded from storage {oldState: {…}, newState: {…}}
background.js:16 [AI Prompt Queue] [LoadState] State loaded from storage {oldState: {…}, newState: {…}}
background.js:16 [AI Prompt Queue] [LoadState] State loaded from storage {oldState: {…}, newState: {…}}
background.js:16 [AI Prompt Queue] [LoadState] State loaded from storage {oldState: {…}, newState: {…}}
background.js:16 [AI Prompt Queue] [LoadState] State loaded from storage {oldState: {…}, newState: {…}}
background.js:16 [AI Prompt Queue] [LoadState] State loaded from storage {oldState: {…}, newState: {…}}
background.js:16 [AI Prompt Queue] [LoadState] State loaded from storage {oldState: {…}, newState: {…}}
background.js:16 [AI Prompt Queue] [LoadState] State loaded from storage {oldState: {…}, newState: {…}}
background.js:16 [AI Prompt Queue] [LoadState] State loaded from storage {oldState: {…}, newState: {…}}
background.js:16 [AI Prompt Queue] [LoadState] State loaded from storage {oldState: {…}, newState: {…}}
background.js:16 [AI Prompt Queue] [LoadState] State loaded from storage {oldState: {…}, newState: {…}}
background.js:16 [AI Prompt Queue] [LoadState] State loaded from storage {oldState: {…}, newState: {…}}
background.js:16 [AI Prompt Queue] [LoadState] State loaded from storage {oldState: {…}, newState: {…}}
background.js:16 [AI Prompt Queue] [LoadState] State loaded from storage {oldState: {…}, newState: {…}}
background.js:16 [AI Prompt Queue] [LoadState] State loaded from storage {oldState: {…}, newState: {…}}
background.js:16 [AI Prompt Queue] [LoadState] State loaded from storage {oldState: {…}, newState: {…}}
background.js:16 [AI Prompt Queue] [LoadState] State loaded from storage {oldState: {…}, newState: {…}}
background.js:16 [AI Prompt Queue] [LoadState] State loaded from storage {oldState: {…}, newState: {…}}
background.js:16 [AI Prompt Queue] [LoadState] State loaded from storage {oldState: {…}, newState: {…}}
background.js:16 [AI Prompt Queue] [LoadState] State loaded from storage {oldState: {…}, newState: {…}}
background.js:16 [AI Prompt Queue] [LoadState] State loaded from storage {oldState: {…}, newState: {…}}
background.js:16 [AI Prompt Queue] [LoadState] State loaded from storage {oldState: {…}, newState: {…}}
background.js:16 [AI Prompt Queue] [LoadState] State loaded from storage {oldState: {…}, newState: {…}}
background.js:16 [AI Prompt Queue] [LoadState] State loaded from storage {oldState: {…}, newState: {…}}
background.js:16 [AI Prompt Queue] [LoadState] State loaded from storage {oldState: {…}, newState: {…}}
background.js:16 [AI Prompt Queue] [LoadState] State loaded from storage {oldState: {…}, newState: {…}}
background.js:16 [AI Prompt Queue] [LoadState] State loaded from storage {oldState: {…}, newState: {…}}
background.js:16 [AI Prompt Queue] [LoadState] State loaded from storage {oldState: {…}, newState: {…}}
background.js:16 [AI Prompt Queue] [LoadState] State loaded from storage {oldState: {…}, newState: {…}}
background.js:16 [AI Prompt Queue] [LoadState] State loaded from storage {oldState: {…}, newState: {…}}
background.js:16 [AI Prompt Queue] [LoadState] State loaded from storage {oldState: {…}, newState: {…}}
background.js:16 [AI Prompt Queue] [LoadState] State loaded from storage {oldState: {…}, newState: {…}}
background.js:16 [AI Prompt Queue] [LoadState] State loaded from storage {oldState: {…}, newState: {…}}
background.js:16 [AI Prompt Queue] [LoadState] State loaded from storage {oldState: {…}, newState: {…}}
background.js:16 [AI Prompt Queue] [LoadState] State loaded from storage {oldState: {…}, newState: {…}}
background.js:16 [AI Prompt Queue] [LoadState] State loaded from storage {oldState: {…}, newState: {…}}
background.js:16 [AI Prompt Queue] [LoadState] State loaded from storage {oldState: {…}, newState: {…}}
background.js:16 [AI Prompt Queue] [LoadState] State loaded from storage {oldState: {…}, newState: {…}}
background.js:16 [AI Prompt Queue] [LoadState] State loaded from storage {oldState: {…}, newState: {…}}
background.js:16 [AI Prompt Queue] [LoadState] State loaded from storage {oldState: {…}, newState: {…}}
background.js:16 [AI Prompt Queue] [LoadState] State loaded from storage {oldState: {…}, newState: {…}}
background.js:16 [AI Prompt Queue] [LoadState] State loaded from storage {oldState: {…}, newState: {…}}
background.js:16 [AI Prompt Queue] [LoadState] State loaded from storage {oldState: {…}, newState: {…}}
background.js:16 [AI Prompt Queue] [Health] Tick {running: true, processing: false, promptStartTime: 0, timeSinceActivity: 29699, timeSinceLastRecovery: 1774040701811, …}
background.js:16 [AI Prompt Queue] [LoadState] State loaded from storage {oldState: {…}, newState: {…}}
background.js:16 [AI Prompt Queue] [LoadState] State loaded from storage {oldState: {…}, newState: {…}}
background.js:16 [AI Prompt Queue] [LoadState] State loaded from storage {oldState: {…}, newState: {…}}
background.js:16 [AI Prompt Queue] [LoadState] State loaded from storage {oldState: {…}, newState: {…}}
background.js:16 [AI Prompt Queue] [LoadState] State loaded from storage {oldState: {…}, newState: {…}}
background.js:16 [AI Prompt Queue] [LoadState] State loaded from storage {oldState: {…}, newState: {…}}
background.js:16 [AI Prompt Queue] [LoadState] State loaded from storage {oldState: {…}, newState: {…}}
background.js:16 [AI Prompt Queue] [LoadState] State loaded from storage {oldState: {…}, newState: {…}}
background.js:16 [AI Prompt Queue] [LoadState] State loaded from storage {oldState: {…}, newState: {…}}
background.js:16 [AI Prompt Queue] [LoadState] State loaded from storage {oldState: {…}, newState: {…}}
background.js:16 [AI Prompt Queue] [LoadState] State loaded from storage {oldState: {…}, newState: {…}}
background.js:16 [AI Prompt Queue] [LoadState] State loaded from storage {oldState: {…}, newState: {…}}
background.js:16 [AI Prompt Queue] [LoadState] State loaded from storage {oldState: {…}, newState: {…}}
background.js:16 [AI Prompt Queue] [LoadState] State loaded from storage {oldState: {…}, newState: {…}}
background.js:16 [AI Prompt Queue] [LoadState] State loaded from storage {oldState: {…}, newState: {…}}
background.js:16 [AI Prompt Queue] [LoadState] State loaded from storage {oldState: {…}, newState: {…}}
background.js:16 [AI Prompt Queue] [LoadState] State loaded from storage {oldState: {…}, newState: {…}}
background.js:16 [AI Prompt Queue] [LoadState] State loaded from storage {oldState: {…}, newState: {…}}
background.js:16 [AI Prompt Queue] [LoadState] State loaded from storage {oldState: {…}, newState: {…}}
background.js:16 [AI Prompt Queue] [LoadState] State loaded from storage {oldState: {…}, newState: {…}}
background.js:16 [AI Prompt Queue] [LoadState] State loaded from storage {oldState: {…}, newState: {…}}
background.js:16 [AI Prompt Queue] [LoadState] State loaded from storage {oldState: {…}, newState: {…}}
background.js:16 [AI Prompt Queue] [LoadState] State loaded from storage {oldState: {…}, newState: {…}}
background.js:16 [AI Prompt Queue] [LoadState] State loaded from storage {oldState: {…}, newState: {…}}
background.js:16 [AI Prompt Queue] [LoadState] State loaded from storage {oldState: {…}, newState: {…}}
background.js:16 [AI Prompt Queue] [LoadState] State loaded from storage {oldState: {…}, newState: {…}}
background.js:16 [AI Prompt Queue] [ResponseComplete] Received {messagePromptId: 'parallel_1774040513697_1_0_dujk67', statePromptId: null, running: true, mode: 'parallel', processing: false, …}
background.js:16 [AI Prompt Queue] [LoadState] State loaded from storage {oldState: {…}, newState: {…}}
background.js:16 [AI Prompt Queue] [LoadState] State loaded from storage {oldState: {…}, newState: {…}}
background.js:16 [AI Prompt Queue] [LoadState] State loaded from storage {oldState: {…}, newState: {…}}
background.js:16 [AI Prompt Queue] [LoadState] State loaded from storage {oldState: {…}, newState: {…}}
background.js:16 [AI Prompt Queue] [LoadState] State loaded from storage {oldState: {…}, newState: {…}}
background.js:16 [AI Prompt Queue] [LoadState] State loaded from storage {oldState: {…}, newState: {…}}
background.js:16 [AI Prompt Queue] [LoadState] State loaded from storage {oldState: {…}, newState: {…}}
background.js:16 [AI Prompt Queue] [LoadState] State loaded from storage {oldState: {…}, newState: {…}}
background.js:16 [AI Prompt Queue] [LoadState] State loaded from storage {oldState: {…}, newState: {…}}
background.js:16 [AI Prompt Queue] [LoadState] State loaded from storage {oldState: {…}, newState: {…}}
background.js:16 [AI Prompt Queue] [LoadState] State loaded from storage {oldState: {…}, newState: {…}}
background.js:16 [AI Prompt Queue] [LoadState] State loaded from storage {oldState: {…}, newState: {…}}
background.js:16 [AI Prompt Queue] [LoadState] State loaded from storage {oldState: {…}, newState: {…}}
background.js:16 [AI Prompt Queue] [LoadState] State loaded from storage {oldState: {…}, newState: {…}}
background.js:16 [AI Prompt Queue] [LoadState] State loaded from storage {oldState: {…}, newState: {…}}
background.js:16 [AI Prompt Queue] [LoadState] State loaded from storage {oldState: {…}, newState: {…}}
background.js:16 [AI Prompt Queue] [LoadState] State loaded from storage {oldState: {…}, newState: {…}}
background.js:16 [AI Prompt Queue] [LoadState] State loaded from storage {oldState: {…}, newState: {…}}
background.js:16 [AI Prompt Queue] [LoadState] State loaded from storage {oldState: {…}, newState: {…}}
background.js:16 [AI Prompt Queue] [LoadState] State loaded from storage {oldState: {…}, newState: {…}}
background.js:16 [AI Prompt Queue] [LoadState] State loaded from storage {oldState: {…}, newState: {…}}
background.js:16 [AI Prompt Queue] [LoadState] State loaded from storage {oldState: {…}, newState: {…}}
background.js:16 [AI Prompt Queue] [LoadState] State loaded from storage {oldState: {…}, newState: {…}}
background.js:16 [AI Prompt Queue] [Health] Tick {running: true, processing: false, promptStartTime: 0, timeSinceActivity: 34697, timeSinceLastRecovery: 1774040706809, …}
background.js:16 [AI Prompt Queue] [LoadState] State loaded from storage {oldState: {…}, newState: {…}}
background.js:16 [AI Prompt Queue] [LoadState] State loaded from storage {oldState: {…}, newState: {…}}
background.js:16 [AI Prompt Queue] [LoadState] State loaded from storage {oldState: {…}, newState: {…}}
background.js:16 [AI Prompt Queue] [LoadState] State loaded from storage {oldState: {…}, newState: {…}}
background.js:16 [AI Prompt Queue] [LoadState] State loaded from storage {oldState: {…}, newState: {…}}
background.js:16 [AI Prompt Queue] [LoadState] State loaded from storage {oldState: {…}, newState: {…}}
background.js:16 [AI Prompt Queue] [LoadState] State loaded from storage {oldState: {…}, newState: {…}}
background.js:16 [AI Prompt Queue] [LoadState] State loaded from storage {oldState: {…}, newState: {…}}
background.js:16 [AI Prompt Queue] [LoadState] State loaded from storage {oldState: {…}, newState: {…}}
background.js:16 [AI Prompt Queue] [LoadState] State loaded from storage {oldState: {…}, newState: {…}}
background.js:16 [AI Prompt Queue] [LoadState] State loaded from storage {oldState: {…}, newState: {…}}
background.js:16 [AI Prompt Queue] [LoadState] State loaded from storage {oldState: {…}, newState: {…}}
background.js:16 [AI Prompt Queue] [LoadState] State loaded from storage {oldState: {…}, newState: {…}}
background.js:16 [AI Prompt Queue] [LoadState] State loaded from storage {oldState: {…}, newState: {…}}
background.js:16 [AI Prompt Queue] [LoadState] State loaded from storage {oldState: {…}, newState: {…}}
background.js:16 [AI Prompt Queue] [LoadState] State loaded from storage {oldState: {…}, newState: {…}}
background.js:16 [AI Prompt Queue] [LoadState] State loaded from storage {oldState: {…}, newState: {…}}
background.js:16 [AI Prompt Queue] [LoadState] State loaded from storage {oldState: {…}, newState: {…}}
background.js:16 [AI Prompt Queue] [LoadState] State loaded from storage {oldState: {…}, newState: {…}}
background.js:16 [AI Prompt Queue] [LoadState] State loaded from storage {oldState: {…}, newState: {…}}
background.js:16 [AI Prompt Queue] [LoadState] State loaded from storage {oldState: {…}, newState: {…}}
background.js:16 [AI Prompt Queue] [LoadState] State loaded from storage {oldState: {…}, newState: {…}}
background.js:16 [AI Prompt Queue] [LoadState] State loaded from storage {oldState: {…}, newState: {…}}
background.js:16 [AI Prompt Queue] [LoadState] State loaded from storage {oldState: {…}, newState: {…}}
background.js:16 [AI Prompt Queue] [LoadState] State loaded from storage {oldState: {…}, newState: {…}}
background.js:16 [AI Prompt Queue] [LoadState] State loaded from storage {oldState: {…}, newState: {…}}
background.js:16 [AI Prompt Queue] [LoadState] State loaded from storage {oldState: {…}, newState: {…}}
background.js:16 [AI Prompt Queue] [LoadState] State loaded from storage {oldState: {…}, newState: {…}}
background.js:16 [AI Prompt Queue] [LoadState] State loaded from storage {oldState: {…}, newState: {…}}
background.js:16 [AI Prompt Queue] [LoadState] State loaded from storage {oldState: {…}, newState: {…}}
background.js:16 [AI Prompt Queue] [LoadState] State loaded from storage {oldState: {…}, newState: {…}}
background.js:16 [AI Prompt Queue] [LoadState] State loaded from storage {oldState: {…}, newState: {…}}
background.js:16 [AI Prompt Queue] [LoadState] State loaded from storage {oldState: {…}, newState: {…}}
background.js:16 [AI Prompt Queue] [LoadState] State loaded from storage {oldState: {…}, newState: {…}}
background.js:16 [AI Prompt Queue] [LoadState] State loaded from storage {oldState: {…}, newState: {…}}
background.js:16 [AI Prompt Queue] [LoadState] State loaded from storage {oldState: {…}, newState: {…}}
background.js:16 [AI Prompt Queue] [LoadState] State loaded from storage {oldState: {…}, newState: {…}}
background.js:16 [AI Prompt Queue] [LoadState] State loaded from storage {oldState: {…}, newState: {…}}
background.js:16 [AI Prompt Queue] [LoadState] State loaded from storage {oldState: {…}, newState: {…}}
background.js:16 [AI Prompt Queue] [LoadState] State loaded from storage {oldState: {…}, newState: {…}}
background.js:16 [AI Prompt Queue] [LoadState] State loaded from storage {oldState: {…}, newState: {…}}
background.js:16 [AI Prompt Queue] [LoadState] State loaded from storage {oldState: {…}, newState: {…}}
background.js:16 [AI Prompt Queue] [LoadState] State loaded from storage {oldState: {…}, newState: {…}}
background.js:16 [AI Prompt Queue] [LoadState] State loaded from storage {oldState: {…}, newState: {…}}
background.js:16 [AI Prompt Queue] [ResponseComplete] Received {messagePromptId: 'parallel_1774040520083_2_0_nm3zta', statePromptId: null, running: true, mode: 'parallel', processing: false, …}
background.js:16 [AI Prompt Queue] [LoadState] State loaded from storage {oldState: {…}, newState: {…}}
background.js:16 [AI Prompt Queue] [LoadState] State loaded from storage {oldState: {…}, newState: {…}}
background.js:16 [AI Prompt Queue] [LoadState] State loaded from storage {oldState: {…}, newState: {…}}
background.js:16 [AI Prompt Queue] [LoadState] State loaded from storage {oldState: {…}, newState: {…}}
background.js:16 [AI Prompt Queue] [Health] Tick {running: true, processing: false, promptStartTime: 0, timeSinceActivity: 39697, timeSinceLastRecovery: 1774040711809, …}
background.js:16 [AI Prompt Queue] [LoadState] State loaded from storage {oldState: {…}, newState: {…}}
background.js:16 [AI Prompt Queue] [LoadState] State loaded from storage {oldState: {…}, newState: {…}}
background.js:16 [AI Prompt Queue] [LoadState] State loaded from storage {oldState: {…}, newState: {…}}
background.js:16 [AI Prompt Queue] [LoadState] State loaded from storage {oldState: {…}, newState: {…}}
background.js:16 [AI Prompt Queue] [LoadState] State loaded from storage {oldState: {…}, newState: {…}}
background.js:16 [AI Prompt Queue] [LoadState] State loaded from storage {oldState: {…}, newState: {…}}
background.js:16 [AI Prompt Queue] [LoadState] State loaded from storage {oldState: {…}, newState: {…}}
background.js:16 [AI Prompt Queue] [LoadState] State loaded from storage {oldState: {…}, newState: {…}}
background.js:16 [AI Prompt Queue] [LoadState] State loaded from storage {oldState: {…}, newState: {…}}
background.js:16 [AI Prompt Queue] [LoadState] State loaded from storage {oldState: {…}, newState: {…}}
background.js:16 [AI Prompt Queue] [LoadState] State loaded from storage {oldState: {…}, newState: {…}}
background.js:16 [AI Prompt Queue] [LoadState] State loaded from storage {oldState: {…}, newState: {…}}
background.js:16 [AI Prompt Queue] [LoadState] State loaded from storage {oldState: {…}, newState: {…}}
background.js:16 [AI Prompt Queue] [LoadState] State loaded from storage {oldState: {…}, newState: {…}}
background.js:16 [AI Prompt Queue] [LoadState] State loaded from storage {oldState: {…}, newState: {…}}
background.js:16 [AI Prompt Queue] [LoadState] State loaded from storage {oldState: {…}, newState: {…}}
background.js:16 [AI Prompt Queue] [LoadState] State loaded from storage {oldState: {…}, newState: {…}}
background.js:16 [AI Prompt Queue] [LoadState] State loaded from storage {oldState: {…}, newState: {…}}
background.js:16 [AI Prompt Queue] [LoadState] State loaded from storage {oldState: {…}, newState: {…}}
background.js:16 [AI Prompt Queue] [LoadState] State loaded from storage {oldState: {…}, newState: {…}}
background.js:16 [AI Prompt Queue] [LoadState] State loaded from storage {oldState: {…}, newState: {…}}
background.js:16 [AI Prompt Queue] [LoadState] State loaded from storage {oldState: {…}, newState: {…}}
background.js:16 [AI Prompt Queue] [LoadState] State loaded from storage {oldState: {…}, newState: {…}}
background.js:16 [AI Prompt Queue] [LoadState] State loaded from storage {oldState: {…}, newState: {…}}
background.js:16 [AI Prompt Queue] [LoadState] State loaded from storage {oldState: {…}, newState: {…}}
background.js:16 [AI Prompt Queue] [LoadState] State loaded from storage {oldState: {…}, newState: {…}}
background.js:16 [AI Prompt Queue] [LoadState] State loaded from storage {oldState: {…}, newState: {…}}
background.js:16 [AI Prompt Queue] [LoadState] State loaded from storage {oldState: {…}, newState: {…}}
background.js:16 [AI Prompt Queue] [LoadState] State loaded from storage {oldState: {…}, newState: {…}}
background.js:16 [AI Prompt Queue] [LoadState] State loaded from storage {oldState: {…}, newState: {…}}
background.js:16 [AI Prompt Queue] [LoadState] State loaded from storage {oldState: {…}, newState: {…}}
background.js:16 [AI Prompt Queue] [LoadState] State loaded from storage {oldState: {…}, newState: {…}}
background.js:16 [AI Prompt Queue] [LoadState] State loaded from storage {oldState: {…}, newState: {…}}
background.js:16 [AI Prompt Queue] [LoadState] State loaded from storage {oldState: {…}, newState: {…}}
background.js:16 [AI Prompt Queue] [LoadState] State loaded from storage {oldState: {…}, newState: {…}}
background.js:16 [AI Prompt Queue] [LoadState] State loaded from storage {oldState: {…}, newState: {…}}
background.js:16 [AI Prompt Queue] [LoadState] State loaded from storage {oldState: {…}, newState: {…}}
background.js:16 [AI Prompt Queue] [LoadState] State loaded from storage {oldState: {…}, newState: {…}}
background.js:16 [AI Prompt Queue] [LoadState] State loaded from storage {oldState: {…}, newState: {…}}
background.js:16 [AI Prompt Queue] [LoadState] State loaded from storage {oldState: {…}, newState: {…}}
background.js:16 [AI Prompt Queue] [LoadState] State loaded from storage {oldState: {…}, newState: {…}}
background.js:16 [AI Prompt Queue] [LoadState] State loaded from storage {oldState: {…}, newState: {…}}
background.js:16 [AI Prompt Queue] [LoadState] State loaded from storage {oldState: {…}, newState: {…}}
background.js:16 [AI Prompt Queue] [LoadState] State loaded from storage {oldState: {…}, newState: {…}}
background.js:16 [AI Prompt Queue] [LoadState] State loaded from storage {oldState: {…}, newState: {…}}
background.js:16 [AI Prompt Queue] [LoadState] State loaded from storage {oldState: {…}, newState: {…}}
background.js:16 [AI Prompt Queue] [LoadState] State loaded from storage {oldState: {…}, newState: {…}}
background.js:16 [AI Prompt Queue] [Health] Tick {running: true, processing: false, promptStartTime: 0, timeSinceActivity: 44696, timeSinceLastRecovery: 1774040716808, …}
background.js:16 [AI Prompt Queue] [LoadState] State loaded from storage {oldState: {…}, newState: {…}}
background.js:16 [AI Prompt Queue] [LoadState] State loaded from storage {oldState: {…}, newState: {…}}
background.js:16 [AI Prompt Queue] [LoadState] State loaded from storage {oldState: {…}, newState: {…}}
background.js:16 [AI Prompt Queue] [LoadState] State loaded from storage {oldState: {…}, newState: {…}}
background.js:16 [AI Prompt Queue] [LoadState] State loaded from storage {oldState: {…}, newState: {…}}
background.js:16 [AI Prompt Queue] [LoadState] State loaded from storage {oldState: {…}, newState: {…}}
background.js:16 [AI Prompt Queue] [LoadState] State loaded from storage {oldState: {…}, newState: {…}}
background.js:16 [AI Prompt Queue] [ResponseComplete] Received {messagePromptId: 'parallel_1774040526606_3_0_5tbxb2', statePromptId: null, running: true, mode: 'parallel', processing: false, …}
background.js:16 [AI Prompt Queue] [LoadState] State loaded from storage {oldState: {…}, newState: {…}}
background.js:16 [AI Prompt Queue] [LoadState] State loaded from storage {oldState: {…}, newState: {…}}
background.js:16 [AI Prompt Queue] [LoadState] State loaded from storage {oldState: {…}, newState: {…}}
background.js:16 [AI Prompt Queue] [LoadState] State loaded from storage {oldState: {…}, newState: {…}}
background.js:16 [AI Prompt Queue] [LoadState] State loaded from storage {oldState: {…}, newState: {…}}
background.js:16 [AI Prompt Queue] [LoadState] State loaded from storage {oldState: {…}, newState: {…}}
background.js:16 [AI Prompt Queue] [LoadState] State loaded from storage {oldState: {…}, newState: {…}}
background.js:16 [AI Prompt Queue] [LoadState] State loaded from storage {oldState: {…}, newState: {…}}
background.js:16 [AI Prompt Queue] [LoadState] State loaded from storage {oldState: {…}, newState: {…}}
background.js:16 [AI Prompt Queue] [LoadState] State loaded from storage {oldState: {…}, newState: {…}}
background.js:16 [AI Prompt Queue] [LoadState] State loaded from storage {oldState: {…}, newState: {…}}
background.js:16 [AI Prompt Queue] [LoadState] State loaded from storage {oldState: {…}, newState: {…}}
background.js:16 [AI Prompt Queue] [LoadState] State loaded from storage {oldState: {…}, newState: {…}}
background.js:16 [AI Prompt Queue] [LoadState] State loaded from storage {oldState: {…}, newState: {…}}
background.js:16 [AI Prompt Queue] [LoadState] State loaded from storage {oldState: {…}, newState: {…}}
background.js:16 [AI Prompt Queue] [LoadState] State loaded from storage {oldState: {…}, newState: {…}}
background.js:16 [AI Prompt Queue] [LoadState] State loaded from storage {oldState: {…}, newState: {…}}
background.js:16 [AI Prompt Queue] [LoadState] State loaded from storage {oldState: {…}, newState: {…}}
background.js:16 [AI Prompt Queue] [LoadState] State loaded from storage {oldState: {…}, newState: {…}}
background.js:16 [AI Prompt Queue] [LoadState] State loaded from storage {oldState: {…}, newState: {…}}
background.js:16 [AI Prompt Queue] [LoadState] State loaded from storage {oldState: {…}, newState: {…}}
background.js:16 [AI Prompt Queue] [LoadState] State loaded from storage {oldState: {…}, newState: {…}}
background.js:16 [AI Prompt Queue] [LoadState] State loaded from storage {oldState: {…}, newState: {…}}
background.js:16 [AI Prompt Queue] [LoadState] State loaded from storage {oldState: {…}, newState: {…}}
background.js:16 [AI Prompt Queue] [LoadState] State loaded from storage {oldState: {…}, newState: {…}}
background.js:16 [AI Prompt Queue] [LoadState] State loaded from storage {oldState: {…}, newState: {…}}
background.js:16 [AI Prompt Queue] [LoadState] State loaded from storage {oldState: {…}, newState: {…}}
background.js:16 [AI Prompt Queue] [LoadState] State loaded from storage {oldState: {…}, newState: {…}}
background.js:16 [AI Prompt Queue] [LoadState] State loaded from storage {oldState: {…}, newState: {…}}
background.js:16 [AI Prompt Queue] [LoadState] State loaded from storage {oldState: {…}, newState: {…}}
background.js:16 [AI Prompt Queue] [LoadState] State loaded from storage {oldState: {…}, newState: {…}}
background.js:16 [AI Prompt Queue] [LoadState] State loaded from storage {oldState: {…}, newState: {…}}
background.js:16 [AI Prompt Queue] [LoadState] State loaded from storage {oldState: {…}, newState: {…}}
background.js:16 [AI Prompt Queue] [LoadState] State loaded from storage {oldState: {…}, newState: {…}}
background.js:16 [AI Prompt Queue] [LoadState] State loaded from storage {oldState: {…}, newState: {…}}
background.js:16 [AI Prompt Queue] [LoadState] State loaded from storage {oldState: {…}, newState: {…}}
background.js:16 [AI Prompt Queue] [LoadState] State loaded from storage {oldState: {…}, newState: {…}}
background.js:16 [AI Prompt Queue] [LoadState] State loaded from storage {oldState: {…}, newState: {…}}
background.js:16 [AI Prompt Queue] [LoadState] State loaded from storage {oldState: {…}, newState: {…}}
background.js:16 [AI Prompt Queue] [LoadState] State loaded from storage {oldState: {…}, newState: {…}}
background.js:16 [AI Prompt Queue] [LoadState] State loaded from storage {oldState: {…}, newState: {…}}
background.js:16 [AI Prompt Queue] [LoadState] State loaded from storage {oldState: {…}, newState: {…}}
background.js:16 [AI Prompt Queue] [Health] Tick {running: true, processing: false, promptStartTime: 0, timeSinceActivity: 49695, timeSinceLastRecovery: 1774040721807, …}
background.js:16 [AI Prompt Queue] [LoadState] State loaded from storage {oldState: {…}, newState: {…}}
background.js:16 [AI Prompt Queue] [LoadState] State loaded from storage {oldState: {…}, newState: {…}}
background.js:16 [AI Prompt Queue] [LoadState] State loaded from storage {oldState: {…}, newState: {…}}
background.js:16 [AI Prompt Queue] [LoadState] State loaded from storage {oldState: {…}, newState: {…}}
background.js:16 [AI Prompt Queue] [LoadState] State loaded from storage {oldState: {…}, newState: {…}}
background.js:16 [AI Prompt Queue] [LoadState] State loaded from storage {oldState: {…}, newState: {…}}
background.js:16 [AI Prompt Queue] [LoadState] State loaded from storage {oldState: {…}, newState: {…}}
background.js:16 [AI Prompt Queue] [LoadState] State loaded from storage {oldState: {…}, newState: {…}}
background.js:16 [AI Prompt Queue] [LoadState] State loaded from storage {oldState: {…}, newState: {…}}
background.js:16 [AI Prompt Queue] [LoadState] State loaded from storage {oldState: {…}, newState: {…}}
background.js:16 [AI Prompt Queue] [LoadState] State loaded from storage {oldState: {…}, newState: {…}}
background.js:16 [AI Prompt Queue] [LoadState] State loaded from storage {oldState: {…}, newState: {…}}
background.js:16 [AI Prompt Queue] [LoadState] State loaded from storage {oldState: {…}, newState: {…}}
background.js:16 [AI Prompt Queue] [LoadState] State loaded from storage {oldState: {…}, newState: {…}}
background.js:16 [AI Prompt Queue] [LoadState] State loaded from storage {oldState: {…}, newState: {…}}
background.js:16 [AI Prompt Queue] [LoadState] State loaded from storage {oldState: {…}, newState: {…}}
background.js:16 [AI Prompt Queue] [LoadState] State loaded from storage {oldState: {…}, newState: {…}}
background.js:16 [AI Prompt Queue] [LoadState] State loaded from storage {oldState: {…}, newState: {…}}
background.js:16 [AI Prompt Queue] [LoadState] State loaded from storage {oldState: {…}, newState: {…}}
background.js:16 [AI Prompt Queue] [LoadState] State loaded from storage {oldState: {…}, newState: {…}}
background.js:16 [AI Prompt Queue] [LoadState] State loaded from storage {oldState: {…}, newState: {…}}
background.js:16 [AI Prompt Queue] [LoadState] State loaded from storage {oldState: {…}, newState: {…}}
background.js:16 [AI Prompt Queue] [LoadState] State loaded from storage {oldState: {…}, newState: {…}}
background.js:16 [AI Prompt Queue] [LoadState] State loaded from storage {oldState: {…}, newState: {…}}
background.js:16 [AI Prompt Queue] [LoadState] State loaded from storage {oldState: {…}, newState: {…}}
background.js:16 [AI Prompt Queue] [LoadState] State loaded from storage {oldState: {…}, newState: {…}}
background.js:16 [AI Prompt Queue] [LoadState] State loaded from storage {oldState: {…}, newState: {…}}
background.js:16 [AI Prompt Queue] [LoadState] State loaded from storage {oldState: {…}, newState: {…}}
background.js:16 [AI Prompt Queue] [LoadState] State loaded from storage {oldState: {…}, newState: {…}}
background.js:16 [AI Prompt Queue] [LoadState] State loaded from storage {oldState: {…}, newState: {…}}
background.js:16 [AI Prompt Queue] [LoadState] State loaded from storage {oldState: {…}, newState: {…}}
background.js:16 [AI Prompt Queue] [LoadState] State loaded from storage {oldState: {…}, newState: {…}}
background.js:16 [AI Prompt Queue] [LoadState] State loaded from storage {oldState: {…}, newState: {…}}
background.js:16 [AI Prompt Queue] [LoadState] State loaded from storage {oldState: {…}, newState: {…}}
background.js:16 [AI Prompt Queue] [LoadState] State loaded from storage {oldState: {…}, newState: {…}}
background.js:16 [AI Prompt Queue] [LoadState] State loaded from storage {oldState: {…}, newState: {…}}
background.js:16 [AI Prompt Queue] [LoadState] State loaded from storage {oldState: {…}, newState: {…}}
background.js:16 [AI Prompt Queue] [LoadState] State loaded from storage {oldState: {…}, newState: {…}}
background.js:16 [AI Prompt Queue] [LoadState] State loaded from storage {oldState: {…}, newState: {…}}
background.js:16 [AI Prompt Queue] [LoadState] State loaded from storage {oldState: {…}, newState: {…}}
background.js:16 [AI Prompt Queue] [LoadState] State loaded from storage {oldState: {…}, newState: {…}}
background.js:16 [AI Prompt Queue] [LoadState] State loaded from storage {oldState: {…}, newState: {…}}
background.js:16 [AI Prompt Queue] [LoadState] State loaded from storage {oldState: {…}, newState: {…}}
background.js:16 [AI Prompt Queue] [LoadState] State loaded from storage {oldState: {…}, newState: {…}}
background.js:16 [AI Prompt Queue] [LoadState] State loaded from storage {oldState: {…}, newState: {…}}
background.js:16 [AI Prompt Queue] [LoadState] State loaded from storage {oldState: {…}, newState: {…}}
background.js:16 [AI Prompt Queue] [LoadState] State loaded from storage {oldState: {…}, newState: {…}}
background.js:16 [AI Prompt Queue] [Health] Tick {running: true, processing: false, promptStartTime: 0, timeSinceActivity: 54695, timeSinceLastRecovery: 1774040726807, …}
background.js:16 [AI Prompt Queue] [LoadState] State loaded from storage {oldState: {…}, newState: {…}}
background.js:16 [AI Prompt Queue] [LoadState] State loaded from storage {oldState: {…}, newState: {…}}
background.js:16 [AI Prompt Queue] [LoadState] State loaded from storage {oldState: {…}, newState: {…}}
background.js:16 [AI Prompt Queue] [LoadState] State loaded from storage {oldState: {…}, newState: {…}}
background.js:16 [AI Prompt Queue] [LoadState] State loaded from storage {oldState: {…}, newState: {…}}
background.js:16 [AI Prompt Queue] [LoadState] State loaded from storage {oldState: {…}, newState: {…}}
background.js:16 [AI Prompt Queue] [LoadState] State loaded from storage {oldState: {…}, newState: {…}}
background.js:16 [AI Prompt Queue] [LoadState] State loaded from storage {oldState: {…}, newState: {…}}
background.js:16 [AI Prompt Queue] [LoadState] State loaded from storage {oldState: {…}, newState: {…}}
background.js:16 [AI Prompt Queue] [LoadState] State loaded from storage {oldState: {…}, newState: {…}}
background.js:16 [AI Prompt Queue] [LoadState] State loaded from storage {oldState: {…}, newState: {…}}
background.js:16 [AI Prompt Queue] [LoadState] State loaded from storage {oldState: {…}, newState: {…}}
background.js:16 [AI Prompt Queue] [LoadState] State loaded from storage {oldState: {…}, newState: {…}}
background.js:16 [AI Prompt Queue] [LoadState] State loaded from storage {oldState: {…}, newState: {…}}
background.js:16 [AI Prompt Queue] [LoadState] State loaded from storage {oldState: {…}, newState: {…}}
background.js:16 [AI Prompt Queue] [LoadState] State loaded from storage {oldState: {…}, newState: {…}}
background.js:16 [AI Prompt Queue] [LoadState] State loaded from storage {oldState: {…}, newState: {…}}
background.js:16 [AI Prompt Queue] [LoadState] State loaded from storage {oldState: {…}, newState: {…}}
background.js:16 [AI Prompt Queue] [LoadState] State loaded from storage {oldState: {…}, newState: {…}}
background.js:16 [AI Prompt Queue] [LoadState] State loaded from storage {oldState: {…}, newState: {…}}
background.js:16 [AI Prompt Queue] [LoadState] State loaded from storage {oldState: {…}, newState: {…}}
background.js:16 [AI Prompt Queue] [LoadState] State loaded from storage {oldState: {…}, newState: {…}}
background.js:16 [AI Prompt Queue] [LoadState] State loaded from storage {oldState: {…}, newState: {…}}
background.js:16 [AI Prompt Queue] [LoadState] State loaded from storage {oldState: {…}, newState: {…}}
background.js:16 [AI Prompt Queue] [LoadState] State loaded from storage {oldState: {…}, newState: {…}}
background.js:16 [AI Prompt Queue] [LoadState] State loaded from storage {oldState: {…}, newState: {…}}
background.js:16 [AI Prompt Queue] [LoadState] State loaded from storage {oldState: {…}, newState: {…}}
background.js:16 [AI Prompt Queue] [LoadState] State loaded from storage {oldState: {…}, newState: {…}}
background.js:16 [AI Prompt Queue] [LoadState] State loaded from storage {oldState: {…}, newState: {…}}
background.js:16 [AI Prompt Queue] [LoadState] State loaded from storage {oldState: {…}, newState: {…}}
background.js:16 [AI Prompt Queue] [LoadState] State loaded from storage {oldState: {…}, newState: {…}}
background.js:16 [AI Prompt Queue] [LoadState] State loaded from storage {oldState: {…}, newState: {…}}
background.js:16 [AI Prompt Queue] [LoadState] State loaded from storage {oldState: {…}, newState: {…}}
background.js:16 [AI Prompt Queue] [LoadState] State loaded from storage {oldState: {…}, newState: {…}}
background.js:16 [AI Prompt Queue] [LoadState] State loaded from storage {oldState: {…}, newState: {…}}
background.js:16 [AI Prompt Queue] [LoadState] State loaded from storage {oldState: {…}, newState: {…}}
background.js:16 [AI Prompt Queue] [LoadState] State loaded from storage {oldState: {…}, newState: {…}}
background.js:16 [AI Prompt Queue] [LoadState] State loaded from storage {oldState: {…}, newState: {…}}
background.js:16 [AI Prompt Queue] [LoadState] State loaded from storage {oldState: {…}, newState: {…}}
background.js:16 [AI Prompt Queue] [LoadState] State loaded from storage {oldState: {…}, newState: {…}}
background.js:16 [AI Prompt Queue] [LoadState] State loaded from storage {oldState: {…}, newState: {…}}
background.js:16 [AI Prompt Queue] [LoadState] State loaded from storage {oldState: {…}, newState: {…}}
background.js:16 [AI Prompt Queue] [LoadState] State loaded from storage {oldState: {…}, newState: {…}}
background.js:16 [AI Prompt Queue] [LoadState] State loaded from storage {oldState: {…}, newState: {…}}
background.js:16 [AI Prompt Queue] [LoadState] State loaded from storage {oldState: {…}, newState: {…}}
background.js:16 [AI Prompt Queue] [LoadState] State loaded from storage {oldState: {…}, newState: {…}}
background.js:16 [AI Prompt Queue] [LoadState] State loaded from storage {oldState: {…}, newState: {…}}
background.js:16 [AI Prompt Queue] [LoadState] State loaded from storage {oldState: {…}, newState: {…}}
background.js:16 [AI Prompt Queue] [LoadState] State loaded from storage {oldState: {…}, newState: {…}}
background.js:16 [AI Prompt Queue] [Health] Tick {running: true, processing: false, promptStartTime: 0, timeSinceActivity: 59684, timeSinceLastRecovery: 1774040731796, …}
background.js:16 [AI Prompt Queue] [LoadState] State loaded from storage {oldState: {…}, newState: {…}}
background.js:16 [AI Prompt Queue] [LoadState] State loaded from storage {oldState: {…}, newState: {…}}
background.js:16 [AI Prompt Queue] [LoadState] State loaded from storage {oldState: {…}, newState: {…}}
background.js:16 [AI Prompt Queue] [LoadState] State loaded from storage {oldState: {…}, newState: {…}}
background.js:16 [AI Prompt Queue] [LoadState] State loaded from storage {oldState: {…}, newState: {…}}
background.js:16 [AI Prompt Queue] [LoadState] State loaded from storage {oldState: {…}, newState: {…}}
background.js:16 [AI Prompt Queue] [LoadState] State loaded from storage {oldState: {…}, newState: {…}}
background.js:16 [AI Prompt Queue] [LoadState] State loaded from storage {oldState: {…}, newState: {…}}
background.js:16 [AI Prompt Queue] [LoadState] State loaded from storage {oldState: {…}, newState: {…}}
background.js:16 [AI Prompt Queue] [LoadState] State loaded from storage {oldState: {…}, newState: {…}}
background.js:16 [AI Prompt Queue] [LoadState] State loaded from storage {oldState: {…}, newState: {…}}
background.js:16 [AI Prompt Queue] [LoadState] State loaded from storage {oldState: {…}, newState: {…}}
background.js:16 [AI Prompt Queue] [LoadState] State loaded from storage {oldState: {…}, newState: {…}}
background.js:16 [AI Prompt Queue] [LoadState] State loaded from storage {oldState: {…}, newState: {…}}
background.js:16 [AI Prompt Queue] [LoadState] State loaded from storage {oldState: {…}, newState: {…}}
background.js:16 [AI Prompt Queue] [LoadState] State loaded from storage {oldState: {…}, newState: {…}}
background.js:16 [AI Prompt Queue] [LoadState] State loaded from storage {oldState: {…}, newState: {…}}
background.js:16 [AI Prompt Queue] [LoadState] State loaded from storage {oldState: {…}, newState: {…}}
background.js:16 [AI Prompt Queue] [LoadState] State loaded from storage {oldState: {…}, newState: {…}}
background.js:16 [AI Prompt Queue] [LoadState] State loaded from storage {oldState: {…}, newState: {…}}
background.js:16 [AI Prompt Queue] [LoadState] State loaded from storage {oldState: {…}, newState: {…}}
background.js:16 [AI Prompt Queue] [LoadState] State loaded from storage {oldState: {…}, newState: {…}}
background.js:16 [AI Prompt Queue] [LoadState] State loaded from storage {oldState: {…}, newState: {…}}
background.js:16 [AI Prompt Queue] [LoadState] State loaded from storage {oldState: {…}, newState: {…}}
background.js:16 [AI Prompt Queue] [LoadState] State loaded from storage {oldState: {…}, newState: {…}}
background.js:16 [AI Prompt Queue] [LoadState] State loaded from storage {oldState: {…}, newState: {…}}
background.js:16 [AI Prompt Queue] [LoadState] State loaded from storage {oldState: {…}, newState: {…}}
background.js:16 [AI Prompt Queue] [LoadState] State loaded from storage {oldState: {…}, newState: {…}}
background.js:16 [AI Prompt Queue] [LoadState] State loaded from storage {oldState: {…}, newState: {…}}
background.js:16 [AI Prompt Queue] [LoadState] State loaded from storage {oldState: {…}, newState: {…}}
background.js:16 [AI Prompt Queue] [LoadState] State loaded from storage {oldState: {…}, newState: {…}}
background.js:16 [AI Prompt Queue] [LoadState] State loaded from storage {oldState: {…}, newState: {…}}
background.js:16 [AI Prompt Queue] [LoadState] State loaded from storage {oldState: {…}, newState: {…}}
background.js:16 [AI Prompt Queue] [LoadState] State loaded from storage {oldState: {…}, newState: {…}}
background.js:16 [AI Prompt Queue] [LoadState] State loaded from storage {oldState: {…}, newState: {…}}
background.js:16 [AI Prompt Queue] [LoadState] State loaded from storage {oldState: {…}, newState: {…}}
background.js:16 [AI Prompt Queue] [LoadState] State loaded from storage {oldState: {…}, newState: {…}}
background.js:16 [AI Prompt Queue] [LoadState] State loaded from storage {oldState: {…}, newState: {…}}
background.js:16 [AI Prompt Queue] [LoadState] State loaded from storage {oldState: {…}, newState: {…}}
background.js:16 [AI Prompt Queue] [LoadState] State loaded from storage {oldState: {…}, newState: {…}}
background.js:16 [AI Prompt Queue] [LoadState] State loaded from storage {oldState: {…}, newState: {…}}
background.js:16 [AI Prompt Queue] [LoadState] State loaded from storage {oldState: {…}, newState: {…}}
background.js:16 [AI Prompt Queue] [LoadState] State loaded from storage {oldState: {…}, newState: {…}}
background.js:16 [AI Prompt Queue] [LoadState] State loaded from storage {oldState: {…}, newState: {…}}
background.js:16 [AI Prompt Queue] [LoadState] State loaded from storage {oldState: {…}, newState: {…}}
background.js:16 [AI Prompt Queue] [LoadState] State loaded from storage {oldState: {…}, newState: {…}}
background.js:16 [AI Prompt Queue] [Health] Tick {running: true, processing: false, promptStartTime: 0, timeSinceActivity: 64693, timeSinceLastRecovery: 1774040736805, …}
background.js:16 [AI Prompt Queue] [LoadState] State loaded from storage {oldState: {…}, newState: {…}}
background.js:16 [AI Prompt Queue] [LoadState] State loaded from storage {oldState: {…}, newState: {…}}
background.js:16 [AI Prompt Queue] [LoadState] State loaded from storage {oldState: {…}, newState: {…}}
background.js:16 [AI Prompt Queue] [LoadState] State loaded from storage {oldState: {…}, newState: {…}}
background.js:16 [AI Prompt Queue] [LoadState] State loaded from storage {oldState: {…}, newState: {…}}
background.js:16 [AI Prompt Queue] [LoadState] State loaded from storage {oldState: {…}, newState: {…}}
background.js:16 [AI Prompt Queue] [LoadState] State loaded from storage {oldState: {…}, newState: {…}}
background.js:16 [AI Prompt Queue] [LoadState] State loaded from storage {oldState: {…}, newState: {…}}
background.js:16 [AI Prompt Queue] [LoadState] State loaded from storage {oldState: {…}, newState: {…}}
background.js:16 [AI Prompt Queue] [LoadState] State loaded from storage {oldState: {…}, newState: {…}}
background.js:16 [AI Prompt Queue] [LoadState] State loaded from storage {oldState: {…}, newState: {…}}
background.js:16 [AI Prompt Queue] [LoadState] State loaded from storage {oldState: {…}, newState: {…}}
background.js:16 [AI Prompt Queue] [LoadState] State loaded from storage {oldState: {…}, newState: {…}}
background.js:16 [AI Prompt Queue] [LoadState] State loaded from storage {oldState: {…}, newState: {…}}
background.js:16 [AI Prompt Queue] [LoadState] State loaded from storage {oldState: {…}, newState: {…}}
background.js:16 [AI Prompt Queue] [LoadState] State loaded from storage {oldState: {…}, newState: {…}}
background.js:16 [AI Prompt Queue] [LoadState] State loaded from storage {oldState: {…}, newState: {…}}
background.js:16 [AI Prompt Queue] [LoadState] State loaded from storage {oldState: {…}, newState: {…}}
background.js:16 [AI Prompt Queue] [LoadState] State loaded from storage {oldState: {…}, newState: {…}}
background.js:16 [AI Prompt Queue] [LoadState] State loaded from storage {oldState: {…}, newState: {…}}
background.js:16 [AI Prompt Queue] [LoadState] State loaded from storage {oldState: {…}, newState: {…}}
background.js:16 [AI Prompt Queue] [LoadState] State loaded from storage {oldState: {…}, newState: {…}}
background.js:16 [AI Prompt Queue] [LoadState] State loaded from storage {oldState: {…}, newState: {…}}
background.js:16 [AI Prompt Queue] [LoadState] State loaded from storage {oldState: {…}, newState: {…}}
background.js:16 [AI Prompt Queue] [LoadState] State loaded from storage {oldState: {…}, newState: {…}}
background.js:16 [AI Prompt Queue] [LoadState] State loaded from storage {oldState: {…}, newState: {…}}
background.js:16 [AI Prompt Queue] [LoadState] State loaded from storage {oldState: {…}, newState: {…}}
background.js:16 [AI Prompt Queue] [LoadState] State loaded from storage {oldState: {…}, newState: {…}}
background.js:16 [AI Prompt Queue] [LoadState] State loaded from storage {oldState: {…}, newState: {…}}
background.js:16 [AI Prompt Queue] [LoadState] State loaded from storage {oldState: {…}, newState: {…}}
background.js:16 [AI Prompt Queue] [LoadState] State loaded from storage {oldState: {…}, newState: {…}}
background.js:16 [AI Prompt Queue] [LoadState] State loaded from storage {oldState: {…}, newState: {…}}
background.js:16 [AI Prompt Queue] [LoadState] State loaded from storage {oldState: {…}, newState: {…}}
background.js:16 [AI Prompt Queue] [LoadState] State loaded from storage {oldState: {…}, newState: {…}}
background.js:16 [AI Prompt Queue] [LoadState] State loaded from storage {oldState: {…}, newState: {…}}
background.js:16 [AI Prompt Queue] [LoadState] State loaded from storage {oldState: {…}, newState: {…}}
background.js:16 [AI Prompt Queue] [LoadState] State loaded from storage {oldState: {…}, newState: {…}}
background.js:16 [AI Prompt Queue] [LoadState] State loaded from storage {oldState: {…}, newState: {…}}
background.js:16 [AI Prompt Queue] [LoadState] State loaded from storage {oldState: {…}, newState: {…}}
background.js:16 [AI Prompt Queue] [LoadState] State loaded from storage {oldState: {…}, newState: {…}}
background.js:16 [AI Prompt Queue] [LoadState] State loaded from storage {oldState: {…}, newState: {…}}
background.js:16 [AI Prompt Queue] [LoadState] State loaded from storage {oldState: {…}, newState: {…}}
background.js:16 [AI Prompt Queue] [LoadState] State loaded from storage {oldState: {…}, newState: {…}}
background.js:16 [AI Prompt Queue] [LoadState] State loaded from storage {oldState: {…}, newState: {…}}
background.js:16 [AI Prompt Queue] [LoadState] State loaded from storage {oldState: {…}, newState: {…}}
background.js:16 [AI Prompt Queue] [LoadState] State loaded from storage {oldState: {…}, newState: {…}}
background.js:16 [AI Prompt Queue] [LoadState] State loaded from storage {oldState: {…}, newState: {…}}
background.js:16 [AI Prompt Queue] [LoadState] State loaded from storage {oldState: {…}, newState: {…}}
background.js:16 [AI Prompt Queue] [Health] Tick {running: true, processing: false, promptStartTime: 0, timeSinceActivity: 69693, timeSinceLastRecovery: 1774040741805, …}
background.js:16 [AI Prompt Queue] [LoadState] State loaded from storage {oldState: {…}, newState: {…}}
background.js:16 [AI Prompt Queue] [LoadState] State loaded from storage {oldState: {…}, newState: {…}}
background.js:16 [AI Prompt Queue] [LoadState] State loaded from storage {oldState: {…}, newState: {…}}
background.js:16 [AI Prompt Queue] [LoadState] State loaded from storage {oldState: {…}, newState: {…}}
background.js:16 [AI Prompt Queue] [LoadState] State loaded from storage {oldState: {…}, newState: {…}}
background.js:16 [AI Prompt Queue] [LoadState] State loaded from storage {oldState: {…}, newState: {…}}
background.js:16 [AI Prompt Queue] [LoadState] State loaded from storage {oldState: {…}, newState: {…}}
background.js:16 [AI Prompt Queue] [ResponseComplete] Received {messagePromptId: 'parallel_1774040520083_2_0_nm3zta', statePromptId: null, running: true, mode: 'parallel', processing: false, …}
background.js:16 [AI Prompt Queue] [LoadState] State loaded from storage {oldState: {…}, newState: {…}}
background.js:16 [AI Prompt Queue] [LoadState] State loaded from storage {oldState: {…}, newState: {…}}
background.js:16 [AI Prompt Queue] [LoadState] State loaded from storage {oldState: {…}, newState: {…}}
background.js:16 [AI Prompt Queue] [ResponseComplete] Received {messagePromptId: 'parallel_1774040526606_3_0_5tbxb2', statePromptId: null, running: true, mode: 'parallel', processing: false, …}
background.js:16 [AI Prompt Queue] [LoadState] State loaded from storage {oldState: {…}, newState: {…}}
background.js:16 [AI Prompt Queue] [ResponseComplete] Received {messagePromptId: 'parallel_1774040513697_1_0_dujk67', statePromptId: null, running: true, mode: 'parallel', processing: false, …}
background.js:16 [AI Prompt Queue] [LoadState] State loaded from storage {oldState: {…}, newState: {…}}
background.js:16 [AI Prompt Queue] [LoadState] State loaded from storage {oldState: {…}, newState: {…}}
background.js:16 [AI Prompt Queue] [LoadState] State loaded from storage {oldState: {…}, newState: {…}}
background.js:16 [AI Prompt Queue] [LoadState] State loaded from storage {oldState: {…}, newState: {…}}
background.js:16 [AI Prompt Queue] [LoadState] State loaded from storage {oldState: {…}, newState: {…}}
background.js:16 [AI Prompt Queue] [LoadState] State loaded from storage {oldState: {…}, newState: {…}}
background.js:16 [AI Prompt Queue] [LoadState] State loaded from storage {oldState: {…}, newState: {…}}
background.js:16 [AI Prompt Queue] [LoadState] State loaded from storage {oldState: {…}, newState: {…}}
background.js:16 [AI Prompt Queue] [LoadState] State loaded from storage {oldState: {…}, newState: {…}}
background.js:16 [AI Prompt Queue] [LoadState] State loaded from storage {oldState: {…}, newState: {…}}
background.js:16 [AI Prompt Queue] [LoadState] State loaded from storage {oldState: {…}, newState: {…}}
background.js:16 [AI Prompt Queue] [LoadState] State loaded from storage {oldState: {…}, newState: {…}}
background.js:16 [AI Prompt Queue] [LoadState] State loaded from storage {oldState: {…}, newState: {…}}
background.js:16 [AI Prompt Queue] [LoadState] State loaded from storage {oldState: {…}, newState: {…}}
background.js:16 [AI Prompt Queue] [LoadState] State loaded from storage {oldState: {…}, newState: {…}}
background.js:16 [AI Prompt Queue] [LoadState] State loaded from storage {oldState: {…}, newState: {…}}
background.js:16 [AI Prompt Queue] [LoadState] State loaded from storage {oldState: {…}, newState: {…}}
background.js:16 [AI Prompt Queue] [LoadState] State loaded from storage {oldState: {…}, newState: {…}}
background.js:16 [AI Prompt Queue] [LoadState] State loaded from storage {oldState: {…}, newState: {…}}
background.js:16 [AI Prompt Queue] [LoadState] State loaded from storage {oldState: {…}, newState: {…}}
background.js:16 [AI Prompt Queue] [LoadState] State loaded from storage {oldState: {…}, newState: {…}}
background.js:16 [AI Prompt Queue] [LoadState] State loaded from storage {oldState: {…}, newState: {…}}
background.js:16 [AI Prompt Queue] [LoadState] State loaded from storage {oldState: {…}, newState: {…}}
background.js:16 [AI Prompt Queue] [LoadState] State loaded from storage {oldState: {…}, newState: {…}}
background.js:16 [AI Prompt Queue] [LoadState] State loaded from storage {oldState: {…}, newState: {…}}
background.js:16 [AI Prompt Queue] [LoadState] State loaded from storage {oldState: {…}, newState: {…}}
background.js:16 [AI Prompt Queue] [LoadState] State loaded from storage {oldState: {…}, newState: {…}}
background.js:16 [AI Prompt Queue] [LoadState] State loaded from storage {oldState: {…}, newState: {…}}
background.js:16 [AI Prompt Queue] [LoadState] State loaded from storage {oldState: {…}, newState: {…}}
background.js:16 [AI Prompt Queue] [LoadState] State loaded from storage {oldState: {…}, newState: {…}}
background.js:16 [AI Prompt Queue] [LoadState] State loaded from storage {oldState: {…}, newState: {…}}
background.js:16 [AI Prompt Queue] [LoadState] State loaded from storage {oldState: {…}, newState: {…}}
background.js:16 [AI Prompt Queue] [LoadState] State loaded from storage {oldState: {…}, newState: {…}}
background.js:16 [AI Prompt Queue] [LoadState] State loaded from storage {oldState: {…}, newState: {…}}
background.js:16 [AI Prompt Queue] [LoadState] State loaded from storage {oldState: {…}, newState: {…}}
background.js:16 [AI Prompt Queue] [LoadState] State loaded from storage {oldState: {…}, newState: {…}}
background.js:16 [AI Prompt Queue] [LoadState] State loaded from storage {oldState: {…}, newState: {…}}
background.js:16 [AI Prompt Queue] [LoadState] State loaded from storage {oldState: {…}, newState: {…}}
background.js:16 [AI Prompt Queue] [LoadState] State loaded from storage {oldState: {…}, newState: {…}}
background.js:16 [AI Prompt Queue] [Health] Tick {running: true, processing: false, promptStartTime: 0, timeSinceActivity: 74693, timeSinceLastRecovery: 1774040746805, …}
background.js:16 [AI Prompt Queue] [LoadState] State loaded from storage {oldState: {…}, newState: {…}}
background.js:16 [AI Prompt Queue] [LoadState] State loaded from storage {oldState: {…}, newState: {…}}
background.js:16 [AI Prompt Queue] [LoadState] State loaded from storage {oldState: {…}, newState: {…}}
background.js:16 [AI Prompt Queue] [LoadState] State loaded from storage {oldState: {…}, newState: {…}}
background.js:16 [AI Prompt Queue] [LoadState] State loaded from storage {oldState: {…}, newState: {…}}
background.js:16 [AI Prompt Queue] [LoadState] State loaded from storage {oldState: {…}, newState: {…}}
background.js:16 [AI Prompt Queue] [LoadState] State loaded from storage {oldState: {…}, newState: {…}}
background.js:16 [AI Prompt Queue] [LoadState] State loaded from storage {oldState: {…}, newState: {…}}
background.js:16 [AI Prompt Queue] [LoadState] State loaded from storage {oldState: {…}, newState: {…}}
background.js:16 [AI Prompt Queue] [LoadState] State loaded from storage {oldState: {…}, newState: {…}}
background.js:16 [AI Prompt Queue] [LoadState] State loaded from storage {oldState: {…}, newState: {…}}
background.js:16 [AI Prompt Queue] [LoadState] State loaded from storage {oldState: {…}, newState: {…}}
background.js:16 [AI Prompt Queue] [LoadState] State loaded from storage {oldState: {…}, newState: {…}}
background.js:16 [AI Prompt Queue] [LoadState] State loaded from storage {oldState: {…}, newState: {…}}
background.js:16 [AI Prompt Queue] [LoadState] State loaded from storage {oldState: {…}, newState: {…}}
background.js:16 [AI Prompt Queue] [LoadState] State loaded from storage {oldState: {…}, newState: {…}}
background.js:16 [AI Prompt Queue] [LoadState] State loaded from storage {oldState: {…}, newState: {…}}
background.js:16 [AI Prompt Queue] [LoadState] State loaded from storage {oldState: {…}, newState: {…}}
background.js:16 [AI Prompt Queue] [LoadState] State loaded from storage {oldState: {…}, newState: {…}}
background.js:16 [AI Prompt Queue] [LoadState] State loaded from storage {oldState: {…}, newState: {…}}
background.js:16 [AI Prompt Queue] [LoadState] State loaded from storage {oldState: {…}, newState: {…}}
background.js:16 [AI Prompt Queue] [LoadState] State loaded from storage {oldState: {…}, newState: {…}}
background.js:16 [AI Prompt Queue] [LoadState] State loaded from storage {oldState: {…}, newState: {…}}
background.js:16 [AI Prompt Queue] [LoadState] State loaded from storage {oldState: {…}, newState: {…}}
background.js:16 [AI Prompt Queue] [LoadState] State loaded from storage {oldState: {…}, newState: {…}}
background.js:16 [AI Prompt Queue] [LoadState] State loaded from storage {oldState: {…}, newState: {…}}
background.js:16 [AI Prompt Queue] [LoadState] State loaded from storage {oldState: {…}, newState: {…}}
background.js:16 [AI Prompt Queue] [LoadState] State loaded from storage {oldState: {…}, newState: {…}}
background.js:16 [AI Prompt Queue] [LoadState] State loaded from storage {oldState: {…}, newState: {…}}
background.js:16 [AI Prompt Queue] [LoadState] State loaded from storage {oldState: {…}, newState: {…}}
background.js:16 [AI Prompt Queue] [LoadState] State loaded from storage {oldState: {…}, newState: {…}}
background.js:16 [AI Prompt Queue] [LoadState] State loaded from storage {oldState: {…}, newState: {…}}
background.js:16 [AI Prompt Queue] [LoadState] State loaded from storage {oldState: {…}, newState: {…}}
background.js:16 [AI Prompt Queue] [LoadState] State loaded from storage {oldState: {…}, newState: {…}}
background.js:16 [AI Prompt Queue] [LoadState] State loaded from storage {oldState: {…}, newState: {…}}
background.js:16 [AI Prompt Queue] [LoadState] State loaded from storage {oldState: {…}, newState: {…}}
background.js:16 [AI Prompt Queue] [LoadState] State loaded from storage {oldState: {…}, newState: {…}}
background.js:16 [AI Prompt Queue] [LoadState] State loaded from storage {oldState: {…}, newState: {…}}
background.js:16 [AI Prompt Queue] [LoadState] State loaded from storage {oldState: {…}, newState: {…}}
background.js:16 [AI Prompt Queue] [LoadState] State loaded from storage {oldState: {…}, newState: {…}}
background.js:16 [AI Prompt Queue] [LoadState] State loaded from storage {oldState: {…}, newState: {…}}
background.js:16 [AI Prompt Queue] [LoadState] State loaded from storage {oldState: {…}, newState: {…}}
background.js:16 [AI Prompt Queue] [LoadState] State loaded from storage {oldState: {…}, newState: {…}}
background.js:16 [AI Prompt Queue] [LoadState] State loaded from storage {oldState: {…}, newState: {…}}
background.js:16 [AI Prompt Queue] [LoadState] State loaded from storage {oldState: {…}, newState: {…}}
background.js:16 [AI Prompt Queue] [LoadState] State loaded from storage {oldState: {…}, newState: {…}}
background.js:16 [AI Prompt Queue] [LoadState] State loaded from storage {oldState: {…}, newState: {…}}
background.js:16 [AI Prompt Queue] [LoadState] State loaded from storage {oldState: {…}, newState: {…}}
background.js:16 [AI Prompt Queue] [Health] Tick {running: true, processing: false, promptStartTime: 0, timeSinceActivity: 79693, timeSinceLastRecovery: 1774040751805, …}
background.js:16 [AI Prompt Queue] [LoadState] State loaded from storage {oldState: {…}, newState: {…}}
background.js:16 [AI Prompt Queue] [LoadState] State loaded from storage {oldState: {…}, newState: {…}}
background.js:16 [AI Prompt Queue] [LoadState] State loaded from storage {oldState: {…}, newState: {…}}
background.js:16 [AI Prompt Queue] [LoadState] State loaded from storage {oldState: {…}, newState: {…}}
background.js:16 [AI Prompt Queue] [LoadState] State loaded from storage {oldState: {…}, newState: {…}}
background.js:16 [AI Prompt Queue] [LoadState] State loaded from storage {oldState: {…}, newState: {…}}
background.js:16 [AI Prompt Queue] [LoadState] State loaded from storage {oldState: {…}, newState: {…}}
background.js:16 [AI Prompt Queue] [LoadState] State loaded from storage {oldState: {…}, newState: {…}}
background.js:16 [AI Prompt Queue] [LoadState] State loaded from storage {oldState: {…}, newState: {…}}
background.js:16 [AI Prompt Queue] [LoadState] State loaded from storage {oldState: {…}, newState: {…}}
background.js:16 [AI Prompt Queue] [LoadState] State loaded from storage {oldState: {…}, newState: {…}}
background.js:16 [AI Prompt Queue] [LoadState] State loaded from storage {oldState: {…}, newState: {…}}
background.js:16 [AI Prompt Queue] [LoadState] State loaded from storage {oldState: {…}, newState: {…}}
background.js:16 [AI Prompt Queue] [LoadState] State loaded from storage {oldState: {…}, newState: {…}}
background.js:16 [AI Prompt Queue] [LoadState] State loaded from storage {oldState: {…}, newState: {…}}
background.js:16 [AI Prompt Queue] [LoadState] State loaded from storage {oldState: {…}, newState: {…}}
background.js:16 [AI Prompt Queue] [LoadState] State loaded from storage {oldState: {…}, newState: {…}}
background.js:16 [AI Prompt Queue] [LoadState] State loaded from storage {oldState: {…}, newState: {…}}
background.js:16 [AI Prompt Queue] [LoadState] State loaded from storage {oldState: {…}, newState: {…}}
background.js:16 [AI Prompt Queue] [LoadState] State loaded from storage {oldState: {…}, newState: {…}}
background.js:16 [AI Prompt Queue] [LoadState] State loaded from storage {oldState: {…}, newState: {…}}
background.js:16 [AI Prompt Queue] [LoadState] State loaded from storage {oldState: {…}, newState: {…}}
background.js:16 [AI Prompt Queue] [LoadState] State loaded from storage {oldState: {…}, newState: {…}}
background.js:16 [AI Prompt Queue] [LoadState] State loaded from storage {oldState: {…}, newState: {…}}
background.js:16 [AI Prompt Queue] [LoadState] State loaded from storage {oldState: {…}, newState: {…}}
background.js:16 [AI Prompt Queue] [LoadState] State loaded from storage {oldState: {…}, newState: {…}}
background.js:16 [AI Prompt Queue] [LoadState] State loaded from storage {oldState: {…}, newState: {…}}
background.js:16 [AI Prompt Queue] [LoadState] State loaded from storage {oldState: {…}, newState: {…}}
background.js:16 [AI Prompt Queue] [LoadState] State loaded from storage {oldState: {…}, newState: {…}}
background.js:16 [AI Prompt Queue] [LoadState] State loaded from storage {oldState: {…}, newState: {…}}
background.js:16 [AI Prompt Queue] [LoadState] State loaded from storage {oldState: {…}, newState: {…}}
background.js:16 [AI Prompt Queue] [LoadState] State loaded from storage {oldState: {…}, newState: {…}}
background.js:16 [AI Prompt Queue] [LoadState] State loaded from storage {oldState: {…}, newState: {…}}
background.js:16 [AI Prompt Queue] [LoadState] State loaded from storage {oldState: {…}, newState: {…}}
background.js:16 [AI Prompt Queue] [LoadState] State loaded from storage {oldState: {…}, newState: {…}}
background.js:16 [AI Prompt Queue] [LoadState] State loaded from storage {oldState: {…}, newState: {…}}
background.js:16 [AI Prompt Queue] [LoadState] State loaded from storage {oldState: {…}, newState: {…}}
background.js:16 [AI Prompt Queue] [LoadState] State loaded from storage {oldState: {…}, newState: {…}}
background.js:16 [AI Prompt Queue] [LoadState] State loaded from storage {oldState: {…}, newState: {…}}
background.js:16 [AI Prompt Queue] [LoadState] State loaded from storage {oldState: {…}, newState: {…}}
background.js:16 [AI Prompt Queue] [LoadState] State loaded from storage {oldState: {…}, newState: {…}}
background.js:16 [AI Prompt Queue] [LoadState] State loaded from storage {oldState: {…}, newState: {…}}
background.js:16 [AI Prompt Queue] [LoadState] State loaded from storage {oldState: {…}, newState: {…}}
background.js:16 [AI Prompt Queue] [LoadState] State loaded from storage {oldState: {…}, newState: {…}}
background.js:16 [AI Prompt Queue] [LoadState] State loaded from storage {oldState: {…}, newState: {…}}
background.js:16 [AI Prompt Queue] [LoadState] State loaded from storage {oldState: {…}, newState: {…}}
background.js:16 [AI Prompt Queue] [LoadState] State loaded from storage {oldState: {…}, newState: {…}}
background.js:16 [AI Prompt Queue] [Health] Tick {running: true, processing: false, promptStartTime: 0, timeSinceActivity: 84692, timeSinceLastRecovery: 1774040756804, …}
background.js:16 [AI Prompt Queue] [LoadState] State loaded from storage {oldState: {…}, newState: {…}}
background.js:16 [AI Prompt Queue] [LoadState] State loaded from storage {oldState: {…}, newState: {…}}
background.js:16 [AI Prompt Queue] [LoadState] State loaded from storage {oldState: {…}, newState: {…}}
background.js:16 [AI Prompt Queue] [LoadState] State loaded from storage {oldState: {…}, newState: {…}}
background.js:16 [AI Prompt Queue] [LoadState] State loaded from storage {oldState: {…}, newState: {…}}
background.js:16 [AI Prompt Queue] [LoadState] State loaded from storage {oldState: {…}, newState: {…}}
background.js:16 [AI Prompt Queue] [LoadState] State loaded from storage {oldState: {…}, newState: {…}}
background.js:16 [AI Prompt Queue] [LoadState] State loaded from storage {oldState: {…}, newState: {…}}
background.js:16 [AI Prompt Queue] [LoadState] State loaded from storage {oldState: {…}, newState: {…}}
background.js:16 [AI Prompt Queue] [LoadState] State loaded from storage {oldState: {…}, newState: {…}}
background.js:16 [AI Prompt Queue] [LoadState] State loaded from storage {oldState: {…}, newState: {…}}
background.js:16 [AI Prompt Queue] [LoadState] State loaded from storage {oldState: {…}, newState: {…}}
background.js:16 [AI Prompt Queue] [LoadState] State loaded from storage {oldState: {…}, newState: {…}}
background.js:16 [AI Prompt Queue] [LoadState] State loaded from storage {oldState: {…}, newState: {…}}
background.js:16 [AI Prompt Queue] [LoadState] State loaded from storage {oldState: {…}, newState: {…}}
background.js:16 [AI Prompt Queue] [LoadState] State loaded from storage {oldState: {…}, newState: {…}}
background.js:16 [AI Prompt Queue] [LoadState] State loaded from storage {oldState: {…}, newState: {…}}
background.js:16 [AI Prompt Queue] [LoadState] State loaded from storage {oldState: {…}, newState: {…}}
background.js:16 [AI Prompt Queue] [LoadState] State loaded from storage {oldState: {…}, newState: {…}}
background.js:16 [AI Prompt Queue] [LoadState] State loaded from storage {oldState: {…}, newState: {…}}
background.js:16 [AI Prompt Queue] [LoadState] State loaded from storage {oldState: {…}, newState: {…}}
background.js:16 [AI Prompt Queue] [LoadState] State loaded from storage {oldState: {…}, newState: {…}}
background.js:16 [AI Prompt Queue] [LoadState] State loaded from storage {oldState: {…}, newState: {…}}
background.js:16 [AI Prompt Queue] [LoadState] State loaded from storage {oldState: {…}, newState: {…}}
background.js:16 [AI Prompt Queue] [LoadState] State loaded from storage {oldState: {…}, newState: {…}}
background.js:16 [AI Prompt Queue] [LoadState] State loaded from storage {oldState: {…}, newState: {…}}
background.js:16 [AI Prompt Queue] [LoadState] State loaded from storage {oldState: {…}, newState: {…}}
background.js:16 [AI Prompt Queue] [LoadState] State loaded from storage {oldState: {…}, newState: {…}}
background.js:16 [AI Prompt Queue] [LoadState] State loaded from storage {oldState: {…}, newState: {…}}
background.js:16 [AI Prompt Queue] [LoadState] State loaded from storage {oldState: {…}, newState: {…}}
background.js:16 [AI Prompt Queue] [LoadState] State loaded from storage {oldState: {…}, newState: {…}}
background.js:16 [AI Prompt Queue] [LoadState] State loaded from storage {oldState: {…}, newState: {…}}
background.js:16 [AI Prompt Queue] [LoadState] State loaded from storage {oldState: {…}, newState: {…}}
background.js:16 [AI Prompt Queue] [LoadState] State loaded from storage {oldState: {…}, newState: {…}}
background.js:16 [AI Prompt Queue] [LoadState] State loaded from storage {oldState: {…}, newState: {…}}
background.js:16 [AI Prompt Queue] [LoadState] State loaded from storage {oldState: {…}, newState: {…}}
background.js:16 [AI Prompt Queue] [LoadState] State loaded from storage {oldState: {…}, newState: {…}}
background.js:16 [AI Prompt Queue] [LoadState] State loaded from storage {oldState: {…}, newState: {…}}
background.js:16 [AI Prompt Queue] [LoadState] State loaded from storage {oldState: {…}, newState: {…}}
background.js:16 [AI Prompt Queue] [LoadState] State loaded from storage {oldState: {…}, newState: {…}}
background.js:16 [AI Prompt Queue] [LoadState] State loaded from storage {oldState: {…}, newState: {…}}
background.js:16 [AI Prompt Queue] [LoadState] State loaded from storage {oldState: {…}, newState: {…}}
background.js:16 [AI Prompt Queue] [LoadState] State loaded from storage {oldState: {…}, newState: {…}}
background.js:16 [AI Prompt Queue] [LoadState] State loaded from storage {oldState: {…}, newState: {…}}
background.js:16 [AI Prompt Queue] [LoadState] State loaded from storage {oldState: {…}, newState: {…}}
background.js:16 [AI Prompt Queue] [LoadState] State loaded from storage {oldState: {…}, newState: {…}}
background.js:16 [AI Prompt Queue] [LoadState] State loaded from storage {oldState: {…}, newState: {…}}
background.js:16 [AI Prompt Queue] [Health] Tick {running: true, processing: false, promptStartTime: 0, timeSinceActivity: 89695, timeSinceLastRecovery: 1774040761807, …}
background.js:16 [AI Prompt Queue] [LoadState] State loaded from storage {oldState: {…}, newState: {…}}
background.js:16 [AI Prompt Queue] [LoadState] State loaded from storage {oldState: {…}, newState: {…}}
background.js:16 [AI Prompt Queue] [LoadState] State loaded from storage {oldState: {…}, newState: {…}}
background.js:16 [AI Prompt Queue] [LoadState] State loaded from storage {oldState: {…}, newState: {…}}
background.js:16 [AI Prompt Queue] [LoadState] State loaded from storage {oldState: {…}, newState: {…}}
background.js:16 [AI Prompt Queue] [LoadState] State loaded from storage {oldState: {…}, newState: {…}}
background.js:16 [AI Prompt Queue] [LoadState] State loaded from storage {oldState: {…}, newState: {…}}
background.js:16 [AI Prompt Queue] [LoadState] State loaded from storage {oldState: {…}, newState: {…}}
background.js:16 [AI Prompt Queue] [LoadState] State loaded from storage {oldState: {…}, newState: {…}}
background.js:16 [AI Prompt Queue] [LoadState] State loaded from storage {oldState: {…}, newState: {…}}
background.js:16 [AI Prompt Queue] [LoadState] State loaded from storage {oldState: {…}, newState: {…}}
background.js:16 [AI Prompt Queue] [LoadState] State loaded from storage {oldState: {…}, newState: {…}}
background.js:16 [AI Prompt Queue] [LoadState] State loaded from storage {oldState: {…}, newState: {…}}
background.js:16 [AI Prompt Queue] [LoadState] State loaded from storage {oldState: {…}, newState: {…}}
background.js:16 [AI Prompt Queue] [LoadState] State loaded from storage {oldState: {…}, newState: {…}}
background.js:16 [AI Prompt Queue] [LoadState] State loaded from storage {oldState: {…}, newState: {…}}
background.js:16 [AI Prompt Queue] [LoadState] State loaded from storage {oldState: {…}, newState: {…}}
background.js:16 [AI Prompt Queue] [LoadState] State loaded from storage {oldState: {…}, newState: {…}}
background.js:16 [AI Prompt Queue] [LoadState] State loaded from storage {oldState: {…}, newState: {…}}
background.js:16 [AI Prompt Queue] [LoadState] State loaded from storage {oldState: {…}, newState: {…}}
background.js:16 [AI Prompt Queue] [LoadState] State loaded from storage {oldState: {…}, newState: {…}}
background.js:16 [AI Prompt Queue] [LoadState] State loaded from storage {oldState: {…}, newState: {…}}
background.js:16 [AI Prompt Queue] [LoadState] State loaded from storage {oldState: {…}, newState: {…}}
background.js:16 [AI Prompt Queue] [LoadState] State loaded from storage {oldState: {…}, newState: {…}}
background.js:16 [AI Prompt Queue] [LoadState] State loaded from storage {oldState: {…}, newState: {…}}
background.js:16 [AI Prompt Queue] [LoadState] State loaded from storage {oldState: {…}, newState: {…}}
background.js:16 [AI Prompt Queue] [LoadState] State loaded from storage {oldState: {…}, newState: {…}}
background.js:16 [AI Prompt Queue] [LoadState] State loaded from storage {oldState: {…}, newState: {…}}
background.js:16 [AI Prompt Queue] [LoadState] State loaded from storage {oldState: {…}, newState: {…}}
background.js:16 [AI Prompt Queue] [LoadState] State loaded from storage {oldState: {…}, newState: {…}}
background.js:16 [AI Prompt Queue] [LoadState] State loaded from storage {oldState: {…}, newState: {…}}
background.js:16 [AI Prompt Queue] [LoadState] State loaded from storage {oldState: {…}, newState: {…}}
background.js:16 [AI Prompt Queue] [LoadState] State loaded from storage {oldState: {…}, newState: {…}}
background.js:16 [AI Prompt Queue] [LoadState] State loaded from storage {oldState: {…}, newState: {…}}
background.js:16 [AI Prompt Queue] [LoadState] State loaded from storage {oldState: {…}, newState: {…}}
background.js:16 [AI Prompt Queue] [LoadState] State loaded from storage {oldState: {…}, newState: {…}}
background.js:16 [AI Prompt Queue] [LoadState] State loaded from storage {oldState: {…}, newState: {…}}
background.js:16 [AI Prompt Queue] [LoadState] State loaded from storage {oldState: {…}, newState: {…}}
background.js:16 [AI Prompt Queue] [LoadState] State loaded from storage {oldState: {…}, newState: {…}}
background.js:16 [AI Prompt Queue] [LoadState] State loaded from storage {oldState: {…}, newState: {…}}
background.js:16 [AI Prompt Queue] [LoadState] State loaded from storage {oldState: {…}, newState: {…}}
background.js:16 [AI Prompt Queue] [LoadState] State loaded from storage {oldState: {…}, newState: {…}}
background.js:16 [AI Prompt Queue] [LoadState] State loaded from storage {oldState: {…}, newState: {…}}
background.js:16 [AI Prompt Queue] [LoadState] State loaded from storage {oldState: {…}, newState: {…}}
background.js:16 [AI Prompt Queue] [LoadState] State loaded from storage {oldState: {…}, newState: {…}}
background.js:16 [AI Prompt Queue] [LoadState] State loaded from storage {oldState: {…}, newState: {…}}
background.js:16 [AI Prompt Queue] [LoadState] State loaded from storage {oldState: {…}, newState: {…}}
background.js:16 [AI Prompt Queue] [Health] Tick {running: true, processing: false, promptStartTime: 0, timeSinceActivity: 94689, timeSinceLastRecovery: 1774040766801, …}
background.js:16 [AI Prompt Queue] [LoadState] State loaded from storage {oldState: {…}, newState: {…}}
background.js:16 [AI Prompt Queue] [LoadState] State loaded from storage {oldState: {…}, newState: {…}}
background.js:16 [AI Prompt Queue] [LoadState] State loaded from storage {oldState: {…}, newState: {…}}
background.js:16 [AI Prompt Queue] [LoadState] State loaded from storage {oldState: {…}, newState: {…}}
background.js:16 [AI Prompt Queue] [LoadState] State loaded from storage {oldState: {…}, newState: {…}}
background.js:16 [AI Prompt Queue] [LoadState] State loaded from storage {oldState: {…}, newState: {…}}
background.js:16 [AI Prompt Queue] [LoadState] State loaded from storage {oldState: {…}, newState: {…}}
background.js:16 [AI Prompt Queue] [LoadState] State loaded from storage {oldState: {…}, newState: {…}}
background.js:16 [AI Prompt Queue] [LoadState] State loaded from storage {oldState: {…}, newState: {…}}
background.js:16 [AI Prompt Queue] [LoadState] State loaded from storage {oldState: {…}, newState: {…}}
background.js:16 [AI Prompt Queue] [LoadState] State loaded from storage {oldState: {…}, newState: {…}}
background.js:16 [AI Prompt Queue] [LoadState] State loaded from storage {oldState: {…}, newState: {…}}
background.js:16 [AI Prompt Queue] [LoadState] State loaded from storage {oldState: {…}, newState: {…}}
background.js:16 [AI Prompt Queue] [LoadState] State loaded from storage {oldState: {…}, newState: {…}}
background.js:16 [AI Prompt Queue] [LoadState] State loaded from storage {oldState: {…}, newState: {…}}
background.js:16 [AI Prompt Queue] [LoadState] State loaded from storage {oldState: {…}, newState: {…}}
background.js:16 [AI Prompt Queue] [LoadState] State loaded from storage {oldState: {…}, newState: {…}}
background.js:16 [AI Prompt Queue] [LoadState] State loaded from storage {oldState: {…}, newState: {…}}
background.js:16 [AI Prompt Queue] [LoadState] State loaded from storage {oldState: {…}, newState: {…}}
background.js:16 [AI Prompt Queue] [LoadState] State loaded from storage {oldState: {…}, newState: {…}}
background.js:16 [AI Prompt Queue] [LoadState] State loaded from storage {oldState: {…}, newState: {…}}
background.js:16 [AI Prompt Queue] [LoadState] State loaded from storage {oldState: {…}, newState: {…}}
background.js:16 [AI Prompt Queue] [LoadState] State loaded from storage {oldState: {…}, newState: {…}}
background.js:16 [AI Prompt Queue] [LoadState] State loaded from storage {oldState: {…}, newState: {…}}
background.js:16 [AI Prompt Queue] [LoadState] State loaded from storage {oldState: {…}, newState: {…}}
background.js:16 [AI Prompt Queue] [LoadState] State loaded from storage {oldState: {…}, newState: {…}}
background.js:16 [AI Prompt Queue] [LoadState] State loaded from storage {oldState: {…}, newState: {…}}
background.js:16 [AI Prompt Queue] [LoadState] State loaded from storage {oldState: {…}, newState: {…}}
background.js:16 [AI Prompt Queue] [LoadState] State loaded from storage {oldState: {…}, newState: {…}}
background.js:16 [AI Prompt Queue] [LoadState] State loaded from storage {oldState: {…}, newState: {…}}
background.js:16 [AI Prompt Queue] [LoadState] State loaded from storage {oldState: {…}, newState: {…}}
background.js:16 [AI Prompt Queue] [LoadState] State loaded from storage {oldState: {…}, newState: {…}}
background.js:16 [AI Prompt Queue] [LoadState] State loaded from storage {oldState: {…}, newState: {…}}
background.js:16 [AI Prompt Queue] [LoadState] State loaded from storage {oldState: {…}, newState: {…}}
background.js:16 [AI Prompt Queue] [LoadState] State loaded from storage {oldState: {…}, newState: {…}}
background.js:16 [AI Prompt Queue] [LoadState] State loaded from storage {oldState: {…}, newState: {…}}
background.js:16 [AI Prompt Queue] [LoadState] State loaded from storage {oldState: {…}, newState: {…}}
background.js:16 [AI Prompt Queue] [LoadState] State loaded from storage {oldState: {…}, newState: {…}}
background.js:16 [AI Prompt Queue] [LoadState] State loaded from storage {oldState: {…}, newState: {…}}
background.js:16 [AI Prompt Queue] [LoadState] State loaded from storage {oldState: {…}, newState: {…}}
background.js:16 [AI Prompt Queue] [LoadState] State loaded from storage {oldState: {…}, newState: {…}}
background.js:16 [AI Prompt Queue] [LoadState] State loaded from storage {oldState: {…}, newState: {…}}
background.js:16 [AI Prompt Queue] [LoadState] State loaded from storage {oldState: {…}, newState: {…}}
background.js:16 [AI Prompt Queue] [LoadState] State loaded from storage {oldState: {…}, newState: {…}}
background.js:16 [AI Prompt Queue] [LoadState] State loaded from storage {oldState: {…}, newState: {…}}
background.js:16 [AI Prompt Queue] [LoadState] State loaded from storage {oldState: {…}, newState: {…}}
background.js:16 [AI Prompt Queue] [LoadState] State loaded from storage {oldState: {…}, newState: {…}}
background.js:16 [AI Prompt Queue] [LoadState] State loaded from storage {oldState: {…}, newState: {…}}
background.js:16 [AI Prompt Queue] [Health] Tick {running: true, processing: false, promptStartTime: 0, timeSinceActivity: 99690, timeSinceLastRecovery: 1774040771802, …}
background.js:16 [AI Prompt Queue] [LoadState] State loaded from storage {oldState: {…}, newState: {…}}
background.js:16 [AI Prompt Queue] [LoadState] State loaded from storage {oldState: {…}, newState: {…}}
background.js:16 [AI Prompt Queue] [LoadState] State loaded from storage {oldState: {…}, newState: {…}}
background.js:16 [AI Prompt Queue] [LoadState] State loaded from storage {oldState: {…}, newState: {…}}
background.js:16 [AI Prompt Queue] [LoadState] State loaded from storage {oldState: {…}, newState: {…}}
background.js:16 [AI Prompt Queue] [LoadState] State loaded from storage {oldState: {…}, newState: {…}}
background.js:16 [AI Prompt Queue] [LoadState] State loaded from storage {oldState: {…}, newState: {…}}
background.js:16 [AI Prompt Queue] [LoadState] State loaded from storage {oldState: {…}, newState: {…}}
background.js:16 [AI Prompt Queue] [LoadState] State loaded from storage {oldState: {…}, newState: {…}}
background.js:16 [AI Prompt Queue] [LoadState] State loaded from storage {oldState: {…}, newState: {…}}
background.js:16 [AI Prompt Queue] [LoadState] State loaded from storage {oldState: {…}, newState: {…}}
background.js:16 [AI Prompt Queue] [LoadState] State loaded from storage {oldState: {…}, newState: {…}}
background.js:16 [AI Prompt Queue] [LoadState] State loaded from storage {oldState: {…}, newState: {…}}
background.js:16 [AI Prompt Queue] [LoadState] State loaded from storage {oldState: {…}, newState: {…}}
background.js:16 [AI Prompt Queue] [LoadState] State loaded from storage {oldState: {…}, newState: {…}}
background.js:16 [AI Prompt Queue] [LoadState] State loaded from storage {oldState: {…}, newState: {…}}
background.js:16 [AI Prompt Queue] [LoadState] State loaded from storage {oldState: {…}, newState: {…}}
background.js:16 [AI Prompt Queue] [LoadState] State loaded from storage {oldState: {…}, newState: {…}}
background.js:16 [AI Prompt Queue] [LoadState] State loaded from storage {oldState: {…}, newState: {…}}
background.js:16 [AI Prompt Queue] [LoadState] State loaded from storage {oldState: {…}, newState: {…}}
background.js:16 [AI Prompt Queue] [LoadState] State loaded from storage {oldState: {…}, newState: {…}}
background.js:16 [AI Prompt Queue] [LoadState] State loaded from storage {oldState: {…}, newState: {…}}
background.js:16 [AI Prompt Queue] [LoadState] State loaded from storage {oldState: {…}, newState: {…}}
background.js:16 [AI Prompt Queue] [LoadState] State loaded from storage {oldState: {…}, newState: {…}}
background.js:16 [AI Prompt Queue] [LoadState] State loaded from storage {oldState: {…}, newState: {…}}
background.js:16 [AI Prompt Queue] [LoadState] State loaded from storage {oldState: {…}, newState: {…}}
background.js:16 [AI Prompt Queue] [LoadState] State loaded from storage {oldState: {…}, newState: {…}}
background.js:16 [AI Prompt Queue] [LoadState] State loaded from storage {oldState: {…}, newState: {…}}
background.js:16 [AI Prompt Queue] [LoadState] State loaded from storage {oldState: {…}, newState: {…}}
background.js:16 [AI Prompt Queue] [LoadState] State loaded from storage {oldState: {…}, newState: {…}}
background.js:16 [AI Prompt Queue] [LoadState] State loaded from storage {oldState: {…}, newState: {…}}
background.js:16 [AI Prompt Queue] [LoadState] State loaded from storage {oldState: {…}, newState: {…}}
background.js:16 [AI Prompt Queue] [LoadState] State loaded from storage {oldState: {…}, newState: {…}}
background.js:16 [AI Prompt Queue] [LoadState] State loaded from storage {oldState: {…}, newState: {…}}
background.js:16 [AI Prompt Queue] [LoadState] State loaded from storage {oldState: {…}, newState: {…}}
background.js:16 [AI Prompt Queue] [LoadState] State loaded from storage {oldState: {…}, newState: {…}}
background.js:16 [AI Prompt Queue] [LoadState] State loaded from storage {oldState: {…}, newState: {…}}
background.js:16 [AI Prompt Queue] [LoadState] State loaded from storage {oldState: {…}, newState: {…}}
background.js:16 [AI Prompt Queue] [LoadState] State loaded from storage {oldState: {…}, newState: {…}}
background.js:16 [AI Prompt Queue] [LoadState] State loaded from storage {oldState: {…}, newState: {…}}
background.js:16 [AI Prompt Queue] [LoadState] State loaded from storage {oldState: {…}, newState: {…}}
background.js:16 [AI Prompt Queue] [LoadState] State loaded from storage {oldState: {…}, newState: {…}}
background.js:16 [AI Prompt Queue] [LoadState] State loaded from storage {oldState: {…}, newState: {…}}
background.js:16 [AI Prompt Queue] [Health] Tick {running: true, processing: false, promptStartTime: 0, timeSinceActivity: 104695, timeSinceLastRecovery: 1774040776807, …}
background.js:16 [AI Prompt Queue] [LoadState] State loaded from storage {oldState: {…}, newState: {…}}
background.js:16 [AI Prompt Queue] [LoadState] State loaded from storage {oldState: {…}, newState: {…}}
background.js:16 [AI Prompt Queue] [LoadState] State loaded from storage {oldState: {…}, newState: {…}}
background.js:16 [AI Prompt Queue] [LoadState] State loaded from storage {oldState: {…}, newState: {…}}
background.js:16 [AI Prompt Queue] [LoadState] State loaded from storage {oldState: {…}, newState: {…}}
background.js:16 [AI Prompt Queue] [LoadState] State loaded from storage {oldState: {…}, newState: {…}}
background.js:16 [AI Prompt Queue] [LoadState] State loaded from storage {oldState: {…}, newState: {…}}
background.js:16 [AI Prompt Queue] [LoadState] State loaded from storage {oldState: {…}, newState: {…}}
background.js:16 [AI Prompt Queue] [LoadState] State loaded from storage {oldState: {…}, newState: {…}}
background.js:16 [AI Prompt Queue] [LoadState] State loaded from storage {oldState: {…}, newState: {…}}
background.js:16 [AI Prompt Queue] [LoadState] State loaded from storage {oldState: {…}, newState: {…}}
background.js:16 [AI Prompt Queue] [LoadState] State loaded from storage {oldState: {…}, newState: {…}}
background.js:16 [AI Prompt Queue] [LoadState] State loaded from storage {oldState: {…}, newState: {…}}
background.js:16 [AI Prompt Queue] [LoadState] State loaded from storage {oldState: {…}, newState: {…}}
background.js:16 [AI Prompt Queue] [LoadState] State loaded from storage {oldState: {…}, newState: {…}}
background.js:16 [AI Prompt Queue] [LoadState] State loaded from storage {oldState: {…}, newState: {…}}
background.js:16 [AI Prompt Queue] [LoadState] State loaded from storage {oldState: {…}, newState: {…}}
background.js:16 [AI Prompt Queue] [LoadState] State loaded from storage {oldState: {…}, newState: {…}}
background.js:16 [AI Prompt Queue] [LoadState] State loaded from storage {oldState: {…}, newState: {…}}
background.js:16 [AI Prompt Queue] [LoadState] State loaded from storage {oldState: {…}, newState: {…}}
background.js:16 [AI Prompt Queue] [LoadState] State loaded from storage {oldState: {…}, newState: {…}}
background.js:16 [AI Prompt Queue] [LoadState] State loaded from storage {oldState: {…}, newState: {…}}
background.js:16 [AI Prompt Queue] [LoadState] State loaded from storage {oldState: {…}, newState: {…}}
background.js:16 [AI Prompt Queue] [LoadState] State loaded from storage {oldState: {…}, newState: {…}}
background.js:16 [AI Prompt Queue] [LoadState] State loaded from storage {oldState: {…}, newState: {…}}
background.js:16 [AI Prompt Queue] [LoadState] State loaded from storage {oldState: {…}, newState: {…}}
background.js:16 [AI Prompt Queue] [LoadState] State loaded from storage {oldState: {…}, newState: {…}}
background.js:16 [AI Prompt Queue] [LoadState] State loaded from storage {oldState: {…}, newState: {…}}
background.js:16 [AI Prompt Queue] [LoadState] State loaded from storage {oldState: {…}, newState: {…}}
background.js:16 [AI Prompt Queue] [LoadState] State loaded from storage {oldState: {…}, newState: {…}}
background.js:16 [AI Prompt Queue] [LoadState] State loaded from storage {oldState: {…}, newState: {…}}
background.js:16 [AI Prompt Queue] [LoadState] State loaded from storage {oldState: {…}, newState: {…}}
background.js:16 [AI Prompt Queue] [LoadState] State loaded from storage {oldState: {…}, newState: {…}}
background.js:16 [AI Prompt Queue] [LoadState] State loaded from storage {oldState: {…}, newState: {…}}
background.js:16 [AI Prompt Queue] [LoadState] State loaded from storage {oldState: {…}, newState: {…}}
background.js:16 [AI Prompt Queue] [LoadState] State loaded from storage {oldState: {…}, newState: {…}}
background.js:16 [AI Prompt Queue] [LoadState] State loaded from storage {oldState: {…}, newState: {…}}
background.js:16 [AI Prompt Queue] [LoadState] State loaded from storage {oldState: {…}, newState: {…}}
background.js:16 [AI Prompt Queue] [LoadState] State loaded from storage {oldState: {…}, newState: {…}}
background.js:16 [AI Prompt Queue] [LoadState] State loaded from storage {oldState: {…}, newState: {…}}
background.js:16 [AI Prompt Queue] [LoadState] State loaded from storage {oldState: {…}, newState: {…}}
background.js:16 [AI Prompt Queue] [LoadState] State loaded from storage {oldState: {…}, newState: {…}}
background.js:16 [AI Prompt Queue] [LoadState] State loaded from storage {oldState: {…}, newState: {…}}
background.js:16 [AI Prompt Queue] [LoadState] State loaded from storage {oldState: {…}, newState: {…}}
background.js:16 [AI Prompt Queue] [LoadState] State loaded from storage {oldState: {…}, newState: {…}}
background.js:16 [AI Prompt Queue] [LoadState] State loaded from storage {oldState: {…}, newState: {…}}
background.js:16 [AI Prompt Queue] [Health] Tick {running: true, processing: false, promptStartTime: 0, timeSinceActivity: 109698, timeSinceLastRecovery: 1774040781810, …}
background.js:16 [AI Prompt Queue] [LoadState] State loaded from storage {oldState: {…}, newState: {…}}
background.js:16 [AI Prompt Queue] [LoadState] State loaded from storage {oldState: {…}, newState: {…}}
background.js:16 [AI Prompt Queue] [LoadState] State loaded from storage {oldState: {…}, newState: {…}}
background.js:16 [AI Prompt Queue] [LoadState] State loaded from storage {oldState: {…}, newState: {…}}
background.js:16 [AI Prompt Queue] [LoadState] State loaded from storage {oldState: {…}, newState: {…}}
background.js:16 [AI Prompt Queue] [LoadState] State loaded from storage {oldState: {…}, newState: {…}}
background.js:16 [AI Prompt Queue] [LoadState] State loaded from storage {oldState: {…}, newState: {…}}
background.js:16 [AI Prompt Queue] [LoadState] State loaded from storage {oldState: {…}, newState: {…}}
background.js:16 [AI Prompt Queue] [LoadState] State loaded from storage {oldState: {…}, newState: {…}}
background.js:16 [AI Prompt Queue] [LoadState] State loaded from storage {oldState: {…}, newState: {…}}
background.js:16 [AI Prompt Queue] [LoadState] State loaded from storage {oldState: {…}, newState: {…}}
background.js:16 [AI Prompt Queue] [LoadState] State loaded from storage {oldState: {…}, newState: {…}}
background.js:16 [AI Prompt Queue] [LoadState] State loaded from storage {oldState: {…}, newState: {…}}
background.js:16 [AI Prompt Queue] [LoadState] State loaded from storage {oldState: {…}, newState: {…}}
background.js:16 [AI Prompt Queue] [LoadState] State loaded from storage {oldState: {…}, newState: {…}}
background.js:16 [AI Prompt Queue] [LoadState] State loaded from storage {oldState: {…}, newState: {…}}
background.js:16 [AI Prompt Queue] [LoadState] State loaded from storage {oldState: {…}, newState: {…}}
background.js:16 [AI Prompt Queue] [LoadState] State loaded from storage {oldState: {…}, newState: {…}}
background.js:16 [AI Prompt Queue] [LoadState] State loaded from storage {oldState: {…}, newState: {…}}
background.js:16 [AI Prompt Queue] [LoadState] State loaded from storage {oldState: {…}, newState: {…}}
background.js:16 [AI Prompt Queue] [LoadState] State loaded from storage {oldState: {…}, newState: {…}}
background.js:16 [AI Prompt Queue] [LoadState] State loaded from storage {oldState: {…}, newState: {…}}
background.js:16 [AI Prompt Queue] [LoadState] State loaded from storage {oldState: {…}, newState: {…}}
background.js:16 [AI Prompt Queue] [LoadState] State loaded from storage {oldState: {…}, newState: {…}}
background.js:16 [AI Prompt Queue] [LoadState] State loaded from storage {oldState: {…}, newState: {…}}
background.js:16 [AI Prompt Queue] [LoadState] State loaded from storage {oldState: {…}, newState: {…}}
background.js:16 [AI Prompt Queue] [LoadState] State loaded from storage {oldState: {…}, newState: {…}}
background.js:16 [AI Prompt Queue] [LoadState] State loaded from storage {oldState: {…}, newState: {…}}
background.js:16 [AI Prompt Queue] [LoadState] State loaded from storage {oldState: {…}, newState: {…}}
background.js:16 [AI Prompt Queue] [LoadState] State loaded from storage {oldState: {…}, newState: {…}}
background.js:16 [AI Prompt Queue] [LoadState] State loaded from storage {oldState: {…}, newState: {…}}
background.js:16 [AI Prompt Queue] [LoadState] State loaded from storage {oldState: {…}, newState: {…}}
background.js:16 [AI Prompt Queue] [LoadState] State loaded from storage {oldState: {…}, newState: {…}}
background.js:16 [AI Prompt Queue] [LoadState] State loaded from storage {oldState: {…}, newState: {…}}
background.js:16 [AI Prompt Queue] [LoadState] State loaded from storage {oldState: {…}, newState: {…}}
background.js:16 [AI Prompt Queue] [LoadState] State loaded from storage {oldState: {…}, newState: {…}}
background.js:16 [AI Prompt Queue] [LoadState] State loaded from storage {oldState: {…}, newState: {…}}
background.js:16 [AI Prompt Queue] [LoadState] State loaded from storage {oldState: {…}, newState: {…}}
background.js:16 [AI Prompt Queue] [LoadState] State loaded from storage {oldState: {…}, newState: {…}}
background.js:16 [AI Prompt Queue] [LoadState] State loaded from storage {oldState: {…}, newState: {…}}
background.js:16 [AI Prompt Queue] [LoadState] State loaded from storage {oldState: {…}, newState: {…}}
background.js:16 [AI Prompt Queue] [LoadState] State loaded from storage {oldState: {…}, newState: {…}}
background.js:16 [AI Prompt Queue] [LoadState] State loaded from storage {oldState: {…}, newState: {…}}
background.js:16 [AI Prompt Queue] [Health] Tick {running: true, processing: false, promptStartTime: 0, timeSinceActivity: 114703, timeSinceLastRecovery: 1774040786815, …}
background.js:16 [AI Prompt Queue] [LoadState] State loaded from storage {oldState: {…}, newState: {…}}
background.js:16 [AI Prompt Queue] [LoadState] State loaded from storage {oldState: {…}, newState: {…}}
background.js:16 [AI Prompt Queue] [LoadState] State loaded from storage {oldState: {…}, newState: {…}}
background.js:16 [AI Prompt Queue] [LoadState] State loaded from storage {oldState: {…}, newState: {…}}
background.js:16 [AI Prompt Queue] [LoadState] State loaded from storage {oldState: {…}, newState: {…}}
background.js:16 [AI Prompt Queue] [LoadState] State loaded from storage {oldState: {…}, newState: {…}}
background.js:16 [AI Prompt Queue] [LoadState] State loaded from storage {oldState: {…}, newState: {…}}
background.js:16 [AI Prompt Queue] [LoadState] State loaded from storage {oldState: {…}, newState: {…}}
background.js:16 [AI Prompt Queue] [LoadState] State loaded from storage {oldState: {…}, newState: {…}}
background.js:16 [AI Prompt Queue] [LoadState] State loaded from storage {oldState: {…}, newState: {…}}
background.js:16 [AI Prompt Queue] [LoadState] State loaded from storage {oldState: {…}, newState: {…}}
background.js:16 [AI Prompt Queue] [LoadState] State loaded from storage {oldState: {…}, newState: {…}}
background.js:16 [AI Prompt Queue] [LoadState] State loaded from storage {oldState: {…}, newState: {…}}
background.js:16 [AI Prompt Queue] [LoadState] State loaded from storage {oldState: {…}, newState: {…}}
background.js:16 [AI Prompt Queue] [LoadState] State loaded from storage {oldState: {…}, newState: {…}}
background.js:16 [AI Prompt Queue] [LoadState] State loaded from storage {oldState: {…}, newState: {…}}
background.js:16 [AI Prompt Queue] [LoadState] State loaded from storage {oldState: {…}, newState: {…}}
background.js:16 [AI Prompt Queue] [LoadState] State loaded from storage {oldState: {…}, newState: {…}}
background.js:16 [AI Prompt Queue] [LoadState] State loaded from storage {oldState: {…}, newState: {…}}
background.js:16 [AI Prompt Queue] [LoadState] State loaded from storage {oldState: {…}, newState: {…}}
background.js:16 [AI Prompt Queue] [LoadState] State loaded from storage {oldState: {…}, newState: {…}}
background.js:16 [AI Prompt Queue] [LoadState] State loaded from storage {oldState: {…}, newState: {…}}
background.js:16 [AI Prompt Queue] [LoadState] State loaded from storage {oldState: {…}, newState: {…}}
background.js:16 [AI Prompt Queue] [LoadState] State loaded from storage {oldState: {…}, newState: {…}}
background.js:16 [AI Prompt Queue] [LoadState] State loaded from storage {oldState: {…}, newState: {…}}
background.js:16 [AI Prompt Queue] [LoadState] State loaded from storage {oldState: {…}, newState: {…}}
background.js:16 [AI Prompt Queue] [LoadState] State loaded from storage {oldState: {…}, newState: {…}}
background.js:16 [AI Prompt Queue] [LoadState] State loaded from storage {oldState: {…}, newState: {…}}
background.js:16 [AI Prompt Queue] [LoadState] State loaded from storage {oldState: {…}, newState: {…}}
background.js:16 [AI Prompt Queue] [LoadState] State loaded from storage {oldState: {…}, newState: {…}}
background.js:16 [AI Prompt Queue] [LoadState] State loaded from storage {oldState: {…}, newState: {…}}
background.js:16 [AI Prompt Queue] [LoadState] State loaded from storage {oldState: {…}, newState: {…}}
background.js:16 [AI Prompt Queue] [LoadState] State loaded from storage {oldState: {…}, newState: {…}}
background.js:16 [AI Prompt Queue] [LoadState] State loaded from storage {oldState: {…}, newState: {…}}
background.js:16 [AI Prompt Queue] [LoadState] State loaded from storage {oldState: {…}, newState: {…}}
background.js:16 [AI Prompt Queue] [LoadState] State loaded from storage {oldState: {…}, newState: {…}}
background.js:16 [AI Prompt Queue] [LoadState] State loaded from storage {oldState: {…}, newState: {…}}
background.js:16 [AI Prompt Queue] [LoadState] State loaded from storage {oldState: {…}, newState: {…}}
background.js:16 [AI Prompt Queue] [LoadState] State loaded from storage {oldState: {…}, newState: {…}}
background.js:16 [AI Prompt Queue] [LoadState] State loaded from storage {oldState: {…}, newState: {…}}
background.js:16 [AI Prompt Queue] [LoadState] State loaded from storage {oldState: {…}, newState: {…}}
background.js:16 [AI Prompt Queue] [LoadState] State loaded from storage {oldState: {…}, newState: {…}}
background.js:16 [AI Prompt Queue] [LoadState] State loaded from storage {oldState: {…}, newState: {…}}
background.js:16 [AI Prompt Queue] [LoadState] State loaded from storage {oldState: {…}, newState: {…}}
background.js:16 [AI Prompt Queue] [LoadState] State loaded from storage {oldState: {…}, newState: {…}}
background.js:16 [AI Prompt Queue] [LoadState] State loaded from storage {oldState: {…}, newState: {…}}
background.js:16 [AI Prompt Queue] [Health] Tick {running: true, processing: false, promptStartTime: 0, timeSinceActivity: 119688, timeSinceLastRecovery: 1774040791800, …}
background.js:16 [AI Prompt Queue] [LoadState] State loaded from storage {oldState: {…}, newState: {…}}
background.js:16 [AI Prompt Queue] [LoadState] State loaded from storage {oldState: {…}, newState: {…}}
background.js:16 [AI Prompt Queue] [LoadState] State loaded from storage {oldState: {…}, newState: {…}}
background.js:16 [AI Prompt Queue] [LoadState] State loaded from storage {oldState: {…}, newState: {…}}
background.js:16 [AI Prompt Queue] [LoadState] State loaded from storage {oldState: {…}, newState: {…}}
background.js:16 [AI Prompt Queue] [LoadState] State loaded from storage {oldState: {…}, newState: {…}}
background.js:16 [AI Prompt Queue] [LoadState] State loaded from storage {oldState: {…}, newState: {…}}
background.js:16 [AI Prompt Queue] [LoadState] State loaded from storage {oldState: {…}, newState: {…}}
background.js:16 [AI Prompt Queue] [LoadState] State loaded from storage {oldState: {…}, newState: {…}}
background.js:16 [AI Prompt Queue] [LoadState] State loaded from storage {oldState: {…}, newState: {…}}
background.js:16 [AI Prompt Queue] [LoadState] State loaded from storage {oldState: {…}, newState: {…}}
background.js:16 [AI Prompt Queue] [LoadState] State loaded from storage {oldState: {…}, newState: {…}}
background.js:16 [AI Prompt Queue] [LoadState] State loaded from storage {oldState: {…}, newState: {…}}
background.js:16 [AI Prompt Queue] [LoadState] State loaded from storage {oldState: {…}, newState: {…}}
background.js:16 [AI Prompt Queue] [LoadState] State loaded from storage {oldState: {…}, newState: {…}}
background.js:16 [AI Prompt Queue] [LoadState] State loaded from storage {oldState: {…}, newState: {…}}
background.js:16 [AI Prompt Queue] [LoadState] State loaded from storage {oldState: {…}, newState: {…}}
background.js:16 [AI Prompt Queue] [LoadState] State loaded from storage {oldState: {…}, newState: {…}}
background.js:16 [AI Prompt Queue] [LoadState] State loaded from storage {oldState: {…}, newState: {…}}
background.js:16 [AI Prompt Queue] [LoadState] State loaded from storage {oldState: {…}, newState: {…}}
background.js:16 [AI Prompt Queue] [LoadState] State loaded from storage {oldState: {…}, newState: {…}}
background.js:16 [AI Prompt Queue] [LoadState] State loaded from storage {oldState: {…}, newState: {…}}
background.js:16 [AI Prompt Queue] [LoadState] State loaded from storage {oldState: {…}, newState: {…}}
background.js:16 [AI Prompt Queue] [LoadState] State loaded from storage {oldState: {…}, newState: {…}}
background.js:16 [AI Prompt Queue] [LoadState] State loaded from storage {oldState: {…}, newState: {…}}
background.js:16 [AI Prompt Queue] [LoadState] State loaded from storage {oldState: {…}, newState: {…}}
background.js:16 [AI Prompt Queue] [LoadState] State loaded from storage {oldState: {…}, newState: {…}}
background.js:16 [AI Prompt Queue] [LoadState] State loaded from storage {oldState: {…}, newState: {…}}
background.js:16 [AI Prompt Queue] [LoadState] State loaded from storage {oldState: {…}, newState: {…}}
background.js:16 [AI Prompt Queue] [LoadState] State loaded from storage {oldState: {…}, newState: {…}}
background.js:16 [AI Prompt Queue] [LoadState] State loaded from storage {oldState: {…}, newState: {…}}
background.js:16 [AI Prompt Queue] [LoadState] State loaded from storage {oldState: {…}, newState: {…}}
background.js:16 [AI Prompt Queue] [LoadState] State loaded from storage {oldState: {…}, newState: {…}}
background.js:16 [AI Prompt Queue] [LoadState] State loaded from storage {oldState: {…}, newState: {…}}
background.js:16 [AI Prompt Queue] [LoadState] State loaded from storage {oldState: {…}, newState: {…}}
background.js:16 [AI Prompt Queue] [LoadState] State loaded from storage {oldState: {…}, newState: {…}}
background.js:16 [AI Prompt Queue] [LoadState] State loaded from storage {oldState: {…}, newState: {…}}
background.js:16 [AI Prompt Queue] [LoadState] State loaded from storage {oldState: {…}, newState: {…}}
background.js:16 [AI Prompt Queue] [LoadState] State loaded from storage {oldState: {…}, newState: {…}}
background.js:16 [AI Prompt Queue] [LoadState] State loaded from storage {oldState: {…}, newState: {…}}
background.js:16 [AI Prompt Queue] [LoadState] State loaded from storage {oldState: {…}, newState: {…}}
background.js:16 [AI Prompt Queue] [LoadState] State loaded from storage {oldState: {…}, newState: {…}}
background.js:16 [AI Prompt Queue] [LoadState] State loaded from storage {oldState: {…}, newState: {…}}
background.js:16 [AI Prompt Queue] [Health] Tick {running: true, processing: false, promptStartTime: 0, timeSinceActivity: 124693, timeSinceLastRecovery: 1774040796805, …}
background.js:16 [AI Prompt Queue] [LoadState] State loaded from storage {oldState: {…}, newState: {…}}
background.js:16 [AI Prompt Queue] [LoadState] State loaded from storage {oldState: {…}, newState: {…}}
background.js:16 [AI Prompt Queue] [LoadState] State loaded from storage {oldState: {…}, newState: {…}}
background.js:16 [AI Prompt Queue] [LoadState] State loaded from storage {oldState: {…}, newState: {…}}
background.js:16 [AI Prompt Queue] [LoadState] State loaded from storage {oldState: {…}, newState: {…}}
background.js:16 [AI Prompt Queue] [LoadState] State loaded from storage {oldState: {…}, newState: {…}}
background.js:16 [AI Prompt Queue] [LoadState] State loaded from storage {oldState: {…}, newState: {…}}
background.js:16 [AI Prompt Queue] [LoadState] State loaded from storage {oldState: {…}, newState: {…}}
background.js:16 [AI Prompt Queue] [LoadState] State loaded from storage {oldState: {…}, newState: {…}}
background.js:16 [AI Prompt Queue] [LoadState] State loaded from storage {oldState: {…}, newState: {…}}
background.js:16 [AI Prompt Queue] [LoadState] State loaded from storage {oldState: {…}, newState: {…}}
background.js:16 [AI Prompt Queue] [LoadState] State loaded from storage {oldState: {…}, newState: {…}}
background.js:16 [AI Prompt Queue] [LoadState] State loaded from storage {oldState: {…}, newState: {…}}
background.js:16 [AI Prompt Queue] [LoadState] State loaded from storage {oldState: {…}, newState: {…}}
background.js:16 [AI Prompt Queue] [LoadState] State loaded from storage {oldState: {…}, newState: {…}}
background.js:16 [AI Prompt Queue] [LoadState] State loaded from storage {oldState: {…}, newState: {…}}
background.js:16 [AI Prompt Queue] [LoadState] State loaded from storage {oldState: {…}, newState: {…}}
background.js:16 [AI Prompt Queue] [LoadState] State loaded from storage {oldState: {…}, newState: {…}}
background.js:16 [AI Prompt Queue] [LoadState] State loaded from storage {oldState: {…}, newState: {…}}
background.js:16 [AI Prompt Queue] [LoadState] State loaded from storage {oldState: {…}, newState: {…}}
background.js:16 [AI Prompt Queue] [LoadState] State loaded from storage {oldState: {…}, newState: {…}}
background.js:16 [AI Prompt Queue] [LoadState] State loaded from storage {oldState: {…}, newState: {…}}
background.js:16 [AI Prompt Queue] [LoadState] State loaded from storage {oldState: {…}, newState: {…}}
background.js:16 [AI Prompt Queue] [LoadState] State loaded from storage {oldState: {…}, newState: {…}}
background.js:16 [AI Prompt Queue] [LoadState] State loaded from storage {oldState: {…}, newState: {…}}
background.js:16 [AI Prompt Queue] [LoadState] State loaded from storage {oldState: {…}, newState: {…}}
background.js:16 [AI Prompt Queue] [LoadState] State loaded from storage {oldState: {…}, newState: {…}}
background.js:16 [AI Prompt Queue] [LoadState] State loaded from storage {oldState: {…}, newState: {…}}
background.js:16 [AI Prompt Queue] [LoadState] State loaded from storage {oldState: {…}, newState: {…}}
background.js:16 [AI Prompt Queue] [LoadState] State loaded from storage {oldState: {…}, newState: {…}}
background.js:16 [AI Prompt Queue] [LoadState] State loaded from storage {oldState: {…}, newState: {…}}
background.js:16 [AI Prompt Queue] [LoadState] State loaded from storage {oldState: {…}, newState: {…}}
background.js:16 [AI Prompt Queue] [LoadState] State loaded from storage {oldState: {…}, newState: {…}}
background.js:16 [AI Prompt Queue] [LoadState] State loaded from storage {oldState: {…}, newState: {…}}
background.js:16 [AI Prompt Queue] [LoadState] State loaded from storage {oldState: {…}, newState: {…}}
background.js:16 [AI Prompt Queue] [LoadState] State loaded from storage {oldState: {…}, newState: {…}}
background.js:16 [AI Prompt Queue] [LoadState] State loaded from storage {oldState: {…}, newState: {…}}
background.js:16 [AI Prompt Queue] [LoadState] State loaded from storage {oldState: {…}, newState: {…}}
background.js:16 [AI Prompt Queue] [LoadState] State loaded from storage {oldState: {…}, newState: {…}}
background.js:16 [AI Prompt Queue] [LoadState] State loaded from storage {oldState: {…}, newState: {…}}
background.js:16 [AI Prompt Queue] [LoadState] State loaded from storage {oldState: {…}, newState: {…}}
background.js:16 [AI Prompt Queue] [LoadState] State loaded from storage {oldState: {…}, newState: {…}}
background.js:16 [AI Prompt Queue] [LoadState] State loaded from storage {oldState: {…}, newState: {…}}
background.js:16 [AI Prompt Queue] [LoadState] State loaded from storage {oldState: {…}, newState: {…}}
background.js:16 [AI Prompt Queue] [Health] Tick {running: true, processing: false, promptStartTime: 0, timeSinceActivity: 129691, timeSinceLastRecovery: 1774040801803, …}
background.js:16 [AI Prompt Queue] [LoadState] State loaded from storage {oldState: {…}, newState: {…}}
background.js:16 [AI Prompt Queue] [LoadState] State loaded from storage {oldState: {…}, newState: {…}}
background.js:16 [AI Prompt Queue] [LoadState] State loaded from storage {oldState: {…}, newState: {…}}
background.js:16 [AI Prompt Queue] [LoadState] State loaded from storage {oldState: {…}, newState: {…}}
background.js:16 [AI Prompt Queue] [LoadState] State loaded from storage {oldState: {…}, newState: {…}}
background.js:16 [AI Prompt Queue] [LoadState] State loaded from storage {oldState: {…}, newState: {…}}
background.js:16 [AI Prompt Queue] [LoadState] State loaded from storage {oldState: {…}, newState: {…}}
background.js:16 [AI Prompt Queue] [LoadState] State loaded from storage {oldState: {…}, newState: {…}}
background.js:16 [AI Prompt Queue] [LoadState] State loaded from storage {oldState: {…}, newState: {…}}
background.js:16 [AI Prompt Queue] [LoadState] State loaded from storage {oldState: {…}, newState: {…}}
background.js:16 [AI Prompt Queue] [LoadState] State loaded from storage {oldState: {…}, newState: {…}}
background.js:16 [AI Prompt Queue] [LoadState] State loaded from storage {oldState: {…}, newState: {…}}
background.js:16 [AI Prompt Queue] [LoadState] State loaded from storage {oldState: {…}, newState: {…}}
background.js:16 [AI Prompt Queue] [LoadState] State loaded from storage {oldState: {…}, newState: {…}}
background.js:16 [AI Prompt Queue] [LoadState] State loaded from storage {oldState: {…}, newState: {…}}
background.js:16 [AI Prompt Queue] [LoadState] State loaded from storage {oldState: {…}, newState: {…}}
background.js:16 [AI Prompt Queue] [LoadState] State loaded from storage {oldState: {…}, newState: {…}}
background.js:16 [AI Prompt Queue] [LoadState] State loaded from storage {oldState: {…}, newState: {…}}
background.js:16 [AI Prompt Queue] [LoadState] State loaded from storage {oldState: {…}, newState: {…}}
background.js:16 [AI Prompt Queue] [LoadState] State loaded from storage {oldState: {…}, newState: {…}}
background.js:16 [AI Prompt Queue] [LoadState] State loaded from storage {oldState: {…}, newState: {…}}
background.js:16 [AI Prompt Queue] [LoadState] State loaded from storage {oldState: {…}, newState: {…}}
background.js:16 [AI Prompt Queue] [LoadState] State loaded from storage {oldState: {…}, newState: {…}}
background.js:16 [AI Prompt Queue] [LoadState] State loaded from storage {oldState: {…}, newState: {…}}
background.js:16 [AI Prompt Queue] [LoadState] State loaded from storage {oldState: {…}, newState: {…}}
background.js:16 [AI Prompt Queue] [LoadState] State loaded from storage {oldState: {…}, newState: {…}}
background.js:16 [AI Prompt Queue] [LoadState] State loaded from storage {oldState: {…}, newState: {…}}
background.js:16 [AI Prompt Queue] [LoadState] State loaded from storage {oldState: {…}, newState: {…}}
background.js:16 [AI Prompt Queue] [LoadState] State loaded from storage {oldState: {…}, newState: {…}}
background.js:16 [AI Prompt Queue] [LoadState] State loaded from storage {oldState: {…}, newState: {…}}
background.js:16 [AI Prompt Queue] [LoadState] State loaded from storage {oldState: {…}, newState: {…}}
background.js:16 [AI Prompt Queue] [LoadState] State loaded from storage {oldState: {…}, newState: {…}}
background.js:16 [AI Prompt Queue] [LoadState] State loaded from storage {oldState: {…}, newState: {…}}
background.js:16 [AI Prompt Queue] [LoadState] State loaded from storage {oldState: {…}, newState: {…}}
background.js:16 [AI Prompt Queue] [LoadState] State loaded from storage {oldState: {…}, newState: {…}}
background.js:16 [AI Prompt Queue] [LoadState] State loaded from storage {oldState: {…}, newState: {…}}
background.js:16 [AI Prompt Queue] [LoadState] State loaded from storage {oldState: {…}, newState: {…}}
background.js:16 [AI Prompt Queue] [LoadState] State loaded from storage {oldState: {…}, newState: {…}}
background.js:16 [AI Prompt Queue] [LoadState] State loaded from storage {oldState: {…}, newState: {…}}
background.js:16 [AI Prompt Queue] [LoadState] State loaded from storage {oldState: {…}, newState: {…}}
background.js:16 [AI Prompt Queue] [Health] Tick {running: true, processing: false, promptStartTime: 0, timeSinceActivity: 134688, timeSinceLastRecovery: 1774040806800, …}
background.js:16 [AI Prompt Queue] [LoadState] State loaded from storage {oldState: {…}, newState: {…}}
background.js:16 [AI Prompt Queue] [LoadState] State loaded from storage {oldState: {…}, newState: {…}}
background.js:16 [AI Prompt Queue] [LoadState] State loaded from storage {oldState: {…}, newState: {…}}
background.js:16 [AI Prompt Queue] [LoadState] State loaded from storage {oldState: {…}, newState: {…}}
background.js:16 [AI Prompt Queue] [LoadState] State loaded from storage {oldState: {…}, newState: {…}}
background.js:16 [AI Prompt Queue] [LoadState] State loaded from storage {oldState: {…}, newState: {…}}
background.js:16 [AI Prompt Queue] [LoadState] State loaded from storage {oldState: {…}, newState: {…}}
background.js:16 [AI Prompt Queue] [LoadState] State loaded from storage {oldState: {…}, newState: {…}}
background.js:16 [AI Prompt Queue] [LoadState] State loaded from storage {oldState: {…}, newState: {…}}
background.js:16 [AI Prompt Queue] [LoadState] State loaded from storage {oldState: {…}, newState: {…}}
background.js:16 [AI Prompt Queue] [LoadState] State loaded from storage {oldState: {…}, newState: {…}}
background.js:16 [AI Prompt Queue] [LoadState] State loaded from storage {oldState: {…}, newState: {…}}
background.js:16 [AI Prompt Queue] [LoadState] State loaded from storage {oldState: {…}, newState: {…}}
background.js:16 [AI Prompt Queue] [LoadState] State loaded from storage {oldState: {…}, newState: {…}}
background.js:16 [AI Prompt Queue] [LoadState] State loaded from storage {oldState: {…}, newState: {…}}
background.js:16 [AI Prompt Queue] [LoadState] State loaded from storage {oldState: {…}, newState: {…}}
background.js:16 [AI Prompt Queue] [LoadState] State loaded from storage {oldState: {…}, newState: {…}}
background.js:16 [AI Prompt Queue] [LoadState] State loaded from storage {oldState: {…}, newState: {…}}
background.js:16 [AI Prompt Queue] [LoadState] State loaded from storage {oldState: {…}, newState: {…}}
background.js:16 [AI Prompt Queue] [LoadState] State loaded from storage {oldState: {…}, newState: {…}}
background.js:16 [AI Prompt Queue] [LoadState] State loaded from storage {oldState: {…}, newState: {…}}
background.js:16 [AI Prompt Queue] [LoadState] State loaded from storage {oldState: {…}, newState: {…}}
background.js:16 [AI Prompt Queue] [LoadState] State loaded from storage {oldState: {…}, newState: {…}}
background.js:16 [AI Prompt Queue] [LoadState] State loaded from storage {oldState: {…}, newState: {…}}
background.js:16 [AI Prompt Queue] [LoadState] State loaded from storage {oldState: {…}, newState: {…}}
background.js:16 [AI Prompt Queue] [LoadState] State loaded from storage {oldState: {…}, newState: {…}}
background.js:16 [AI Prompt Queue] [LoadState] State loaded from storage {oldState: {…}, newState: {…}}
background.js:16 [AI Prompt Queue] [LoadState] State loaded from storage {oldState: {…}, newState: {…}}
background.js:16 [AI Prompt Queue] [LoadState] State loaded from storage {oldState: {…}, newState: {…}}
background.js:16 [AI Prompt Queue] [LoadState] State loaded from storage {oldState: {…}, newState: {…}}
background.js:16 [AI Prompt Queue] [LoadState] State loaded from storage {oldState: {…}, newState: {…}}
background.js:16 [AI Prompt Queue] [LoadState] State loaded from storage {oldState: {…}, newState: {…}}
background.js:16 [AI Prompt Queue] [LoadState] State loaded from storage {oldState: {…}, newState: {…}}
background.js:16 [AI Prompt Queue] [LoadState] State loaded from storage {oldState: {…}, newState: {…}}
background.js:16 [AI Prompt Queue] [LoadState] State loaded from storage {oldState: {…}, newState: {…}}
background.js:16 [AI Prompt Queue] [LoadState] State loaded from storage {oldState: {…}, newState: {…}}
background.js:16 [AI Prompt Queue] [LoadState] State loaded from storage {oldState: {…}, newState: {…}}
background.js:16 [AI Prompt Queue] [LoadState] State loaded from storage {oldState: {…}, newState: {…}}
background.js:16 [AI Prompt Queue] [LoadState] State loaded from storage {oldState: {…}, newState: {…}}
background.js:16 [AI Prompt Queue] [LoadState] State loaded from storage {oldState: {…}, newState: {…}}
background.js:16 [AI Prompt Queue] [LoadState] State loaded from storage {oldState: {…}, newState: {…}}
background.js:16 [AI Prompt Queue] [LoadState] State loaded from storage {oldState: {…}, newState: {…}}
background.js:16 [AI Prompt Queue] [LoadState] State loaded from storage {oldState: {…}, newState: {…}}
background.js:16 [AI Prompt Queue] [Health] Tick {running: true, processing: false, promptStartTime: 0, timeSinceActivity: 139694, timeSinceLastRecovery: 1774040811806, …}
background.js:16 [AI Prompt Queue] [LoadState] State loaded from storage {oldState: {…}, newState: {…}}
background.js:16 [AI Prompt Queue] [LoadState] State loaded from storage {oldState: {…}, newState: {…}}
background.js:16 [AI Prompt Queue] [LoadState] State loaded from storage {oldState: {…}, newState: {…}}
background.js:16 [AI Prompt Queue] [LoadState] State loaded from storage {oldState: {…}, newState: {…}}
background.js:16 [AI Prompt Queue] [LoadState] State loaded from storage {oldState: {…}, newState: {…}}
background.js:16 [AI Prompt Queue] [LoadState] State loaded from storage {oldState: {…}, newState: {…}}
background.js:16 [AI Prompt Queue] [LoadState] State loaded from storage {oldState: {…}, newState: {…}}
background.js:16 [AI Prompt Queue] [LoadState] State loaded from storage {oldState: {…}, newState: {…}}
background.js:16 [AI Prompt Queue] [LoadState] State loaded from storage {oldState: {…}, newState: {…}}
background.js:16 [AI Prompt Queue] [LoadState] State loaded from storage {oldState: {…}, newState: {…}}
background.js:16 [AI Prompt Queue] [LoadState] State loaded from storage {oldState: {…}, newState: {…}}
background.js:16 [AI Prompt Queue] [LoadState] State loaded from storage {oldState: {…}, newState: {…}}
background.js:16 [AI Prompt Queue] [LoadState] State loaded from storage {oldState: {…}, newState: {…}}
background.js:16 [AI Prompt Queue] [LoadState] State loaded from storage {oldState: {…}, newState: {…}}
background.js:16 [AI Prompt Queue] [LoadState] State loaded from storage {oldState: {…}, newState: {…}}
background.js:16 [AI Prompt Queue] [LoadState] State loaded from storage {oldState: {…}, newState: {…}}
background.js:16 [AI Prompt Queue] [LoadState] State loaded from storage {oldState: {…}, newState: {…}}
background.js:16 [AI Prompt Queue] [LoadState] State loaded from storage {oldState: {…}, newState: {…}}
background.js:16 [AI Prompt Queue] [LoadState] State loaded from storage {oldState: {…}, newState: {…}}
background.js:16 [AI Prompt Queue] [LoadState] State loaded from storage {oldState: {…}, newState: {…}}
background.js:16 [AI Prompt Queue] [LoadState] State loaded from storage {oldState: {…}, newState: {…}}
background.js:16 [AI Prompt Queue] [LoadState] State loaded from storage {oldState: {…}, newState: {…}}
background.js:16 [AI Prompt Queue] [LoadState] State loaded from storage {oldState: {…}, newState: {…}}
background.js:16 [AI Prompt Queue] [LoadState] State loaded from storage {oldState: {…}, newState: {…}}
background.js:16 [AI Prompt Queue] [LoadState] State loaded from storage {oldState: {…}, newState: {…}}
background.js:16 [AI Prompt Queue] [LoadState] State loaded from storage {oldState: {…}, newState: {…}}
background.js:16 [AI Prompt Queue] [LoadState] State loaded from storage {oldState: {…}, newState: {…}}
background.js:16 [AI Prompt Queue] [LoadState] State loaded from storage {oldState: {…}, newState: {…}}
background.js:16 [AI Prompt Queue] [LoadState] State loaded from storage {oldState: {…}, newState: {…}}
background.js:16 [AI Prompt Queue] [LoadState] State loaded from storage {oldState: {…}, newState: {…}}
background.js:16 [AI Prompt Queue] [LoadState] State loaded from storage {oldState: {…}, newState: {…}}
background.js:16 [AI Prompt Queue] [LoadState] State loaded from storage {oldState: {…}, newState: {…}}
background.js:16 [AI Prompt Queue] [LoadState] State loaded from storage {oldState: {…}, newState: {…}}
background.js:16 [AI Prompt Queue] [LoadState] State loaded from storage {oldState: {…}, newState: {…}}
background.js:16 [AI Prompt Queue] [LoadState] State loaded from storage {oldState: {…}, newState: {…}}
background.js:16 [AI Prompt Queue] [LoadState] State loaded from storage {oldState: {…}, newState: {…}}
background.js:16 [AI Prompt Queue] [LoadState] State loaded from storage {oldState: {…}, newState: {…}}
background.js:16 [AI Prompt Queue] [LoadState] State loaded from storage {oldState: {…}, newState: {…}}
background.js:16 [AI Prompt Queue] [LoadState] State loaded from storage {oldState: {…}, newState: {…}}
background.js:16 [AI Prompt Queue] [LoadState] State loaded from storage {oldState: {…}, newState: {…}}
background.js:16 [AI Prompt Queue] [LoadState] State loaded from storage {oldState: {…}, newState: {…}}
background.js:16 [AI Prompt Queue] [LoadState] State loaded from storage {oldState: {…}, newState: {…}}
background.js:16 [AI Prompt Queue] [LoadState] State loaded from storage {oldState: {…}, newState: {…}}
background.js:16 [AI Prompt Queue] [LoadState] State loaded from storage {oldState: {…}, newState: {…}}
background.js:16 [AI Prompt Queue] [LoadState] State loaded from storage {oldState: {…}, newState: {…}}
background.js:16 [AI Prompt Queue] [Health] Tick {running: true, processing: false, promptStartTime: 0, timeSinceActivity: 144697, timeSinceLastRecovery: 1774040816809, …}
background.js:16 [AI Prompt Queue] [LoadState] State loaded from storage {oldState: {…}, newState: {…}}
background.js:16 [AI Prompt Queue] [LoadState] State loaded from storage {oldState: {…}, newState: {…}}
background.js:16 [AI Prompt Queue] [LoadState] State loaded from storage {oldState: {…}, newState: {…}}
background.js:16 [AI Prompt Queue] [LoadState] State loaded from storage {oldState: {…}, newState: {…}}
background.js:16 [AI Prompt Queue] [LoadState] State loaded from storage {oldState: {…}, newState: {…}}
background.js:16 [AI Prompt Queue] [LoadState] State loaded from storage {oldState: {…}, newState: {…}}
background.js:16 [AI Prompt Queue] [LoadState] State loaded from storage {oldState: {…}, newState: {…}}
background.js:16 [AI Prompt Queue] [LoadState] State loaded from storage {oldState: {…}, newState: {…}}
background.js:16 [AI Prompt Queue] [LoadState] State loaded from storage {oldState: {…}, newState: {…}}
background.js:16 [AI Prompt Queue] [LoadState] State loaded from storage {oldState: {…}, newState: {…}}
background.js:16 [AI Prompt Queue] [LoadState] State loaded from storage {oldState: {…}, newState: {…}}
background.js:16 [AI Prompt Queue] [LoadState] State loaded from storage {oldState: {…}, newState: {…}}
background.js:16 [AI Prompt Queue] [LoadState] State loaded from storage {oldState: {…}, newState: {…}}
background.js:16 [AI Prompt Queue] [LoadState] State loaded from storage {oldState: {…}, newState: {…}}
background.js:16 [AI Prompt Queue] [LoadState] State loaded from storage {oldState: {…}, newState: {…}}
background.js:16 [AI Prompt Queue] [LoadState] State loaded from storage {oldState: {…}, newState: {…}}
background.js:16 [AI Prompt Queue] [LoadState] State loaded from storage {oldState: {…}, newState: {…}}
background.js:16 [AI Prompt Queue] [LoadState] State loaded from storage {oldState: {…}, newState: {…}}
background.js:16 [AI Prompt Queue] [LoadState] State loaded from storage {oldState: {…}, newState: {…}}
background.js:16 [AI Prompt Queue] [LoadState] State loaded from storage {oldState: {…}, newState: {…}}
background.js:16 [AI Prompt Queue] [LoadState] State loaded from storage {oldState: {…}, newState: {…}}
background.js:16 [AI Prompt Queue] [LoadState] State loaded from storage {oldState: {…}, newState: {…}}
background.js:16 [AI Prompt Queue] [LoadState] State loaded from storage {oldState: {…}, newState: {…}}
background.js:16 [AI Prompt Queue] [LoadState] State loaded from storage {oldState: {…}, newState: {…}}
background.js:16 [AI Prompt Queue] [LoadState] State loaded from storage {oldState: {…}, newState: {…}}
background.js:16 [AI Prompt Queue] [LoadState] State loaded from storage {oldState: {…}, newState: {…}}
background.js:16 [AI Prompt Queue] [LoadState] State loaded from storage {oldState: {…}, newState: {…}}
background.js:16 [AI Prompt Queue] [LoadState] State loaded from storage {oldState: {…}, newState: {…}}
background.js:16 [AI Prompt Queue] [LoadState] State loaded from storage {oldState: {…}, newState: {…}}
background.js:16 [AI Prompt Queue] [LoadState] State loaded from storage {oldState: {…}, newState: {…}}
background.js:16 [AI Prompt Queue] [LoadState] State loaded from storage {oldState: {…}, newState: {…}}
background.js:16 [AI Prompt Queue] [LoadState] State loaded from storage {oldState: {…}, newState: {…}}
background.js:16 [AI Prompt Queue] [LoadState] State loaded from storage {oldState: {…}, newState: {…}}
background.js:16 [AI Prompt Queue] [LoadState] State loaded from storage {oldState: {…}, newState: {…}}
background.js:16 [AI Prompt Queue] [LoadState] State loaded from storage {oldState: {…}, newState: {…}}
background.js:16 [AI Prompt Queue] [LoadState] State loaded from storage {oldState: {…}, newState: {…}}
background.js:16 [AI Prompt Queue] [LoadState] State loaded from storage {oldState: {…}, newState: {…}}
background.js:16 [AI Prompt Queue] [LoadState] State loaded from storage {oldState: {…}, newState: {…}}
background.js:16 [AI Prompt Queue] [LoadState] State loaded from storage {oldState: {…}, newState: {…}}
background.js:16 [AI Prompt Queue] [LoadState] State loaded from storage {oldState: {…}, newState: {…}}
background.js:16 [AI Prompt Queue] [LoadState] State loaded from storage {oldState: {…}, newState: {…}}
background.js:16 [AI Prompt Queue] [LoadState] State loaded from storage {oldState: {…}, newState: {…}}
background.js:16 [AI Prompt Queue] [LoadState] State loaded from storage {oldState: {…}, newState: {…}}
background.js:16 [AI Prompt Queue] [LoadState] State loaded from storage {oldState: {…}, newState: {…}}
background.js:16 [AI Prompt Queue] [LoadState] State loaded from storage {oldState: {…}, newState: {…}}
background.js:16 [AI Prompt Queue] [LoadState] State loaded from storage {oldState: {…}, newState: {…}}
background.js:16 [AI Prompt Queue] [LoadState] State loaded from storage {oldState: {…}, newState: {…}}
background.js:16 [AI Prompt Queue] [Health] Tick {running: true, processing: false, promptStartTime: 0, timeSinceActivity: 149696, timeSinceLastRecovery: 1774040821808, …}
background.js:16 [AI Prompt Queue] [LoadState] State loaded from storage {oldState: {…}, newState: {…}}
background.js:16 [AI Prompt Queue] [LoadState] State loaded from storage {oldState: {…}, newState: {…}}
background.js:16 [AI Prompt Queue] [LoadState] State loaded from storage {oldState: {…}, newState: {…}}
background.js:16 [AI Prompt Queue] [LoadState] State loaded from storage {oldState: {…}, newState: {…}}
background.js:16 [AI Prompt Queue] [LoadState] State loaded from storage {oldState: {…}, newState: {…}}
background.js:16 [AI Prompt Queue] [LoadState] State loaded from storage {oldState: {…}, newState: {…}}
background.js:16 [AI Prompt Queue] [LoadState] State loaded from storage {oldState: {…}, newState: {…}}
background.js:16 [AI Prompt Queue] [LoadState] State loaded from storage {oldState: {…}, newState: {…}}
background.js:16 [AI Prompt Queue] [LoadState] State loaded from storage {oldState: {…}, newState: {…}}
background.js:16 [AI Prompt Queue] [LoadState] State loaded from storage {oldState: {…}, newState: {…}}
background.js:16 [AI Prompt Queue] [LoadState] State loaded from storage {oldState: {…}, newState: {…}}
background.js:16 [AI Prompt Queue] [LoadState] State loaded from storage {oldState: {…}, newState: {…}}
background.js:16 [AI Prompt Queue] [LoadState] State loaded from storage {oldState: {…}, newState: {…}}
background.js:16 [AI Prompt Queue] [LoadState] State loaded from storage {oldState: {…}, newState: {…}}
background.js:16 [AI Prompt Queue] [LoadState] State loaded from storage {oldState: {…}, newState: {…}}
background.js:16 [AI Prompt Queue] [LoadState] State loaded from storage {oldState: {…}, newState: {…}}
background.js:16 [AI Prompt Queue] [LoadState] State loaded from storage {oldState: {…}, newState: {…}}
background.js:16 [AI Prompt Queue] [LoadState] State loaded from storage {oldState: {…}, newState: {…}}
background.js:16 [AI Prompt Queue] [LoadState] State loaded from storage {oldState: {…}, newState: {…}}
background.js:16 [AI Prompt Queue] [LoadState] State loaded from storage {oldState: {…}, newState: {…}}
background.js:16 [AI Prompt Queue] [LoadState] State loaded from storage {oldState: {…}, newState: {…}}
background.js:16 [AI Prompt Queue] [LoadState] State loaded from storage {oldState: {…}, newState: {…}}
background.js:16 [AI Prompt Queue] [LoadState] State loaded from storage {oldState: {…}, newState: {…}}
background.js:16 [AI Prompt Queue] [LoadState] State loaded from storage {oldState: {…}, newState: {…}}
background.js:16 [AI Prompt Queue] [LoadState] State loaded from storage {oldState: {…}, newState: {…}}
background.js:16 [AI Prompt Queue] [LoadState] State loaded from storage {oldState: {…}, newState: {…}}
background.js:16 [AI Prompt Queue] [LoadState] State loaded from storage {oldState: {…}, newState: {…}}
background.js:16 [AI Prompt Queue] [LoadState] State loaded from storage {oldState: {…}, newState: {…}}
background.js:16 [AI Prompt Queue] [LoadState] State loaded from storage {oldState: {…}, newState: {…}}
background.js:16 [AI Prompt Queue] [LoadState] State loaded from storage {oldState: {…}, newState: {…}}
background.js:16 [AI Prompt Queue] [LoadState] State loaded from storage {oldState: {…}, newState: {…}}
background.js:16 [AI Prompt Queue] [LoadState] State loaded from storage {oldState: {…}, newState: {…}}
background.js:16 [AI Prompt Queue] [LoadState] State loaded from storage {oldState: {…}, newState: {…}}
background.js:16 [AI Prompt Queue] [LoadState] State loaded from storage {oldState: {…}, newState: {…}}
background.js:16 [AI Prompt Queue] [LoadState] State loaded from storage {oldState: {…}, newState: {…}}
background.js:16 [AI Prompt Queue] [LoadState] State loaded from storage {oldState: {…}, newState: {…}}
background.js:16 [AI Prompt Queue] [LoadState] State loaded from storage {oldState: {…}, newState: {…}}
background.js:16 [AI Prompt Queue] [LoadState] State loaded from storage {oldState: {…}, newState: {…}}
background.js:16 [AI Prompt Queue] [LoadState] State loaded from storage {oldState: {…}, newState: {…}}
background.js:16 [AI Prompt Queue] [LoadState] State loaded from storage {oldState: {…}, newState: {…}}
background.js:16 [AI Prompt Queue] [LoadState] State loaded from storage {oldState: {…}, newState: {…}}
background.js:16 [AI Prompt Queue] [LoadState] State loaded from storage {oldState: {…}, newState: {…}}
background.js:16 [AI Prompt Queue] [LoadState] State loaded from storage {oldState: {…}, newState: {…}}
background.js:16 [AI Prompt Queue] [LoadState] State loaded from storage {oldState: {…}, newState: {…}}
background.js:16 [AI Prompt Queue] [LoadState] State loaded from storage {oldState: {…}, newState: {…}}
background.js:16 [AI Prompt Queue] [LoadState] State loaded from storage {oldState: {…}, newState: {…}}
background.js:16 [AI Prompt Queue] [Health] Tick {running: true, processing: false, promptStartTime: 0, timeSinceActivity: 154696, timeSinceLastRecovery: 1774040826808, …}
background.js:16 [AI Prompt Queue] [LoadState] State loaded from storage {oldState: {…}, newState: {…}}
background.js:16 [AI Prompt Queue] [LoadState] State loaded from storage {oldState: {…}, newState: {…}}
background.js:16 [AI Prompt Queue] [LoadState] State loaded from storage {oldState: {…}, newState: {…}}
background.js:16 [AI Prompt Queue] [LoadState] State loaded from storage {oldState: {…}, newState: {…}}
background.js:16 [AI Prompt Queue] [LoadState] State loaded from storage {oldState: {…}, newState: {…}}
background.js:16 [AI Prompt Queue] [LoadState] State loaded from storage {oldState: {…}, newState: {…}}
background.js:16 [AI Prompt Queue] [LoadState] State loaded from storage {oldState: {…}, newState: {…}}
background.js:16 [AI Prompt Queue] [LoadState] State loaded from storage {oldState: {…}, newState: {…}}
background.js:16 [AI Prompt Queue] [LoadState] State loaded from storage {oldState: {…}, newState: {…}}
background.js:16 [AI Prompt Queue] [LoadState] State loaded from storage {oldState: {…}, newState: {…}}
background.js:16 [AI Prompt Queue] [LoadState] State loaded from storage {oldState: {…}, newState: {…}}
background.js:16 [AI Prompt Queue] [LoadState] State loaded from storage {oldState: {…}, newState: {…}}
background.js:16 [AI Prompt Queue] [LoadState] State loaded from storage {oldState: {…}, newState: {…}}
background.js:16 [AI Prompt Queue] [LoadState] State loaded from storage {oldState: {…}, newState: {…}}
background.js:16 [AI Prompt Queue] [LoadState] State loaded from storage {oldState: {…}, newState: {…}}
background.js:16 [AI Prompt Queue] [LoadState] State loaded from storage {oldState: {…}, newState: {…}}
background.js:16 [AI Prompt Queue] [LoadState] State loaded from storage {oldState: {…}, newState: {…}}
background.js:16 [AI Prompt Queue] [LoadState] State loaded from storage {oldState: {…}, newState: {…}}
background.js:16 [AI Prompt Queue] [LoadState] State loaded from storage {oldState: {…}, newState: {…}}
background.js:16 [AI Prompt Queue] [LoadState] State loaded from storage {oldState: {…}, newState: {…}}
background.js:16 [AI Prompt Queue] [LoadState] State loaded from storage {oldState: {…}, newState: {…}}
background.js:16 [AI Prompt Queue] [LoadState] State loaded from storage {oldState: {…}, newState: {…}}
background.js:16 [AI Prompt Queue] [LoadState] State loaded from storage {oldState: {…}, newState: {…}}
background.js:16 [AI Prompt Queue] [LoadState] State loaded from storage {oldState: {…}, newState: {…}}
background.js:16 [AI Prompt Queue] [LoadState] State loaded from storage {oldState: {…}, newState: {…}}
background.js:16 [AI Prompt Queue] [LoadState] State loaded from storage {oldState: {…}, newState: {…}}
background.js:16 [AI Prompt Queue] [LoadState] State loaded from storage {oldState: {…}, newState: {…}}
background.js:16 [AI Prompt Queue] [LoadState] State loaded from storage {oldState: {…}, newState: {…}}
background.js:16 [AI Prompt Queue] [LoadState] State loaded from storage {oldState: {…}, newState: {…}}
background.js:16 [AI Prompt Queue] [LoadState] State loaded from storage {oldState: {…}, newState: {…}}
background.js:16 [AI Prompt Queue] [LoadState] State loaded from storage {oldState: {…}, newState: {…}}
background.js:16 [AI Prompt Queue] [LoadState] State loaded from storage {oldState: {…}, newState: {…}}
background.js:16 [AI Prompt Queue] [LoadState] State loaded from storage {oldState: {…}, newState: {…}}
background.js:16 [AI Prompt Queue] [LoadState] State loaded from storage {oldState: {…}, newState: {…}}
background.js:16 [AI Prompt Queue] [LoadState] State loaded from storage {oldState: {…}, newState: {…}}
background.js:16 [AI Prompt Queue] [LoadState] State loaded from storage {oldState: {…}, newState: {…}}
background.js:16 [AI Prompt Queue] [LoadState] State loaded from storage {oldState: {…}, newState: {…}}
background.js:16 [AI Prompt Queue] [LoadState] State loaded from storage {oldState: {…}, newState: {…}}
background.js:16 [AI Prompt Queue] [LoadState] State loaded from storage {oldState: {…}, newState: {…}}
background.js:16 [AI Prompt Queue] [LoadState] State loaded from storage {oldState: {…}, newState: {…}}
background.js:16 [AI Prompt Queue] [LoadState] State loaded from storage {oldState: {…}, newState: {…}}
background.js:16 [AI Prompt Queue] [LoadState] State loaded from storage {oldState: {…}, newState: {…}}
background.js:16 [AI Prompt Queue] [LoadState] State loaded from storage {oldState: {…}, newState: {…}}
background.js:16 [AI Prompt Queue] [LoadState] State loaded from storage {oldState: {…}, newState: {…}}
background.js:16 [AI Prompt Queue] [LoadState] State loaded from storage {oldState: {…}, newState: {…}}
background.js:16 [AI Prompt Queue] [Health] Tick {running: true, processing: false, promptStartTime: 0, timeSinceActivity: 159684, timeSinceLastRecovery: 1774040831796, …}
background.js:16 [AI Prompt Queue] [LoadState] State loaded from storage {oldState: {…}, newState: {…}}
background.js:16 [AI Prompt Queue] [LoadState] State loaded from storage {oldState: {…}, newState: {…}}
background.js:16 [AI Prompt Queue] [LoadState] State loaded from storage {oldState: {…}, newState: {…}}
background.js:16 [AI Prompt Queue] [LoadState] State loaded from storage {oldState: {…}, newState: {…}}
background.js:16 [AI Prompt Queue] [LoadState] State loaded from storage {oldState: {…}, newState: {…}}
background.js:16 [AI Prompt Queue] [LoadState] State loaded from storage {oldState: {…}, newState: {…}}
background.js:16 [AI Prompt Queue] [LoadState] State loaded from storage {oldState: {…}, newState: {…}}
background.js:16 [AI Prompt Queue] [LoadState] State loaded from storage {oldState: {…}, newState: {…}}
background.js:16 [AI Prompt Queue] [LoadState] State loaded from storage {oldState: {…}, newState: {…}}
background.js:16 [AI Prompt Queue] [LoadState] State loaded from storage {oldState: {…}, newState: {…}}
background.js:16 [AI Prompt Queue] [LoadState] State loaded from storage {oldState: {…}, newState: {…}}
background.js:16 [AI Prompt Queue] [LoadState] State loaded from storage {oldState: {…}, newState: {…}}
background.js:16 [AI Prompt Queue] [LoadState] State loaded from storage {oldState: {…}, newState: {…}}
background.js:16 [AI Prompt Queue] [LoadState] State loaded from storage {oldState: {…}, newState: {…}}
background.js:16 [AI Prompt Queue] [LoadState] State loaded from storage {oldState: {…}, newState: {…}}
background.js:16 [AI Prompt Queue] [LoadState] State loaded from storage {oldState: {…}, newState: {…}}
background.js:16 [AI Prompt Queue] [LoadState] State loaded from storage {oldState: {…}, newState: {…}}
background.js:16 [AI Prompt Queue] [LoadState] State loaded from storage {oldState: {…}, newState: {…}}
background.js:16 [AI Prompt Queue] [LoadState] State loaded from storage {oldState: {…}, newState: {…}}
background.js:16 [AI Prompt Queue] [LoadState] State loaded from storage {oldState: {…}, newState: {…}}
background.js:16 [AI Prompt Queue] [LoadState] State loaded from storage {oldState: {…}, newState: {…}}
background.js:16 [AI Prompt Queue] [LoadState] State loaded from storage {oldState: {…}, newState: {…}}
background.js:16 [AI Prompt Queue] [LoadState] State loaded from storage {oldState: {…}, newState: {…}}
background.js:16 [AI Prompt Queue] [LoadState] State loaded from storage {oldState: {…}, newState: {…}}
background.js:16 [AI Prompt Queue] [LoadState] State loaded from storage {oldState: {…}, newState: {…}}
background.js:16 [AI Prompt Queue] [LoadState] State loaded from storage {oldState: {…}, newState: {…}}
background.js:16 [AI Prompt Queue] [LoadState] State loaded from storage {oldState: {…}, newState: {…}}
background.js:16 [AI Prompt Queue] [LoadState] State loaded from storage {oldState: {…}, newState: {…}}
background.js:16 [AI Prompt Queue] [LoadState] State loaded from storage {oldState: {…}, newState: {…}}
background.js:16 [AI Prompt Queue] [LoadState] State loaded from storage {oldState: {…}, newState: {…}}
background.js:16 [AI Prompt Queue] [LoadState] State loaded from storage {oldState: {…}, newState: {…}}
background.js:16 [AI Prompt Queue] [LoadState] State loaded from storage {oldState: {…}, newState: {…}}
background.js:16 [AI Prompt Queue] [LoadState] State loaded from storage {oldState: {…}, newState: {…}}
background.js:16 [AI Prompt Queue] [LoadState] State loaded from storage {oldState: {…}, newState: {…}}
background.js:16 [AI Prompt Queue] [LoadState] State loaded from storage {oldState: {…}, newState: {…}}
background.js:16 [AI Prompt Queue] [LoadState] State loaded from storage {oldState: {…}, newState: {…}}
background.js:16 [AI Prompt Queue] [LoadState] State loaded from storage {oldState: {…}, newState: {…}}
background.js:16 [AI Prompt Queue] [LoadState] State loaded from storage {oldState: {…}, newState: {…}}
background.js:16 [AI Prompt Queue] [LoadState] State loaded from storage {oldState: {…}, newState: {…}}
background.js:16 [AI Prompt Queue] [LoadState] State loaded from storage {oldState: {…}, newState: {…}}
background.js:16 [AI Prompt Queue] [LoadState] State loaded from storage {oldState: {…}, newState: {…}}
background.js:16 [AI Prompt Queue] [LoadState] State loaded from storage {oldState: {…}, newState: {…}}
background.js:16 [AI Prompt Queue] [LoadState] State loaded from storage {oldState: {…}, newState: {…}}
background.js:16 [AI Prompt Queue] [LoadState] State loaded from storage {oldState: {…}, newState: {…}}
background.js:16 [AI Prompt Queue] [Health] Tick {running: true, processing: false, promptStartTime: 0, timeSinceActivity: 164697, timeSinceLastRecovery: 1774040836809, …}
background.js:16 [AI Prompt Queue] [LoadState] State loaded from storage {oldState: {…}, newState: {…}}
background.js:16 [AI Prompt Queue] [LoadState] State loaded from storage {oldState: {…}, newState: {…}}
background.js:16 [AI Prompt Queue] [LoadState] State loaded from storage {oldState: {…}, newState: {…}}
background.js:16 [AI Prompt Queue] [LoadState] State loaded from storage {oldState: {…}, newState: {…}}
background.js:16 [AI Prompt Queue] [LoadState] State loaded from storage {oldState: {…}, newState: {…}}
background.js:16 [AI Prompt Queue] [LoadState] State loaded from storage {oldState: {…}, newState: {…}}
background.js:16 [AI Prompt Queue] [LoadState] State loaded from storage {oldState: {…}, newState: {…}}
background.js:16 [AI Prompt Queue] [LoadState] State loaded from storage {oldState: {…}, newState: {…}}
background.js:16 [AI Prompt Queue] [LoadState] State loaded from storage {oldState: {…}, newState: {…}}
background.js:16 [AI Prompt Queue] [LoadState] State loaded from storage {oldState: {…}, newState: {…}}
background.js:16 [AI Prompt Queue] [LoadState] State loaded from storage {oldState: {…}, newState: {…}}
background.js:16 [AI Prompt Queue] [LoadState] State loaded from storage {oldState: {…}, newState: {…}}
background.js:16 [AI Prompt Queue] [LoadState] State loaded from storage {oldState: {…}, newState: {…}}
background.js:16 [AI Prompt Queue] [LoadState] State loaded from storage {oldState: {…}, newState: {…}}
background.js:16 [AI Prompt Queue] [LoadState] State loaded from storage {oldState: {…}, newState: {…}}
background.js:16 [AI Prompt Queue] [LoadState] State loaded from storage {oldState: {…}, newState: {…}}
background.js:16 [AI Prompt Queue] [LoadState] State loaded from storage {oldState: {…}, newState: {…}}
background.js:16 [AI Prompt Queue] [LoadState] State loaded from storage {oldState: {…}, newState: {…}}
background.js:16 [AI Prompt Queue] [LoadState] State loaded from storage {oldState: {…}, newState: {…}}
background.js:16 [AI Prompt Queue] [LoadState] State loaded from storage {oldState: {…}, newState: {…}}
background.js:16 [AI Prompt Queue] [LoadState] State loaded from storage {oldState: {…}, newState: {…}}
background.js:16 [AI Prompt Queue] [LoadState] State loaded from storage {oldState: {…}, newState: {…}}
background.js:16 [AI Prompt Queue] [LoadState] State loaded from storage {oldState: {…}, newState: {…}}
background.js:16 [AI Prompt Queue] [LoadState] State loaded from storage {oldState: {…}, newState: {…}}
background.js:16 [AI Prompt Queue] [LoadState] State loaded from storage {oldState: {…}, newState: {…}}
background.js:16 [AI Prompt Queue] [LoadState] State loaded from storage {oldState: {…}, newState: {…}}
background.js:16 [AI Prompt Queue] [LoadState] State loaded from storage {oldState: {…}, newState: {…}}
background.js:16 [AI Prompt Queue] [LoadState] State loaded from storage {oldState: {…}, newState: {…}}
background.js:16 [AI Prompt Queue] [LoadState] State loaded from storage {oldState: {…}, newState: {…}}
background.js:16 [AI Prompt Queue] [LoadState] State loaded from storage {oldState: {…}, newState: {…}}
background.js:16 [AI Prompt Queue] [LoadState] State loaded from storage {oldState: {…}, newState: {…}}
background.js:16 [AI Prompt Queue] [LoadState] State loaded from storage {oldState: {…}, newState: {…}}
background.js:16 [AI Prompt Queue] [LoadState] State loaded from storage {oldState: {…}, newState: {…}}
background.js:16 [AI Prompt Queue] [LoadState] State loaded from storage {oldState: {…}, newState: {…}}
background.js:16 [AI Prompt Queue] [LoadState] State loaded from storage {oldState: {…}, newState: {…}}
background.js:16 [AI Prompt Queue] [LoadState] State loaded from storage {oldState: {…}, newState: {…}}
background.js:16 [AI Prompt Queue] [LoadState] State loaded from storage {oldState: {…}, newState: {…}}
background.js:16 [AI Prompt Queue] [LoadState] State loaded from storage {oldState: {…}, newState: {…}}
background.js:16 [AI Prompt Queue] [LoadState] State loaded from storage {oldState: {…}, newState: {…}}
background.js:16 [AI Prompt Queue] [LoadState] State loaded from storage {oldState: {…}, newState: {…}}
background.js:16 [AI Prompt Queue] [LoadState] State loaded from storage {oldState: {…}, newState: {…}}
background.js:16 [AI Prompt Queue] [ResponseComplete] Received {messagePromptId: 'parallel_1774040652988_5_0_ieuaot', statePromptId: null, running: true, mode: 'parallel', processing: false, …}
background.js:16 [AI Prompt Queue] [LoadState] State loaded from storage {oldState: {…}, newState: {…}}
background.js:16 [AI Prompt Queue] [LoadState] State loaded from storage {oldState: {…}, newState: {…}}
background.js:16 [AI Prompt Queue] [LoadState] State loaded from storage {oldState: {…}, newState: {…}}
background.js:16 [AI Prompt Queue] [Health] Tick {running: true, processing: false, promptStartTime: 0, timeSinceActivity: 169687, timeSinceLastRecovery: 1774040841799, …}
background.js:16 [AI Prompt Queue] [LoadState] State loaded from storage {oldState: {…}, newState: {…}}
background.js:16 [AI Prompt Queue] [LoadState] State loaded from storage {oldState: {…}, newState: {…}}
background.js:16 [AI Prompt Queue] [LoadState] State loaded from storage {oldState: {…}, newState: {…}}
background.js:16 [AI Prompt Queue] [LoadState] State loaded from storage {oldState: {…}, newState: {…}}
background.js:16 [AI Prompt Queue] [LoadState] State loaded from storage {oldState: {…}, newState: {…}}
background.js:16 [AI Prompt Queue] [LoadState] State loaded from storage {oldState: {…}, newState: {…}}
background.js:16 [AI Prompt Queue] [LoadState] State loaded from storage {oldState: {…}, newState: {…}}
background.js:16 [AI Prompt Queue] [LoadState] State loaded from storage {oldState: {…}, newState: {…}}
background.js:16 [AI Prompt Queue] [LoadState] State loaded from storage {oldState: {…}, newState: {…}}
background.js:16 [AI Prompt Queue] [LoadState] State loaded from storage {oldState: {…}, newState: {…}}
background.js:16 [AI Prompt Queue] [LoadState] State loaded from storage {oldState: {…}, newState: {…}}
background.js:16 [AI Prompt Queue] [LoadState] State loaded from storage {oldState: {…}, newState: {…}}
background.js:16 [AI Prompt Queue] [LoadState] State loaded from storage {oldState: {…}, newState: {…}}
background.js:16 [AI Prompt Queue] [LoadState] State loaded from storage {oldState: {…}, newState: {…}}
background.js:16 [AI Prompt Queue] [LoadState] State loaded from storage {oldState: {…}, newState: {…}}
background.js:16 [AI Prompt Queue] [LoadState] State loaded from storage {oldState: {…}, newState: {…}}
background.js:16 [AI Prompt Queue] [LoadState] State loaded from storage {oldState: {…}, newState: {…}}
background.js:16 [AI Prompt Queue] [LoadState] State loaded from storage {oldState: {…}, newState: {…}}
background.js:16 [AI Prompt Queue] [LoadState] State loaded from storage {oldState: {…}, newState: {…}}
background.js:16 [AI Prompt Queue] [LoadState] State loaded from storage {oldState: {…}, newState: {…}}
background.js:16 [AI Prompt Queue] [LoadState] State loaded from storage {oldState: {…}, newState: {…}}
background.js:16 [AI Prompt Queue] [LoadState] State loaded from storage {oldState: {…}, newState: {…}}
background.js:16 [AI Prompt Queue] [LoadState] State loaded from storage {oldState: {…}, newState: {…}}
background.js:16 [AI Prompt Queue] [LoadState] State loaded from storage {oldState: {…}, newState: {…}}
background.js:16 [AI Prompt Queue] [LoadState] State loaded from storage {oldState: {…}, newState: {…}}
background.js:16 [AI Prompt Queue] [LoadState] State loaded from storage {oldState: {…}, newState: {…}}
background.js:16 [AI Prompt Queue] [LoadState] State loaded from storage {oldState: {…}, newState: {…}}
background.js:16 [AI Prompt Queue] [LoadState] State loaded from storage {oldState: {…}, newState: {…}}
background.js:16 [AI Prompt Queue] [LoadState] State loaded from storage {oldState: {…}, newState: {…}}
background.js:16 [AI Prompt Queue] [LoadState] State loaded from storage {oldState: {…}, newState: {…}}
background.js:16 [AI Prompt Queue] [LoadState] State loaded from storage {oldState: {…}, newState: {…}}
background.js:16 [AI Prompt Queue] [LoadState] State loaded from storage {oldState: {…}, newState: {…}}
background.js:16 [AI Prompt Queue] [LoadState] State loaded from storage {oldState: {…}, newState: {…}}
background.js:16 [AI Prompt Queue] [LoadState] State loaded from storage {oldState: {…}, newState: {…}}
background.js:16 [AI Prompt Queue] [LoadState] State loaded from storage {oldState: {…}, newState: {…}}
background.js:16 [AI Prompt Queue] [LoadState] State loaded from storage {oldState: {…}, newState: {…}}
background.js:16 [AI Prompt Queue] [LoadState] State loaded from storage {oldState: {…}, newState: {…}}
background.js:16 [AI Prompt Queue] [LoadState] State loaded from storage {oldState: {…}, newState: {…}}
background.js:16 [AI Prompt Queue] [LoadState] State loaded from storage {oldState: {…}, newState: {…}}
background.js:16 [AI Prompt Queue] [LoadState] State loaded from storage {oldState: {…}, newState: {…}}
background.js:16 [AI Prompt Queue] [LoadState] State loaded from storage {oldState: {…}, newState: {…}}
background.js:16 [AI Prompt Queue] [LoadState] State loaded from storage {oldState: {…}, newState: {…}}
background.js:16 [AI Prompt Queue] [ResponseComplete] Received {messagePromptId: 'parallel_1774040659481_6_0_o85vzs', statePromptId: null, running: true, mode: 'parallel', processing: false, …}
background.js:16 [AI Prompt Queue] [LoadState] State loaded from storage {oldState: {…}, newState: {…}}
background.js:16 [AI Prompt Queue] [LoadState] State loaded from storage {oldState: {…}, newState: {…}}
background.js:16 [AI Prompt Queue] [LoadState] State loaded from storage {oldState: {…}, newState: {…}}
background.js:16 [AI Prompt Queue] [Health] Tick {running: true, processing: false, promptStartTime: 0, timeSinceActivity: 174692, timeSinceLastRecovery: 1774040846804, …}
background.js:16 [AI Prompt Queue] [LoadState] State loaded from storage {oldState: {…}, newState: {…}}
 [AI Prompt Queue] [LoadState] State loaded from storage {oldState: {…}, newState: {…}}
 [AI Prompt Queue] [LoadState] State loaded from storage {oldState: {…}, newState: {…}}
 [AI Prompt Queue] [LoadState] State loaded from storage {oldState: {…}, newState: {…}}
 [AI Prompt Queue] [LoadState] State loaded from storage {oldState: {…}, newState: {…}}
